[TensorRT-Cookbook] Version: 1.0.0
[09/08/2026-09:06:06] [TRT] [I] [MemUsageChange] Init CUDA: CPU +52, GPU +0, now: CPU 193, GPU 627 (MiB)
[09/08/2026-09:06:06] [TRT] [V] Trying to load shared library libnvinfer_builder_resource_sm100.so.11.0.0
[09/08/2026-09:06:06] [TRT] [V] Loaded shared library libnvinfer_builder_resource_sm100.so.11.0.0
[09/08/2026-09:06:06] [TRT] [V] CUDA lazy loading is enabled.
[09/08/2026-09:06:07] [TRT] [I] ----------------------------------------------------------------
[09/08/2026-09:06:07] [TRT] [I] Input filename:   /work/trt-samples-for-hackathon-cn-wili/cookbook/00-Data/model/model-trained-sparsity.onnx
[09/08/2026-09:06:07] [TRT] [I] ONNX IR version:  0.0.10
[09/08/2026-09:06:07] [TRT] [I] Opset version:    18
[09/08/2026-09:06:07] [TRT] [I] Producer name:    pytorch
[09/08/2026-09:06:07] [TRT] [I] Producer version: 2.11.0a0+a6c236b9fd.nv26.03.46836102
[09/08/2026-09:06:07] [TRT] [I] Domain:
[09/08/2026-09:06:07] [TRT] [I] Model version:    0
[09/08/2026-09:06:07] [TRT] [I] Doc string:
[09/08/2026-09:06:07] [TRT] [I] ----------------------------------------------------------------
[09/08/2026-09:06:07] [TRT] [V] Adding network input: x with dtype: float32, dimensions: (-1, 1, 28, 28)
[09/08/2026-09:06:07] [TRT] [V] Registering tensor: x for ONNX tensor: x
[09/08/2026-09:06:07] [TRT] [V] Importing initializer: conv1.weight
[09/08/2026-09:06:07] [TRT] [V] Importing initializer: conv1.bias
[09/08/2026-09:06:07] [TRT] [V] Importing initializer: conv2.weight
[09/08/2026-09:06:07] [TRT] [V] Importing initializer: conv2.bias
[09/08/2026-09:06:07] [TRT] [V] Importing initializer: gemm1.weight
[09/08/2026-09:06:07] [TRT] [V] Importing initializer: gemm1.bias
[09/08/2026-09:06:07] [TRT] [V] Importing initializer: gemm2.weight
[09/08/2026-09:06:07] [TRT] [V] Importing initializer: gemm2.bias
[09/08/2026-09:06:07] [TRT] [V] Importing initializer: val_5
[09/08/2026-09:06:07] [TRT] [V] Static check for parsing node: node_conv2d [Conv]
[09/08/2026-09:06:07] [TRT] [V] Parsing node: node_conv2d [Conv]
[09/08/2026-09:06:07] [TRT] [V] Searching for input: x
[09/08/2026-09:06:07] [TRT] [V] Searching for input: conv1.weight
[09/08/2026-09:06:07] [TRT] [V] Searching for input: conv1.bias
[09/08/2026-09:06:07] [TRT] [V] node_conv2d [Conv] inputs: [x -> (-1, 1, 28, 28)[FLOAT]], [conv1.weight -> (32, 1, 5, 5)[FLOAT]], [conv1.bias -> (32)[FLOAT]],
[09/08/2026-09:06:07] [TRT] [V] Convolution input dimensions: (-1, 1, 28, 28)
[09/08/2026-09:06:07] [TRT] [V] Registering layer: node_conv2d for ONNX node: node_conv2d
[09/08/2026-09:06:07] [TRT] [V] Using kernel: (5, 5), strides: (1, 1), prepadding: (2, 2), postpadding: (2, 2), dilations: (1, 1), numOutputs: 32, nbGroups: 1
[09/08/2026-09:06:07] [TRT] [V] Convolution output dimensions: (-1, 32, 28, 28)
[09/08/2026-09:06:07] [TRT] [V] Registering tensor: conv2d for ONNX tensor: conv2d
[09/08/2026-09:06:07] [TRT] [V] node_conv2d [Conv] outputs: [conv2d -> (-1, 32, 28, 28)[FLOAT]],
[09/08/2026-09:06:07] [TRT] [V] Static check for parsing node: node_relu [Relu]
[09/08/2026-09:06:07] [TRT] [V] Parsing node: node_relu [Relu]
[09/08/2026-09:06:07] [TRT] [V] Searching for input: conv2d
[09/08/2026-09:06:07] [TRT] [V] node_relu [Relu] inputs: [conv2d -> (-1, 32, 28, 28)[FLOAT]],
[09/08/2026-09:06:07] [TRT] [V] Registering layer: node_relu for ONNX node: node_relu
[09/08/2026-09:06:07] [TRT] [V] Registering tensor: relu for ONNX tensor: relu
[09/08/2026-09:06:07] [TRT] [V] node_relu [Relu] outputs: [relu -> (-1, 32, 28, 28)[FLOAT]],
[09/08/2026-09:06:07] [TRT] [V] Static check for parsing node: node_max_pool2d [MaxPool]
[09/08/2026-09:06:07] [TRT] [V] Parsing node: node_max_pool2d [MaxPool]
[09/08/2026-09:06:07] [TRT] [V] Searching for input: relu
[09/08/2026-09:06:07] [TRT] [V] node_max_pool2d [MaxPool] inputs: [relu -> (-1, 32, 28, 28)[FLOAT]],
[09/08/2026-09:06:07] [TRT] [V] Registering layer: node_max_pool2d for ONNX node: node_max_pool2d
[09/08/2026-09:06:07] [TRT] [V] Registering tensor: max_pool2d for ONNX tensor: max_pool2d
[09/08/2026-09:06:07] [TRT] [V] node_max_pool2d [MaxPool] outputs: [max_pool2d -> (-1, 32, 14, 14)[FLOAT]],
[09/08/2026-09:06:07] [TRT] [V] Static check for parsing node: node_conv2d_1 [Conv]
[09/08/2026-09:06:07] [TRT] [V] Parsing node: node_conv2d_1 [Conv]
[09/08/2026-09:06:07] [TRT] [V] Searching for input: max_pool2d
[09/08/2026-09:06:07] [TRT] [V] Searching for input: conv2.weight
[09/08/2026-09:06:07] [TRT] [V] Searching for input: conv2.bias
[09/08/2026-09:06:07] [TRT] [V] node_conv2d_1 [Conv] inputs: [max_pool2d -> (-1, 32, 14, 14)[FLOAT]], [conv2.weight -> (64, 32, 5, 5)[FLOAT]], [conv2.bias -> (64)[FLOAT]],
[09/08/2026-09:06:07] [TRT] [V] Convolution input dimensions: (-1, 32, 14, 14)
[09/08/2026-09:06:07] [TRT] [V] Registering layer: node_conv2d_1 for ONNX node: node_conv2d_1
[09/08/2026-09:06:07] [TRT] [V] Using kernel: (5, 5), strides: (1, 1), prepadding: (2, 2), postpadding: (2, 2), dilations: (1, 1), numOutputs: 64, nbGroups: 1
[09/08/2026-09:06:07] [TRT] [V] Convolution output dimensions: (-1, 64, 14, 14)
[09/08/2026-09:06:07] [TRT] [V] Registering tensor: conv2d_1 for ONNX tensor: conv2d_1
[09/08/2026-09:06:07] [TRT] [V] node_conv2d_1 [Conv] outputs: [conv2d_1 -> (-1, 64, 14, 14)[FLOAT]],
[09/08/2026-09:06:07] [TRT] [V] Static check for parsing node: node_relu_1 [Relu]
[09/08/2026-09:06:07] [TRT] [V] Parsing node: node_relu_1 [Relu]
[09/08/2026-09:06:07] [TRT] [V] Searching for input: conv2d_1
[09/08/2026-09:06:07] [TRT] [V] node_relu_1 [Relu] inputs: [conv2d_1 -> (-1, 64, 14, 14)[FLOAT]],
[09/08/2026-09:06:07] [TRT] [V] Registering layer: node_relu_1 for ONNX node: node_relu_1
[09/08/2026-09:06:07] [TRT] [V] Registering tensor: relu_1 for ONNX tensor: relu_1
[09/08/2026-09:06:07] [TRT] [V] node_relu_1 [Relu] outputs: [relu_1 -> (-1, 64, 14, 14)[FLOAT]],
[09/08/2026-09:06:07] [TRT] [V] Static check for parsing node: node_max_pool2d_1 [MaxPool]
[09/08/2026-09:06:07] [TRT] [V] Parsing node: node_max_pool2d_1 [MaxPool]
[09/08/2026-09:06:07] [TRT] [V] Searching for input: relu_1
[09/08/2026-09:06:07] [TRT] [V] node_max_pool2d_1 [MaxPool] inputs: [relu_1 -> (-1, 64, 14, 14)[FLOAT]],
[09/08/2026-09:06:07] [TRT] [V] Registering layer: node_max_pool2d_1 for ONNX node: node_max_pool2d_1
[09/08/2026-09:06:07] [TRT] [V] Registering tensor: max_pool2d_1 for ONNX tensor: max_pool2d_1
[09/08/2026-09:06:07] [TRT] [V] node_max_pool2d_1 [MaxPool] outputs: [max_pool2d_1 -> (-1, 64, 7, 7)[FLOAT]],
[09/08/2026-09:06:07] [TRT] [V] Static check for parsing node: node_view [Reshape]
[09/08/2026-09:06:07] [TRT] [V] Parsing node: node_view [Reshape]
[09/08/2026-09:06:07] [TRT] [V] Searching for input: max_pool2d_1
[09/08/2026-09:06:07] [TRT] [V] Searching for input: val_5
[09/08/2026-09:06:07] [TRT] [V] node_view [Reshape] inputs: [max_pool2d_1 -> (-1, 64, 7, 7)[FLOAT]], [val_5 -> (2)[INT64]],
[09/08/2026-09:06:07] [TRT] [V] Registering layer: ONNXTRT_ShapeShuffle required by ONNX-TRT
[09/08/2026-09:06:07] [TRT] [V] Registering layer: node_view for ONNX node: node_view
[09/08/2026-09:06:07] [TRT] [V] Registering tensor: view for ONNX tensor: view
[09/08/2026-09:06:07] [TRT] [V] node_view [Reshape] outputs: [view -> (-1, 3136)[FLOAT]],
[09/08/2026-09:06:07] [TRT] [V] Static check for parsing node: node_linear [Gemm]
[09/08/2026-09:06:07] [TRT] [V] Parsing node: node_linear [Gemm]
[09/08/2026-09:06:07] [TRT] [V] Searching for input: view
[09/08/2026-09:06:07] [TRT] [V] Searching for input: gemm1.weight
[09/08/2026-09:06:07] [TRT] [V] Searching for input: gemm1.bias
[09/08/2026-09:06:07] [TRT] [V] node_linear [Gemm] inputs: [view -> (-1, 3136)[FLOAT]], [gemm1.weight -> (1024, 3136)[FLOAT]], [gemm1.bias -> (1024)[FLOAT]],
[09/08/2026-09:06:07] [TRT] [V] Registering layer: gemm1.weight required by ONNX-TRT
[09/08/2026-09:06:07] [TRT] [V] Using opA: 0 opB: 1
[09/08/2026-09:06:07] [TRT] [V] Registering layer: node_linear for ONNX node: node_linear
[09/08/2026-09:06:07] [TRT] [V] Registering layer: gemm1.bias required by ONNX-TRT
[09/08/2026-09:06:07] [TRT] [V] Registering layer: ONNXTRT_ShapeShuffle_0 required by ONNX-TRT
[09/08/2026-09:06:07] [TRT] [V] Registering layer: ONNXTRT_Broadcast required by ONNX-TRT
[09/08/2026-09:06:07] [TRT] [V] Registering layer: node_linear_1 for ONNX node: node_linear
[09/08/2026-09:06:07] [TRT] [V] Registering tensor: linear for ONNX tensor: linear
[09/08/2026-09:06:07] [TRT] [V] node_linear [Gemm] outputs: [linear -> (-1, 1024)[FLOAT]],
[09/08/2026-09:06:07] [TRT] [V] Static check for parsing node: node_relu_2 [Relu]
[09/08/2026-09:06:07] [TRT] [V] Parsing node: node_relu_2 [Relu]
[09/08/2026-09:06:07] [TRT] [V] Searching for input: linear
[09/08/2026-09:06:07] [TRT] [V] node_relu_2 [Relu] inputs: [linear -> (-1, 1024)[FLOAT]],
[09/08/2026-09:06:07] [TRT] [V] Registering layer: node_relu_2 for ONNX node: node_relu_2
[09/08/2026-09:06:07] [TRT] [V] Registering tensor: relu_2 for ONNX tensor: relu_2
[09/08/2026-09:06:07] [TRT] [V] node_relu_2 [Relu] outputs: [relu_2 -> (-1, 1024)[FLOAT]],
[09/08/2026-09:06:07] [TRT] [V] Static check for parsing node: node_linear_1 [Gemm]
[09/08/2026-09:06:07] [TRT] [V] Parsing node: node_linear_1 [Gemm]
[09/08/2026-09:06:07] [TRT] [V] Searching for input: relu_2
[09/08/2026-09:06:07] [TRT] [V] Searching for input: gemm2.weight
[09/08/2026-09:06:07] [TRT] [V] Searching for input: gemm2.bias
[09/08/2026-09:06:07] [TRT] [V] node_linear_1 [Gemm] inputs: [relu_2 -> (-1, 1024)[FLOAT]], [gemm2.weight -> (10, 1024)[FLOAT]], [gemm2.bias -> (10)[FLOAT]],
[09/08/2026-09:06:07] [TRT] [V] Registering layer: gemm2.weight required by ONNX-TRT
[09/08/2026-09:06:07] [TRT] [V] Using opA: 0 opB: 1
[09/08/2026-09:06:07] [TRT] [V] Registering layer: node_linear_1_2 for ONNX node: node_linear_1
[09/08/2026-09:06:07] [TRT] [V] Registering layer: gemm2.bias required by ONNX-TRT
[09/08/2026-09:06:07] [TRT] [V] Registering layer: ONNXTRT_ShapeShuffle_3 required by ONNX-TRT
[09/08/2026-09:06:07] [TRT] [V] Registering layer: ONNXTRT_Broadcast_4 required by ONNX-TRT
[09/08/2026-09:06:07] [TRT] [V] Registering layer: node_linear_1_5 for ONNX node: node_linear_1
[09/08/2026-09:06:07] [TRT] [V] Registering tensor: y_6 for ONNX tensor: y
[09/08/2026-09:06:07] [TRT] [V] node_linear_1 [Gemm] outputs: [y -> (-1, 10)[FLOAT]],
[09/08/2026-09:06:07] [TRT] [V] Static check for parsing node: node_softmax [Softmax]
[09/08/2026-09:06:07] [TRT] [V] Parsing node: node_softmax [Softmax]
[09/08/2026-09:06:07] [TRT] [V] Searching for input: y
[09/08/2026-09:06:07] [TRT] [V] node_softmax [Softmax] inputs: [y -> (-1, 10)[FLOAT]],
[09/08/2026-09:06:07] [TRT] [V] Registering layer: node_softmax for ONNX node: node_softmax
[09/08/2026-09:06:07] [TRT] [V] Registering layer: ONNXTRT_ShapeTensor required by ONNX-TRT
[09/08/2026-09:06:07] [TRT] [V] Registering layer: ONNXTRT_castHelper required by ONNX-TRT
[09/08/2026-09:06:07] [TRT] [V] Registering layer: ONNXTRT_ShapeShuffle_7 required by ONNX-TRT
[09/08/2026-09:06:07] [TRT] [V] Registering tensor: softmax for ONNX tensor: softmax
[09/08/2026-09:06:07] [TRT] [V] node_softmax [Softmax] outputs: [softmax -> (-1, 10)[FLOAT]],
[09/08/2026-09:06:07] [TRT] [V] Static check for parsing node: node_argmax [ArgMax]
[09/08/2026-09:06:07] [TRT] [V] Parsing node: node_argmax [ArgMax]
[09/08/2026-09:06:07] [TRT] [V] Searching for input: softmax
[09/08/2026-09:06:07] [TRT] [V] node_argmax [ArgMax] inputs: [softmax -> (-1, 10)[FLOAT]],
[09/08/2026-09:06:07] [TRT] [V] Registering layer: node_argmax for ONNX node: node_argmax
[09/08/2026-09:06:07] [TRT] [V] Registering layer: ONNXTRT_castHelper_8 required by ONNX-TRT
[09/08/2026-09:06:07] [TRT] [V] Original shape: (_, 1), squeezing to: (_,)
[09/08/2026-09:06:07] [TRT] [V] Registering layer: ONNXTRT_squeezeTensor required by ONNX-TRT
[09/08/2026-09:06:07] [TRT] [V] Registering layer: ONNXTRT_castHelper_9 required by ONNX-TRT
[09/08/2026-09:06:07] [TRT] [V] Registering tensor: z_10 for ONNX tensor: z
[09/08/2026-09:06:07] [TRT] [V] node_argmax [ArgMax] outputs: [z -> (-1)[INT64]],
[09/08/2026-09:06:07] [TRT] [V] Marking y_6 as output: y
[09/08/2026-09:06:07] [TRT] [V] Marking z_10 as output: z
[09/08/2026-09:06:07] [TRT] [W] ModelImporter.cpp:1047: Make sure output z has Int64 binding.
[09/08/2026-09:06:07] [TRT] [V] Compiler backend convergence mode enabled
[09/08/2026-09:06:07] [TRT] [I] [MemUsageChange] Init builder kernel library: CPU +321, GPU +8, now: CPU 725, GPU 635 (MiB)
[09/08/2026-09:06:07] [TRT] [V] Original: 24 layers
[09/08/2026-09:06:07] [TRT] [V] After dead-layer removal: 24 layers
[09/08/2026-09:06:07] [TRT] [V] SYMBOLIC CHECKS
[09/08/2026-09:06:07] [TRT] [V] GRAPH NODES
[09/08/2026-09:06:07] [TRT] [V] CONSTANT gemm1.weight
[09/08/2026-09:06:07] [TRT] [V]     Output 0
[09/08/2026-09:06:07] [TRT] [V]         1024	1024
[09/08/2026-09:06:07] [TRT] [V]         3136	3136
[09/08/2026-09:06:07] [TRT] [V] CONSTANT gemm1.bias
[09/08/2026-09:06:07] [TRT] [V]     Output 0
[09/08/2026-09:06:07] [TRT] [V]         1024	1024
[09/08/2026-09:06:07] [TRT] [V] CONSTANT gemm2.weight
[09/08/2026-09:06:07] [TRT] [V]     Output 0
[09/08/2026-09:06:07] [TRT] [V]         10	10
[09/08/2026-09:06:07] [TRT] [V]         1024	1024
[09/08/2026-09:06:07] [TRT] [V] CONSTANT gemm2.bias
[09/08/2026-09:06:07] [TRT] [V]     Output 0
[09/08/2026-09:06:07] [TRT] [V]         10	10
[09/08/2026-09:06:07] [TRT] [V] CONVOLUTION node_conv2d
[09/08/2026-09:06:07] [TRT] [V]     Input 0
[09/08/2026-09:06:07] [TRT] [V]         1	1
[09/08/2026-09:06:07] [TRT] [V]         1	1
[09/08/2026-09:06:07] [TRT] [V]         28	28
[09/08/2026-09:06:07] [TRT] [V]         28	28
[09/08/2026-09:06:07] [TRT] [V]     Output 0
[09/08/2026-09:06:07] [TRT] [V]         1	1
[09/08/2026-09:06:07] [TRT] [V]         32	32
[09/08/2026-09:06:07] [TRT] [V]         28	28
[09/08/2026-09:06:07] [TRT] [V]         28	28
[09/08/2026-09:06:07] [TRT] [V] SHUFFLE ONNXTRT_Broadcast
[09/08/2026-09:06:07] [TRT] [V]     Input 0
[09/08/2026-09:06:07] [TRT] [V]         1024	1024
[09/08/2026-09:06:07] [TRT] [V]     Output 0
[09/08/2026-09:06:07] [TRT] [V]         1	1
[09/08/2026-09:06:07] [TRT] [V]         1024	1024
[09/08/2026-09:06:07] [TRT] [V] SHUFFLE ONNXTRT_Broadcast_4
[09/08/2026-09:06:07] [TRT] [V]     Input 0
[09/08/2026-09:06:07] [TRT] [V]         10	10
[09/08/2026-09:06:07] [TRT] [V]     Output 0
[09/08/2026-09:06:07] [TRT] [V]         1	1
[09/08/2026-09:06:07] [TRT] [V]         10	10
[09/08/2026-09:06:07] [TRT] [V] ACTIVATION node_relu
[09/08/2026-09:06:07] [TRT] [V]     Input 0
[09/08/2026-09:06:07] [TRT] [V]         1	1
[09/08/2026-09:06:07] [TRT] [V]         32	32
[09/08/2026-09:06:07] [TRT] [V]         28	28
[09/08/2026-09:06:07] [TRT] [V]         28	28
[09/08/2026-09:06:07] [TRT] [V]     Output 0
[09/08/2026-09:06:07] [TRT] [V]         1	1
[09/08/2026-09:06:07] [TRT] [V]         32	32
[09/08/2026-09:06:07] [TRT] [V]         28	28
[09/08/2026-09:06:07] [TRT] [V]         28	28
[09/08/2026-09:06:07] [TRT] [V] POOLING node_max_pool2d
[09/08/2026-09:06:07] [TRT] [V]     Input 0
[09/08/2026-09:06:07] [TRT] [V]         1	1
[09/08/2026-09:06:07] [TRT] [V]         32	32
[09/08/2026-09:06:07] [TRT] [V]         28	28
[09/08/2026-09:06:07] [TRT] [V]         28	28
[09/08/2026-09:06:07] [TRT] [V]     Output 0
[09/08/2026-09:06:07] [TRT] [V]         1	1
[09/08/2026-09:06:07] [TRT] [V]         32	32
[09/08/2026-09:06:07] [TRT] [V]         14	14
[09/08/2026-09:06:07] [TRT] [V]         14	14
[09/08/2026-09:06:07] [TRT] [V] CONVOLUTION node_conv2d_1
[09/08/2026-09:06:07] [TRT] [V]     Input 0
[09/08/2026-09:06:07] [TRT] [V]         1	1
[09/08/2026-09:06:07] [TRT] [V]         32	32
[09/08/2026-09:06:07] [TRT] [V]         14	14
[09/08/2026-09:06:07] [TRT] [V]         14	14
[09/08/2026-09:06:07] [TRT] [V]     Output 0
[09/08/2026-09:06:07] [TRT] [V]         1	1
[09/08/2026-09:06:07] [TRT] [V]         64	64
[09/08/2026-09:06:07] [TRT] [V]         14	14
[09/08/2026-09:06:07] [TRT] [V]         14	14
[09/08/2026-09:06:07] [TRT] [V] ACTIVATION node_relu_1
[09/08/2026-09:06:07] [TRT] [V]     Input 0
[09/08/2026-09:06:07] [TRT] [V]         1	1
[09/08/2026-09:06:07] [TRT] [V]         64	64
[09/08/2026-09:06:07] [TRT] [V]         14	14
[09/08/2026-09:06:07] [TRT] [V]         14	14
[09/08/2026-09:06:07] [TRT] [V]     Output 0
[09/08/2026-09:06:07] [TRT] [V]         1	1
[09/08/2026-09:06:07] [TRT] [V]         64	64
[09/08/2026-09:06:07] [TRT] [V]         14	14
[09/08/2026-09:06:07] [TRT] [V]         14	14
[09/08/2026-09:06:07] [TRT] [V] POOLING node_max_pool2d_1
[09/08/2026-09:06:07] [TRT] [V]     Input 0
[09/08/2026-09:06:07] [TRT] [V]         1	1
[09/08/2026-09:06:07] [TRT] [V]         64	64
[09/08/2026-09:06:07] [TRT] [V]         14	14
[09/08/2026-09:06:07] [TRT] [V]         14	14
[09/08/2026-09:06:07] [TRT] [V]     Output 0
[09/08/2026-09:06:07] [TRT] [V]         1	1
[09/08/2026-09:06:07] [TRT] [V]         64	64
[09/08/2026-09:06:07] [TRT] [V]         7	7
[09/08/2026-09:06:07] [TRT] [V]         7	7
[09/08/2026-09:06:07] [TRT] [V] SHUFFLE node_view
[09/08/2026-09:06:07] [TRT] [V]     Input 0
[09/08/2026-09:06:07] [TRT] [V]         1	1
[09/08/2026-09:06:07] [TRT] [V]         64	64
[09/08/2026-09:06:07] [TRT] [V]         7	7
[09/08/2026-09:06:07] [TRT] [V]         7	7
[09/08/2026-09:06:07] [TRT] [V]     Output 0
[09/08/2026-09:06:07] [TRT] [V]         1	1
[09/08/2026-09:06:07] [TRT] [V]         3136	3136
[09/08/2026-09:06:07] [TRT] [V] MATRIX_MULTIPLY node_linear
[09/08/2026-09:06:07] [TRT] [V]     Input 0
[09/08/2026-09:06:07] [TRT] [V]         1	1
[09/08/2026-09:06:07] [TRT] [V]         3136	3136
[09/08/2026-09:06:07] [TRT] [V]     Input 1
[09/08/2026-09:06:07] [TRT] [V]         1024	1024
[09/08/2026-09:06:07] [TRT] [V]         3136	3136
[09/08/2026-09:06:07] [TRT] [V]     Output 0
[09/08/2026-09:06:07] [TRT] [V]         1	1
[09/08/2026-09:06:07] [TRT] [V]         1024	1024
[09/08/2026-09:06:07] [TRT] [V] ELEMENTWISE node_linear_1
[09/08/2026-09:06:07] [TRT] [V]     Input 0
[09/08/2026-09:06:07] [TRT] [V]         1	1
[09/08/2026-09:06:07] [TRT] [V]         1024	1024
[09/08/2026-09:06:07] [TRT] [V]     Input 1
[09/08/2026-09:06:07] [TRT] [V]         1	1
[09/08/2026-09:06:07] [TRT] [V]         1024	1024
[09/08/2026-09:06:07] [TRT] [V]     Output 0
[09/08/2026-09:06:07] [TRT] [V]         1	1
[09/08/2026-09:06:07] [TRT] [V]         1024	1024
[09/08/2026-09:06:07] [TRT] [V] ACTIVATION node_relu_2
[09/08/2026-09:06:07] [TRT] [V]     Input 0
[09/08/2026-09:06:07] [TRT] [V]         1	1
[09/08/2026-09:06:07] [TRT] [V]         1024	1024
[09/08/2026-09:06:07] [TRT] [V]     Output 0
[09/08/2026-09:06:07] [TRT] [V]         1	1
[09/08/2026-09:06:07] [TRT] [V]         1024	1024
[09/08/2026-09:06:07] [TRT] [V] MATRIX_MULTIPLY node_linear_1_2
[09/08/2026-09:06:07] [TRT] [V]     Input 0
[09/08/2026-09:06:07] [TRT] [V]         1	1
[09/08/2026-09:06:07] [TRT] [V]         1024	1024
[09/08/2026-09:06:07] [TRT] [V]     Input 1
[09/08/2026-09:06:07] [TRT] [V]         10	10
[09/08/2026-09:06:07] [TRT] [V]         1024	1024
[09/08/2026-09:06:07] [TRT] [V]     Output 0
[09/08/2026-09:06:07] [TRT] [V]         1	1
[09/08/2026-09:06:07] [TRT] [V]         10	10
[09/08/2026-09:06:07] [TRT] [V] ELEMENTWISE node_linear_1_5
[09/08/2026-09:06:07] [TRT] [V]     Input 0
[09/08/2026-09:06:07] [TRT] [V]         1	1
[09/08/2026-09:06:07] [TRT] [V]         10	10
[09/08/2026-09:06:07] [TRT] [V]     Input 1
[09/08/2026-09:06:07] [TRT] [V]         1	1
[09/08/2026-09:06:07] [TRT] [V]         10	10
[09/08/2026-09:06:07] [TRT] [V]     Output 0
[09/08/2026-09:06:07] [TRT] [V]         1	1
[09/08/2026-09:06:07] [TRT] [V]         10	10
[09/08/2026-09:06:07] [TRT] [V] SOFTMAX node_softmax
[09/08/2026-09:06:07] [TRT] [V]     Input 0
[09/08/2026-09:06:07] [TRT] [V]         1	1
[09/08/2026-09:06:07] [TRT] [V]         10	10
[09/08/2026-09:06:07] [TRT] [V]     Output 0
[09/08/2026-09:06:07] [TRT] [V]         1	1
[09/08/2026-09:06:07] [TRT] [V]         10	10
[09/08/2026-09:06:07] [TRT] [V] SHUFFLE ONNXTRT_ShapeShuffle_7
[09/08/2026-09:06:07] [TRT] [V]     Input 0
[09/08/2026-09:06:07] [TRT] [V]         1	1
[09/08/2026-09:06:07] [TRT] [V]         10	10
[09/08/2026-09:06:07] [TRT] [V]     Output 0
[09/08/2026-09:06:07] [TRT] [V]         1	1
[09/08/2026-09:06:07] [TRT] [V]         10	10
[09/08/2026-09:06:07] [TRT] [V] TOPK node_argmax
[09/08/2026-09:06:07] [TRT] [V]     Input 0
[09/08/2026-09:06:07] [TRT] [V]         1	1
[09/08/2026-09:06:07] [TRT] [V]         10	10
[09/08/2026-09:06:07] [TRT] [V]     Output 0
[09/08/2026-09:06:07] [TRT] [V]         1	1
[09/08/2026-09:06:07] [TRT] [V]         1	1
[09/08/2026-09:06:07] [TRT] [V]     Output 1
[09/08/2026-09:06:07] [TRT] [V]         1	1
[09/08/2026-09:06:07] [TRT] [V]         1	1
[09/08/2026-09:06:07] [TRT] [V] CAST ONNXTRT_castHelper_8
[09/08/2026-09:06:07] [TRT] [V]     Input 0
[09/08/2026-09:06:07] [TRT] [V]         1	1
[09/08/2026-09:06:07] [TRT] [V]         1	1
[09/08/2026-09:06:07] [TRT] [V]     Output 0
[09/08/2026-09:06:07] [TRT] [V]         1	1
[09/08/2026-09:06:07] [TRT] [V]         1	1
[09/08/2026-09:06:07] [TRT] [V] SHUFFLE ONNXTRT_squeezeTensor
[09/08/2026-09:06:07] [TRT] [V]     Input 0
[09/08/2026-09:06:07] [TRT] [V]         1	1
[09/08/2026-09:06:07] [TRT] [V]         1	1
[09/08/2026-09:06:07] [TRT] [V]     Output 0
[09/08/2026-09:06:07] [TRT] [V]         1	1
[09/08/2026-09:06:07] [TRT] [V] CAST ONNXTRT_castHelper_9
[09/08/2026-09:06:07] [TRT] [V]     Input 0
[09/08/2026-09:06:07] [TRT] [V]         1	1
[09/08/2026-09:06:07] [TRT] [V]     Output 0
[09/08/2026-09:06:07] [TRT] [V]         1	1
[09/08/2026-09:06:07] [TRT] [V] Graph construction completed in 0.00080584 seconds.
[09/08/2026-09:06:07] [TRT] [V] After adding DebugOutput nodes: 24 layers
[09/08/2026-09:06:07] [TRT] [V] Running: ConstShuffleFusion on gemm1.bias
[09/08/2026-09:06:07] [TRT] [V] ConstShuffleFusion: Fusing gemm1.bias with ONNXTRT_Broadcast
[09/08/2026-09:06:07] [TRT] [V] Running: ConstShuffleFusion on gemm2.bias
[09/08/2026-09:06:07] [TRT] [V] ConstShuffleFusion: Fusing gemm2.bias with ONNXTRT_Broadcast_4
[09/08/2026-09:06:07] [TRT] [V] Running: ShuffleErasure on ONNXTRT_ShapeShuffle_7
[09/08/2026-09:06:07] [TRT] [V] Removing ONNXTRT_ShapeShuffle_7
[09/08/2026-09:06:07] [TRT] [V] After Myelin optimization: 1 layers
[09/08/2026-09:06:07] [TRT] [V] Applying ScaleNodes fusions.
[09/08/2026-09:06:07] [TRT] [V] After scale fusion: 1 layers
[09/08/2026-09:06:07] [TRT] [V] After dupe layer removal: 1 layers
[09/08/2026-09:06:07] [TRT] [V] After final dead-layer removal: 1 layers
[09/08/2026-09:06:07] [TRT] [V] After tensor merging: 1 layers
[09/08/2026-09:06:07] [TRT] [V] After vertical fusions: 1 layers
[09/08/2026-09:06:07] [TRT] [V] After dupe layer removal: 1 layers
[09/08/2026-09:06:07] [TRT] [V] After final dead-layer removal: 1 layers
[09/08/2026-09:06:07] [TRT] [V] After tensor merging: 1 layers
[09/08/2026-09:06:07] [TRT] [V] After slice removal: 1 layers
[09/08/2026-09:06:07] [TRT] [V] After concat removal: 1 layers
[09/08/2026-09:06:07] [TRT] [V] Trying to split Reshape and strided tensor
[09/08/2026-09:06:07] [TRT] [V] Graph optimization time: 0.00037907 seconds.
[09/08/2026-09:06:07] [TRT] [V] Building graph using backend strategy 2
[09/08/2026-09:06:07] [TRT] [I] Local timing cache in use. Profiling results in this builder pass will not be stored.
[09/08/2026-09:06:07] [TRT] [V] Constructing optimization profile number 0 [1/1].
[09/08/2026-09:06:07] [TRT] [V] Applying generic optimizations to the graph for inference.
[09/08/2026-09:06:07] [TRT] [V] Reserving memory for host IO tensors. Host: 0 bytes
[09/08/2026-09:06:07] [TRT] [V] =============== Computing costs for {ForeignNode[node_conv2d...ONNXTRT_castHelper_9]}
[09/08/2026-09:06:07] [TRT] [V] ForeignNode {ForeignNode[node_conv2d...ONNXTRT_castHelper_9]} metadata: [ONNX Layer: node_conv2d][ONNX Layer: node_relu][ONNX Layer: node_max_pool2d][ONNX Layer: node_conv2d_1][ONNX Layer: node_relu_1][ONNX Layer: node_max_pool2d_1][ONNX Layer: node_view][ONNX Layer: node_linear][ONNX Layer: node_relu_2][ONNX Layer: node_linear_1][ONNX Layer: node_softmax][ONNX Layer: node_argmax]
[09/08/2026-09:06:07] [TRT] [V] *************** Autotuning format combination: Float(784,784,28,1) -> Float(10,1), Int64(1) ***************
[09/08/2026-09:06:07] [TRT] [V] --------------- Timing Runner: {ForeignNode[node_conv2d...ONNXTRT_castHelper_9]} (Myelin[0x80000023])
[09/08/2026-09:06:07] [TRT] [I] Compiler backend is used during engine build.
[09/08/2026-09:06:13] [TRT] [V]  (foreignNode) Set user's cuda kernel library
[09/08/2026-09:06:13] [TRT] [V]  (foreignNode) Using legacy CPU-only mode.
[09/08/2026-09:06:13] [TRT] [V]  (foreignNode) Autotuning op node_conv2d: [ONNX Layer: node_conv2d][ONNX Layer: node_relu]
[09/08/2026-09:06:13] [TRT] [V]  (foreignNode) Sorted table of all evaluated tactics:
[09/08/2026-09:06:13] [TRT] [V]  (foreignNode) tactic_id, cost(in ms), cost/fastest_cost, prediction_correlation, kernel_name, tactic_hash, tunable_parameter, conv_w2c_input_fold
[09/08/2026-09:06:13] [TRT] [V]  (foreignNode)   70, 0.0039840, 1.00000, 2.56447, sm80_xmma_fprop_implicit_gemm_indexed_wo_smem_f32f32_tf32f32_f32_nhwckrsc_nhwc_tilesize128x16x32_stage1_warpsize4x1x1_g1_tensor16x8x8_aligna4_alignc8, 0x3761468770eaa, , 0
[09/08/2026-09:06:13] [TRT] [V]  (foreignNode)   71, 0.0041984, 1.05382, 2.44640, sm80_xmma_fprop_implicit_gemm_indexed_wo_smem_f32f32_tf32f32_f32_nhwckrsc_nhwc_tilesize128x16x32_stage1_warpsize4x1x1_g1_tensor16x8x8_aligna4_alignc4, 0x4c58aaf0d602f, , 0
[09/08/2026-09:06:13] [TRT] [V]  (foreignNode)   74, 0.0046080, 1.15663, 2.27507, sm80_xmma_fprop_implicit_gemm_indexed_wo_smem_f32f32_tf32f32_f32_nhwckrsc_nhwc_tilesize128x32x16_stage1_warpsize4x1x1_g1_tensor16x8x8_aligna4, 0x3c9576a3a93f1, , 0
[09/08/2026-09:06:13] [TRT] [V]  (foreignNode)   51, 0.0046112, 1.15743, 1.98958, sm80_xmma_fprop_implicit_gemm_indexed_wo_smem_f32f32_tf32f32_f32_nhwckrsc_nhwc_tilesize128x32x16_stage1_warpsize4x1x1_g1_tensor16x8x8_aligna4_alignc8, 0x2d08ffa67efd7, , 0
[09/08/2026-09:06:13] [TRT] [V]  (foreignNode)   88, 0.0046112, 1.15743, 2.33070, sm80_xmma_fprop_implicit_gemm_indexed_wo_smem_f32f32_tf32f32_f32_nhwckrsc_nhwc_tilesize128x16x32_stage1_warpsize4x1x1_g1_tensor16x8x8_aligna4, 0x4cc193028e8fa, , 0
[09/08/2026-09:06:13] [TRT] [V]  (foreignNode)   16, 0.0048096, 1.20723, 1.29145, sm80_xmma_fprop_implicit_gemm_indexed_wo_smem_f32f32_tf32f32_f32_nhwckrsc_nhwc_tilesize128x16x64_stage1_warpsize4x1x1_g1_tensor16x8x8, 0x57e1e1d88fb53, , 0
[09/08/2026-09:06:13] [TRT] [V]  (foreignNode)   54, 0.0048128, 1.20803, 1.95725, sm80_xmma_fprop_implicit_gemm_indexed_wo_smem_f32f32_tf32f32_f32_nhwckrsc_nhwc_tilesize128x32x16_stage1_warpsize4x1x1_g1_tensor16x8x8_aligna4_alignc4, 0x39d4070a5549c, , 0
[09/08/2026-09:06:13] [TRT] [V]  (foreignNode)   19, 0.0051200, 1.28514, 1.29356, sm80_xmma_fprop_implicit_gemm_indexed_wo_smem_f32f32_tf32f32_f32_nhwckrsc_nhwc_tilesize128x16x64_stage1_warpsize4x1x1_g1_tensor16x8x8_alignc4, 0x431615110015a, , 0
[09/08/2026-09:06:13] [TRT] [V]  (foreignNode)   87, 0.0052192, 1.31004, 2.04945, sm80_xmma_fprop_implicit_gemm_indexed_wo_smem_f32f32_tf32f32_f32_nhwckrsc_nhwc_tilesize128x16x64_stage1_warpsize4x1x1_g1_tensor16x8x8_aligna4_alignc8, 0x31a2f04be6b8e, , 0
[09/08/2026-09:06:13] [TRT] [V]  (foreignNode)   23, 0.0054272, 1.36225, 1.37877, sm80_xmma_fprop_implicit_gemm_indexed_wo_smem_f32f32_tf32f32_f32_nhwckrsc_nhwc_tilesize128x32x64_stage1_warpsize4x1x1_g1_tensor16x8x8, 0x56165e2317222, , 0
[09/08/2026-09:06:13] [TRT] [V]  (foreignNode)   38, 0.0054272, 1.36225, 1.49311, sm80_xmma_fprop_implicit_gemm_indexed_wo_smem_f32f32_tf32f32_f32_nhwckrsc_nhwc_tilesize128x32x64_stage1_warpsize4x1x1_g1_tensor16x8x8_alignc8, 0x4e63e66eac5a8, , 0
[09/08/2026-09:06:13] [TRT] [V]  (foreignNode)   41, 0.0056288, 1.41285, 1.46370, sm80_xmma_fprop_implicit_gemm_indexed_wo_smem_f32f32_tf32f32_f32_nhwckrsc_nhwc_tilesize128x32x64_stage1_warpsize4x1x1_g1_tensor16x8x8_alignc4, 0x48cfdb38aea5b, , 0
[09/08/2026-09:06:13] [TRT] [V]  (foreignNode)   32, 0.0058336, 1.46426, 1.33101, sm80_xmma_fprop_implicit_gemm_indexed_wo_smem_f32f32_tf32f32_f32_nhwckrsc_nhwc_tilesize128x32x64_stage1_warpsize4x1x1_g1_tensor16x8x8_aligna8, 0x4e78a82baa024, , 0
[09/08/2026-09:06:13] [TRT] [V]  (foreignNode)   39, 0.0058400, 1.46586, 1.40208, sm80_xmma_fprop_implicit_gemm_indexed_wo_smem_f32f32_tf32f32_f32_nhwckrsc_nhwc_tilesize128x16x64_stage1_warpsize4x1x1_g1_tensor16x8x8_alignc8, 0x54d06e0273c90, , 0
[09/08/2026-09:06:13] [TRT] [V]  (foreignNode)   37, 0.0060416, 1.51647, 1.33330, sm80_xmma_fprop_implicit_gemm_indexed_wo_smem_f32f32_tf32f32_f32_nhwckrsc_nhwc_tilesize128x32x64_stage1_warpsize4x1x1_g1_tensor16x8x8_aligna8_alignc4, 0x5523a0a047d3e, , 0
[09/08/2026-09:06:13] [TRT] [V]  (foreignNode)   48, 0.0062432, 1.56707, 1.42658, sm80_xmma_fprop_implicit_gemm_indexed_wo_smem_f32f32_tf32f32_f32_nhwckrsc_nhwc_tilesize128x16x32_stage1_warpsize4x1x1_g1_tensor16x8x8_aligna8_alignc8, 0x2d2c3e5bf28d4, , 0
[09/08/2026-09:06:13] [TRT] [V]  (foreignNode)   47, 0.0062528, 1.56948, 1.41994, sm80_xmma_fprop_implicit_gemm_indexed_wo_smem_f32f32_tf32f32_f32_nhwckrsc_nhwc_tilesize128x16x32_stage1_warpsize4x1x1_g1_tensor16x8x8_aligna8, 0x5b05a6944747f, , 0
[09/08/2026-09:06:13] [TRT] [V]  (foreignNode)   42, 0.0064512, 1.61928, 1.28728, sm80_xmma_fprop_implicit_gemm_indexed_wo_smem_f32f32_tf32f32_f32_nhwckrsc_nhwc_tilesize128x16x32_stage1_warpsize4x1x1_g1_tensor16x8x8_alignc8, 0x4841188df08dc, , 0
[09/08/2026-09:06:13] [TRT] [V]  (foreignNode)   43, 0.0064512, 1.61928, 1.28841, sm80_xmma_fprop_implicit_gemm_indexed_wo_smem_f32f32_tf32f32_f32_nhwckrsc_nhwc_tilesize128x16x32_stage1_warpsize4x1x1_g1_tensor16x8x8, 0x550f12d6df208, , 0
[09/08/2026-09:06:13] [TRT] [V]  (foreignNode)   45, 0.0064512, 1.61928, 1.29897, sm80_xmma_fprop_implicit_gemm_indexed_wo_smem_f32f32_tf32f32_f32_nhwckrsc_nhwc_tilesize128x16x32_stage1_warpsize4x1x1_g1_tensor16x8x8_alignc4, 0x371207340d481, , 0
[09/08/2026-09:06:13] [TRT] [V]  (foreignNode)   49, 0.0064512, 1.61928, 1.38357, sm80_xmma_fprop_implicit_gemm_indexed_wo_smem_f32f32_tf32f32_f32_nhwckrsc_nhwc_tilesize128x16x64_stage1_warpsize4x1x1_g1_tensor16x8x8_aligna8, 0x5b1c745c659cc, , 0
[09/08/2026-09:06:13] [TRT] [V]  (foreignNode)   50, 0.0066560, 1.67068, 1.35459, sm80_xmma_fprop_implicit_gemm_indexed_wo_smem_f32f32_tf32f32_f32_nhwckrsc_nhwc_tilesize128x16x64_stage1_warpsize4x1x1_g1_tensor16x8x8_aligna8_alignc4, 0x30b552af26801, , 0
[09/08/2026-09:06:13] [TRT] [V]  (foreignNode)   13, 0.0072240, 1.81325, 0.78089, sm80_xmma_fprop_implicit_gemm_f32f32_f32f32_f32_nchwkcrs_nchw_tilesize32x32x8_stage3_warpsize1x2x1_g1_ffma_aligna4_alignc4, 0x36aa90237d1bf, , 0
[09/08/2026-09:06:13] [TRT] [V]  (foreignNode)   91, 0.0073632, 1.84819, 1.49484, sm80_xmma_fprop_implicit_gemm_indexed_wo_smem_f32f32_tf32f32_f32_nhwckrsc_nhwc_tilesize128x32x16_stage1_warpsize4x1x1_g1_tensor16x8x8, 0x3df392ad4faca, , 0
[09/08/2026-09:06:13] [TRT] [V]  (foreignNode)   25, 0.0073728, 1.85060, 1.03201, cutlass3x_sm100_tensorop_s128x128x8tf32implicit_gemm_fprop_f32_f32_f32_f32_f32_f32_128x128x32_dyn_cga_ndhwc_ndhwc_ndhwc_align4_2sm_relu_valpha_vbeta, 0x464072d520c70, cga={2 8 1 1 2 1 1} , 1
[09/08/2026-09:06:13] [TRT] [V]  (foreignNode)   85, 0.0074752, 1.87631, 1.42124, sm80_xmma_fprop_implicit_gemm_indexed_wo_smem_f32f32_tf32f32_f32_nhwckrsc_nhwc_tilesize128x32x16_stage1_warpsize4x1x1_g1_tensor16x8x8_aligna8, 0x426057f5495b0, , 0
[09/08/2026-09:06:13] [TRT] [V]  (foreignNode)   90, 0.0074752, 1.87631, 1.46739, sm80_xmma_fprop_implicit_gemm_indexed_wo_smem_f32f32_tf32f32_f32_nhwckrsc_nhwc_tilesize128x32x16_stage1_warpsize4x1x1_g1_tensor16x8x8_alignc8, 0x3edd8a7eebdc6, , 0
[09/08/2026-09:06:13] [TRT] [V]  (foreignNode)   75, 0.0074784, 1.87711, 1.40847, sm80_xmma_fprop_implicit_gemm_indexed_wo_smem_f32f32_tf32f32_f32_nhwckrsc_nhwc_tilesize128x32x16_stage1_warpsize4x1x1_g1_tensor16x8x8_aligna8_alignc8, 0x5cce04cbbcfee, , 0
[09/08/2026-09:06:13] [TRT] [V]  (foreignNode)   72, 0.0075808, 1.90281, 1.36122, cutlass3x_sm100_tensorop_s64x128x8tf32implicit_gemm_fprop_f32_f32_f32_f32_f32_f32_64x128x32_dyn_cga_ndhwc_ndhwc_ndhwc_align4_1sm_relu_valpha_vbeta, 0x6344caa8965e7, cga={2 4 4 1 2 1 1} , 1
[09/08/2026-09:06:13] [TRT] [V]  (foreignNode)   92, 0.0076800, 1.92771, 1.45426, sm80_xmma_fprop_implicit_gemm_indexed_wo_smem_f32f32_tf32f32_f32_nhwckrsc_nhwc_tilesize128x32x16_stage1_warpsize4x1x1_g1_tensor16x8x8_alignc4, 0x2ebc48a3f35f1, , 0
[09/08/2026-09:06:13] [TRT] [V]  (foreignNode)   97, 0.0076800, 1.92771, 1.45820, cutlass3x_sm100_tensorop_s128x256x8tf32implicit_gemm_fprop_f32_f32_f32_f32_f32_f32_128x256x32_dyn_cga_ndhwc_ndhwc_ndhwc_align4_2sm_relu_valpha_vbeta, 0x5ae75e9f51f76, cga={2 8 2 1 2 1 1} , 1
[09/08/2026-09:06:13] [TRT] [V]  (foreignNode)   12, 0.0078336, 1.96627, 0.69385, sm80_xmma_fprop_implicit_gemm_indexed_f32f32_f32f32_f32_nchwkcrs_nchw_tilesize32x32x8_stage3_warpsize1x2x1_g1_ffma_aligna4_alignc4, 0x63ed33c905dd1, , 0
[09/08/2026-09:06:13] [TRT] [V]  (foreignNode)   94, 0.0078816, 1.97831, 1.41970, cutlass3x_sm100_tensorop_s128x256x8tf32implicit_gemm_fprop_f32_f32_f32_f32_f32_f32_128x256x32_dyn_cga_ndhwc_ndhwc_ndhwc_align4_2sm_relu_valpha_vbeta, 0x3c0947eb18725, cga={2 8 1 1 2 1 1} , 1
[09/08/2026-09:06:13] [TRT] [V]  (foreignNode)   98, 0.0078816, 1.97831, 1.44351, cutlass3x_sm100_tensorop_s128x256x8tf32implicit_gemm_fprop_f32_f32_f32_f32_f32_f32_128x256x32_dyn_cga_ndhwc_ndhwc_ndhwc_align4_2sm_relu_valpha_vbeta, 0x301e54def671f, cga={2 4 2 1 2 1 1} , 1
[09/08/2026-09:06:13] [TRT] [V]  (foreignNode)   86, 0.0078912, 1.98072, 1.34911, sm80_xmma_fprop_implicit_gemm_indexed_wo_smem_f32f32_tf32f32_f32_nhwckrsc_nhwc_tilesize128x32x16_stage1_warpsize4x1x1_g1_tensor16x8x8_aligna8_alignc4, 0x4820bb88781d1, , 0
[09/08/2026-09:06:13] [TRT] [V]  (foreignNode)   93, 0.0078944, 1.98153, 1.41662, cutlass3x_sm100_tensorop_s128x256x8tf32implicit_gemm_fprop_f32_f32_f32_f32_f32_f32_128x256x32_dyn_cga_ndhwc_ndhwc_ndhwc_align4_2sm_relu_valpha_vbeta, 0x42ea13625fe15, cga={2 4 1 1 2 1 1} , 1
[09/08/2026-09:06:13] [TRT] [V]  (foreignNode)   34, 0.0079632, 1.99880, 0.99395, sm80_xmma_fprop_implicit_gemm_f32f32_f32f32_f32_nchwkcrs_nchw_tilesize128x16x8_stage3_warpsize4x1x1_g1_ffma_aligna4_alignc4, 0x5ba4bb403072c, , 0
[09/08/2026-09:06:13] [TRT] [V]  (foreignNode)   24, 0.0079872, 2.00482, 0.95190, cutlass3x_sm100_tensorop_s128x128x8tf32implicit_gemm_fprop_f32_f32_f32_f32_f32_f32_128x128x32_dyn_cga_ndhwc_ndhwc_ndhwc_align4_2sm_relu_valpha_vbeta, 0x4e1b0d23b6078, cga={2 4 1 1 2 1 1} , 1
[09/08/2026-09:06:13] [TRT] [V]  (foreignNode)   26, 0.0079872, 2.00482, 0.95376, cutlass3x_sm100_tensorop_s128x128x8tf32implicit_gemm_fprop_f32_f32_f32_f32_f32_f32_128x128x32_dyn_cga_ndhwc_ndhwc_ndhwc_align4_2sm_relu_valpha_vbeta, 0x459a118016a01, cga={2 8 2 1 2 1 1} , 1
[09/08/2026-09:06:13] [TRT] [V]  (foreignNode)   29, 0.0079872, 2.00482, 0.95564, cutlass3x_sm100_tensorop_s128x128x8tf32implicit_gemm_fprop_f32_f32_f32_f32_f32_f32_128x128x32_dyn_cga_ndhwc_ndhwc_ndhwc_align4_2sm_relu_valpha_vbeta, 0x5dd7d80e28735, cga={2 4 2 1 2 1 1} , 1
[09/08/2026-09:06:13] [TRT] [V]  (foreignNode)   68, 0.0079872, 2.00482, 1.25701, cutlass3x_sm100_tensorop_s128x128x8tf32implicit_gemm_fprop_f32_f32_f32_f32_f32_f32_128x128x32_dyn_cga_ndhwc_ndhwc_ndhwc_align4_2sm_relu_valpha_vbeta, 0x594f13072397c, cga={2 4 4 1 2 1 1} , 1
[09/08/2026-09:06:13] [TRT] [V]  (foreignNode)   46, 0.0080896, 2.03052, 1.03896, cutlass3x_sm100_tensorop_s128x128x8tf32implicit_gemm_fprop_f32_f32_f32_f32_f32_f32_128x128x32_dyn_cga_ndhwc_ndhwc_ndhwc_align4_2sm_relu_valpha_vbeta, 0x388c47eb10274, cga={2 2 2 1 2 1 1} , 1
[09/08/2026-09:06:13] [TRT] [V]  (foreignNode)    9, 0.0081024, 2.03374, 0.53949, sm80_xmma_fprop_implicit_gemm_indexed_f32f32_f32f32_f32_nhwckrsc_nhwc_tilesize32x32x8_stage3_warpsize1x2x1_g1_ffma_aligna4_alignc4, 0x6554e6218a644, , 0
[09/08/2026-09:06:13] [TRT] [V]  (foreignNode)   11, 0.0082944, 2.08193, 0.62814, sm80_xmma_fprop_implicit_gemm_f32f32_f32f32_f32_nhwckrsc_nhwc_tilesize32x32x8_stage3_warpsize1x2x1_g1_ffma_aligna4_alignc4, 0x2d3824ef796ca, , 0
[09/08/2026-09:06:13] [TRT] [V]  (foreignNode)   64, 0.0083968, 2.10763, 1.15806, cutlass3x_sm100_tensorop_s64x128x8tf32implicit_gemm_fprop_f32_f32_f32_f32_f32_f32_64x128x32_dyn_cga_ndhwc_ndhwc_ndhwc_align4_1sm_relu_valpha_vbeta, 0x4488c41d62e54, cga={2 8 2 1 1 2 1} , 1
[09/08/2026-09:06:13] [TRT] [V]  (foreignNode)   79, 0.0084928, 2.13173, 1.24292, cutlass3x_sm100_tensorop_s256x128x8tf32implicit_gemm_fprop_f32_f32_f32_f32_f32_f32_256x128x32_dyn_cga_ndhwc_ndhwc_ndhwc_align4_2sm_relu_valpha_vbeta, 0x46aeaffe89bac, cga={2 4 2 1 2 1 1} , 1
[09/08/2026-09:06:13] [TRT] [V]  (foreignNode)   82, 0.0084960, 2.13253, 1.24329, cutlass3x_sm100_tensorop_s256x128x8tf32implicit_gemm_fprop_f32_f32_f32_f32_f32_f32_256x128x32_dyn_cga_ndhwc_ndhwc_ndhwc_align4_2sm_relu_valpha_vbeta, 0x55cfaa445f131, cga={2 8 2 1 2 1 1} , 1
[09/08/2026-09:06:13] [TRT] [V]  (foreignNode)   57, 0.0084992, 2.13333, 1.14229, cutlass3x_sm100_tensorop_s64x128x8tf32implicit_gemm_fprop_f32_f32_f32_f32_f32_f32_64x128x32_dyn_cga_ndhwc_ndhwc_ndhwc_align4_1sm_relu_valpha_vbeta, 0x3ccf2d766f783, cga={2 2 1 1 2 1 1} , 1
[09/08/2026-09:06:13] [TRT] [V]  (foreignNode)   99, 0.0085024, 2.13414, 1.36678, cutlass3x_sm100_tensorop_s64x128x8tf32implicit_gemm_fprop_f32_f32_f32_f32_f32_f32_64x128x32_dyn_cga_ndhwc_ndhwc_ndhwc_align4_1sm_relu_valpha_vbeta, 0x4c07292ca166a, cga={2 1 2 1 1 2 1} , 1
[09/08/2026-09:06:13] [TRT] [V]  (foreignNode)   83, 0.0085088, 2.13574, 1.24142, cutlass3x_sm100_tensorop_s256x128x8tf32implicit_gemm_fprop_f32_f32_f32_f32_f32_f32_256x128x32_dyn_cga_ndhwc_ndhwc_ndhwc_align4_2sm_relu_valpha_vbeta, 0x29e3542765f15, cga={2 4 4 1 2 1 1} , 1
[09/08/2026-09:06:13] [TRT] [V]  (foreignNode)   60, 0.0086016, 2.15904, 1.13011, cutlass3x_sm100_tensorop_s64x128x8tf32implicit_gemm_fprop_f32_f32_f32_f32_f32_f32_64x128x32_dyn_cga_ndhwc_ndhwc_ndhwc_align4_1sm_relu_valpha_vbeta, 0x43bc747c07b88, cga={2 8 1 1 2 1 1} , 1
[09/08/2026-09:06:13] [TRT] [V]  (foreignNode)   63, 0.0086848, 2.17992, 1.11954, cutlass3x_sm100_tensorop_s64x128x8tf32implicit_gemm_fprop_f32_f32_f32_f32_f32_f32_64x128x32_dyn_cga_ndhwc_ndhwc_ndhwc_align4_1sm_relu_valpha_vbeta, 0x38b44210c42b1, cga={2 4 2 1 2 1 1} , 1
[09/08/2026-09:06:13] [TRT] [V]  (foreignNode)   59, 0.0087008, 2.18394, 1.11655, cutlass3x_sm100_tensorop_s64x128x8tf32implicit_gemm_fprop_f32_f32_f32_f32_f32_f32_64x128x32_dyn_cga_ndhwc_ndhwc_ndhwc_align4_1sm_relu_valpha_vbeta, 0x44cbc6ef567d1, cga={2 2 2 1 2 1 1} , 1
[09/08/2026-09:06:13] [TRT] [V]  (foreignNode)   61, 0.0087008, 2.18394, 1.11723, cutlass3x_sm100_tensorop_s64x128x8tf32implicit_gemm_fprop_f32_f32_f32_f32_f32_f32_64x128x32_dyn_cga_ndhwc_ndhwc_ndhwc_align4_1sm_relu_valpha_vbeta, 0x4a108ecd6e269, cga={2 4 2 1 1 2 1} , 1
[09/08/2026-09:06:13] [TRT] [V]  (foreignNode)   66, 0.0087008, 2.18394, 1.11828, cutlass3x_sm100_tensorop_s64x128x8tf32implicit_gemm_fprop_f32_f32_f32_f32_f32_f32_64x128x32_dyn_cga_ndhwc_ndhwc_ndhwc_align4_1sm_relu_valpha_vbeta, 0x5b13bfd8fcac9, cga={2 8 2 1 2 1 1} , 1
[09/08/2026-09:06:13] [TRT] [V]  (foreignNode)   27, 0.0087040, 2.18474, 0.87680, cutlass3x_sm100_tensorop_s128x128x8tf32implicit_gemm_fprop_f32_f32_f32_f32_f32_f32_128x128x32_dyn_cga_ndhwc_ndhwc_ndhwc_align4_2sm_relu_valpha_vbeta, 0x3fecbb4417ac5, cga={0 0 0 1 0 0 1} , 1
[09/08/2026-09:06:13] [TRT] [V]  (foreignNode)   58, 0.0087040, 2.18474, 1.11614, cutlass3x_sm100_tensorop_s64x128x8tf32implicit_gemm_fprop_f32_f32_f32_f32_f32_f32_64x128x32_dyn_cga_ndhwc_ndhwc_ndhwc_align4_1sm_relu_valpha_vbeta, 0x2a84d3d603321, cga={2 4 1 1 2 1 1} , 1
[09/08/2026-09:06:13] [TRT] [V]  (foreignNode)   65, 0.0087040, 2.18474, 1.11772, cutlass3x_sm100_tensorop_s64x128x8tf32implicit_gemm_fprop_f32_f32_f32_f32_f32_f32_64x128x32_dyn_cga_ndhwc_ndhwc_ndhwc_align4_1sm_relu_valpha_vbeta, 0x3932dbf7c6724, cga={2 2 2 1 1 2 1} , 1
[09/08/2026-09:06:13] [TRT] [V]  (foreignNode)   77, 0.0087040, 2.18474, 1.21181, cutlass3x_sm100_tensorop_s256x128x8tf32implicit_gemm_fprop_f32_f32_f32_f32_f32_f32_256x128x32_dyn_cga_ndhwc_ndhwc_ndhwc_align4_2sm_relu_valpha_vbeta, 0x65f9d8d3f6a33, cga={2 2 2 1 2 1 1} , 1
[09/08/2026-09:06:13] [TRT] [V]  (foreignNode)   84, 0.0087104, 2.18635, 1.21446, cutlass3x_sm100_tensorop_s256x128x8tf32implicit_gemm_fprop_f32_f32_f32_f32_f32_f32_256x128x32_dyn_cga_ndhwc_ndhwc_ndhwc_align4_2sm_relu_valpha_vbeta, 0x4dee60d24cf0c, cga={2 2 4 1 2 1 1} , 1
[09/08/2026-09:06:13] [TRT] [V]  (foreignNode)   14, 0.0087552, 2.19759, 0.68743, sm80_xmma_fprop_implicit_gemm_indexed_f32f32_f32f32_f32_nchwkcrs_nchw_tilesize64x64x8_stage3_warpsize1x4x1_g1_ffma_aligna4_alignc4, 0x3ab7ed04210d8, , 0
[09/08/2026-09:06:13] [TRT] [V]  (foreignNode)   95, 0.0089120, 2.23695, 1.25573, cutlass3x_sm100_tensorop_s128x256x8tf32implicit_gemm_fprop_f32_f32_f32_f32_f32_f32_128x256x32_dyn_cga_ndhwc_ndhwc_ndhwc_align4_2sm_relu_valpha_vbeta, 0x3115b72b71127, cga={0 0 0 1 0 0 1} , 1
[09/08/2026-09:06:13] [TRT] [V]  (foreignNode)   28, 0.0090112, 2.26185, 0.84691, cutlass3x_sm100_tensorop_s128x128x8tf32implicit_gemm_fprop_f32_f32_f32_f32_f32_f32_128x128x32_dyn_cga_ndhwc_ndhwc_ndhwc_align4_2sm_relu_valpha_vbeta, 0x69764a993c4e1, cga={2 2 1 1 2 1 1} , 1
[09/08/2026-09:06:13] [TRT] [V]  (foreignNode)   96, 0.0090112, 2.26185, 1.24191, cutlass3x_sm100_tensorop_s128x256x8tf32implicit_gemm_fprop_f32_f32_f32_f32_f32_f32_128x256x32_dyn_cga_ndhwc_ndhwc_ndhwc_align4_2sm_relu_valpha_vbeta, 0x2ff4e3c0427f8, cga={2 2 1 1 2 1 1} , 1
[09/08/2026-09:06:13] [TRT] [V]  (foreignNode)   56, 0.0090576, 2.27349, 1.07049, sm80_xmma_fprop_implicit_gemm_f32f32_f32f32_f32_nchwkcrs_nchw_tilesize64x64x8_stage3_warpsize1x4x1_g1_ffma_aligna4_alignc4, 0x4e82782d5dace, , 0
[09/08/2026-09:06:13] [TRT] [V]  (foreignNode)   78, 0.0090976, 2.28353, 1.16004, cutlass3x_sm100_tensorop_s256x128x8tf32implicit_gemm_fprop_f32_f32_f32_f32_f32_f32_256x128x32_dyn_cga_ndhwc_ndhwc_ndhwc_align4_2sm_relu_valpha_vbeta, 0x5f9d5bb584689, cga={2 8 1 1 2 1 1} , 1
[09/08/2026-09:06:13] [TRT] [V]  (foreignNode)   76, 0.0094240, 2.36546, 1.11923, cutlass3x_sm100_tensorop_s256x128x8tf32implicit_gemm_fprop_f32_f32_f32_f32_f32_f32_256x128x32_dyn_cga_ndhwc_ndhwc_ndhwc_align4_2sm_relu_valpha_vbeta, 0x30b1f4ff6d025, cga={2 4 1 1 2 1 1} , 1
[09/08/2026-09:06:13] [TRT] [V]  (foreignNode)   52, 0.0097248, 2.44096, 0.95267, cutlass3x_sm100_tensorop_s64x128x8tf32implicit_gemm_fprop_f32_f32_f32_f32_f32_f32_64x128x32_dyn_cga_ndhwc_ndhwc_ndhwc_align4_1sm_relu_valpha_vbeta, 0x5daa40d681e91, cga={0 0 0 1 0 0 1} , 1
[09/08/2026-09:06:13] [TRT] [V]  (foreignNode)   53, 0.0097280, 2.44177, 0.95236, cutlass3x_sm100_tensorop_s64x128x8tf32implicit_gemm_fprop_f32_f32_f32_f32_f32_f32_64x128x32_dyn_cga_ndhwc_ndhwc_ndhwc_align4_1sm_relu_valpha_vbeta, 0x5a0479053cc1e, cga={2 1 1 1 1 1 1} , 1
[09/08/2026-09:06:13] [TRT] [V]  (foreignNode)   33, 0.0102912, 2.58313, 0.75919, sm80_xmma_fprop_implicit_gemm_indexed_f32f32_f32f32_f32_nchwkcrs_nchw_tilesize128x16x8_stage3_warpsize4x1x1_g1_ffma_aligna4_alignc4, 0x476cf2cb3e307, , 0
[09/08/2026-09:06:13] [TRT] [V]  (foreignNode)   81, 0.0103392, 2.59518, 1.02096, cutlass3x_sm100_tensorop_s256x128x8tf32implicit_gemm_fprop_f32_f32_f32_f32_f32_f32_256x128x32_dyn_cga_ndhwc_ndhwc_ndhwc_align4_2sm_relu_valpha_vbeta, 0x2a92736fa5b85, cga={2 2 1 1 2 1 1} , 1
[09/08/2026-09:06:13] [TRT] [V]  (foreignNode)   31, 0.0103424, 2.59598, 0.74347, sm80_xmma_fprop_implicit_gemm_f32f32_f32f32_f32_nhwckrsc_nhwc_tilesize128x16x8_stage3_warpsize4x1x1_g1_ffma_aligna4_alignc4, 0x3b79f5c9c6a6f, , 0
[09/08/2026-09:06:13] [TRT] [V]  (foreignNode)   80, 0.0103424, 2.59598, 1.02064, cutlass3x_sm100_tensorop_s256x128x8tf32implicit_gemm_fprop_f32_f32_f32_f32_f32_f32_256x128x32_dyn_cga_ndhwc_ndhwc_ndhwc_align4_2sm_relu_valpha_vbeta, 0x6405fd61a896c, cga={0 0 0 1 0 0 1} , 1
[09/08/2026-09:06:13] [TRT] [V]  (foreignNode)   35, 0.0112128, 2.81446, 0.71298, sm80_xmma_fprop_implicit_gemm_indexed_f32f32_f32f32_f32_nchwkcrs_nchw_tilesize128x32x8_stage3_warpsize2x2x1_g1_ffma_aligna4_alignc4, 0x4e258bc5fc494, , 0
[09/08/2026-09:06:13] [TRT] [V]  (foreignNode)   67, 0.0115712, 2.90442, 0.85743, sm80_xmma_fprop_implicit_gemm_f32f32_f32f32_f32_nhwckrsc_nhwc_tilesize64x64x8_stage3_warpsize1x4x1_g1_ffma_aligna4_alignc4, 0x2eab98750fbb5, , 0
[09/08/2026-09:06:13] [TRT] [V]  (foreignNode)   15, 0.0127936, 3.21125, 0.48032, sm80_xmma_fprop_implicit_gemm_indexed_f32f32_f32f32_f32_nhwckrsc_nhwc_tilesize64x64x8_stage3_warpsize1x4x1_g1_ffma_aligna4_alignc4, 0x4a7493d1e9e89, , 0
[09/08/2026-09:06:13] [TRT] [V]  (foreignNode)   10, 0.0128000, 3.21285, 0.38094, sm80_xmma_fprop_implicit_gemm_indexed_f32f32_f32f32_f32_nhwckrsc_nhwc_tilesize128x16x8_stage3_warpsize4x1x1_g1_ffma_aligna4_alignc4, 0x3bca03cd770a5, , 0
[09/08/2026-09:06:13] [TRT] [V]  (foreignNode)   22, 0.0130800, 3.28313, 0.56309, sm80_xmma_fprop_implicit_gemm_indexed_f32f32_f32f32_f32_nchwkcrs_nchw_tilesize128x64x8_stage2_warpsize1x4x1_g1_ffma_aligna4_alignc4_beta0_packed_stride, 0x55390ef379ea7, , 0
[09/08/2026-09:06:13] [TRT] [V]  (foreignNode)   36, 0.0133584, 3.35301, 0.60237, sm80_xmma_fprop_implicit_gemm_indexed_f32f32_f32f32_f32_nchwkcrs_nchw_tilesize128x64x8_stage2_warpsize2x2x1_g1_ffma_aligna4_alignc4_beta0_packed_stride, 0x351f081fc49c9, , 0
[09/08/2026-09:06:13] [TRT] [V]  (foreignNode)    2, 0.0134656, 3.37992, 0.02613, sm80_xmma_fprop_implicit_gemm_f32f32_tf32f32_f32_nhwckrsc_nhwc_tilesize64x32x64_stage5_warpsize2x2x1_g1_tensor16x8x8_t1r5s5, 0x4fb78a8ee3413, , 0
[09/08/2026-09:06:13] [TRT] [V]  (foreignNode)    1, 0.0138240, 3.46988, 0.01245, sm80_xmma_fprop_implicit_gemm_f32f32_tf32f32_f32_nhwckrsc_nhwc_tilesize64x128x32_stage5_warpsize2x2x1_g1_tensor16x8x8_t1r5s5, 0x31a7f85c1f455, , 0
[09/08/2026-09:06:13] [TRT] [V]  (foreignNode)    8, 0.0140256, 3.52048, 0.29807, sm80_xmma_fprop_implicit_gemm_f32f32_tf32f32_f32_nhwckrsc_nhwc_tilesize128x128x16_stage4_warpsize2x2x1_g1_tensor16x8x8_t1r5s5, 0x49911ac01e627, , 0
[09/08/2026-09:06:13] [TRT] [V]  (foreignNode)   21, 0.0140256, 3.52048, 0.49935, sm80_xmma_fprop_implicit_gemm_indexed_f32f32_f32f32_f32_nhwckrsc_nhwc_tilesize128x32x8_stage3_warpsize2x2x1_g1_ffma_aligna4_alignc4, 0x49213414bb034, , 0
[09/08/2026-09:06:13] [TRT] [V]  (foreignNode)   44, 0.0142800, 3.58434, 0.58230, sm80_xmma_fprop_implicit_gemm_indexed_f32f32_f32f32_f32_nchwkcrs_nchw_tilesize128x64x8_stage2_warpsize4x1x1_g1_ffma_aligna4_alignc4_beta0_packed_stride, 0x31f96456fbbaa, , 0
[09/08/2026-09:06:13] [TRT] [V]  (foreignNode)   20, 0.0146432, 3.67550, 0.47316, sm80_xmma_fprop_implicit_gemm_indexed_f32f32_tf32f32_f32_nhwckrsc_nhwc_tilesize64x128x32_stage5_warpsize2x2x1_g1_tensor16x8x8, 0x49868b2ede875, , 0
[09/08/2026-09:06:13] [TRT] [V]  (foreignNode)    3, 0.0148512, 3.72771, 0.02526, sm80_xmma_fprop_implicit_gemm_f32f32_tf32f32_f32_nhwckrsc_nhwc_tilesize128x64x32_stage5_warpsize2x2x1_g1_tensor16x8x8_t1r5s5, 0x35a5ab3531f15, , 0
[09/08/2026-09:06:13] [TRT] [V]  (foreignNode)   55, 0.0152576, 3.82972, 0.61963, sm80_xmma_fprop_implicit_gemm_indexed_f32f32_tf32f32_f32_nhwckrsc_nhwc_tilesize128x128x16_stage4_warpsize2x2x1_g1_tensor16x8x8, 0x2de203e8b2ea5, , 0
[09/08/2026-09:06:13] [TRT] [V]  (foreignNode)   18, 0.0154656, 3.88193, 0.42322, sm80_xmma_fprop_implicit_gemm_indexed_f32f32_tf32f32_f32_nhwckrsc_nhwc_tilesize64x32x64_stage5_warpsize2x2x1_g1_tensor16x8x8, 0x4172b23d05227, , 0
[09/08/2026-09:06:13] [TRT] [V]  (foreignNode)   30, 0.0166912, 4.18956, 0.45898, sm80_xmma_fprop_implicit_gemm_indexed_f32f32_tf32f32_f32_nhwckrsc_nhwc_tilesize128x64x32_stage5_warpsize2x2x1_g1_tensor16x8x8, 0x431ddc1194a06, , 0
[09/08/2026-09:06:13] [TRT] [V]  (foreignNode)    4, 0.0175040, 4.39357, 0.02424, sm80_xmma_fprop_implicit_gemm_f32f32_tf32f32_f32_nhwckrsc_nhwc_tilesize64x64x64_stage4_warpsize2x2x1_g1_tensor16x8x8_t1r5s5, 0x432daf1be800f, , 0
[09/08/2026-09:06:13] [TRT] [V]  (foreignNode)   17, 0.0179200, 4.49799, 0.35287, sm80_xmma_fprop_implicit_gemm_indexed_f32f32_tf32f32_f32_nhwckrsc_nhwc_tilesize64x64x64_stage4_warpsize2x2x1_g1_tensor16x8x8, 0x636547a74de20, , 0
[09/08/2026-09:06:13] [TRT] [V]  (foreignNode)    5, 0.0242688, 6.09157, 0.01948, sm80_xmma_fprop_implicit_gemm_f32f32_tf32f32_f32_nhwckrsc_nhwc_tilesize128x128x32_stage4_warpsize2x2x1_g1_tensor16x8x8_t1r5s5, 0x2d4536a1f1c2b, , 0
[09/08/2026-09:06:13] [TRT] [V]  (foreignNode)    7, 0.0246784, 6.19438, 0.10172, sm80_xmma_fprop_implicit_gemm_f32f32_tf32f32_f32_nhwckrsc_nhwc_tilesize256x64x32_stage3_warpsize4x2x1_g1_tensor16x8x8_t1r5s5, 0x66cc1dac884d7, , 0
[09/08/2026-09:06:13] [TRT] [V]  (foreignNode)   62, 0.0261120, 6.55422, 0.37228, sm80_xmma_fprop_implicit_gemm_indexed_f32f32_tf32f32_f32_nhwckrsc_nhwc_tilesize128x128x32_stage4_warpsize2x2x1_g1_tensor16x8x8, 0x3298380762977, , 0
[09/08/2026-09:06:13] [TRT] [V]  (foreignNode)    6, 0.0273440, 6.86345, 0.02519, sm80_xmma_fprop_implicit_gemm_f32f32_tf32f32_f32_nhwckrsc_nhwc_tilesize128x64x64_stage3_warpsize2x2x1_g1_tensor16x8x8_t1r5s5, 0x52c1b0c58dc7e, , 0
[09/08/2026-09:06:13] [TRT] [V]  (foreignNode)   73, 0.0273440, 6.86345, 0.37840, sm80_xmma_fprop_implicit_gemm_indexed_f32f32_tf32f32_f32_nhwckrsc_nhwc_tilesize256x64x32_stage3_warpsize4x2x1_g1_tensor16x8x8, 0x3744937436798, , 0
[09/08/2026-09:06:13] [TRT] [V]  (foreignNode)   40, 0.0281600, 7.06827, 0.29139, sm80_xmma_fprop_implicit_gemm_indexed_f32f32_tf32f32_f32_nhwckrsc_nhwc_tilesize128x64x64_stage3_warpsize2x2x1_g1_tensor16x8x8, 0x6547ca996df22, , 0
[09/08/2026-09:06:13] [TRT] [V]  (foreignNode)   89, 0.0359360, 9.02008, 0.30151, sm80_xmma_fprop_implicit_gemm_f32f32_tf32f32_f32_nhwckrsc_nhwc_tilesize128x256x32_stage3_warpsize2x4x1_g1_tensor16x8x8_t1r5s5, 0x6a41884f5e7cc, , 0
[09/08/2026-09:06:13] [TRT] [V]  (foreignNode)   69, 0.0365664, 9.17831, 0.27525, sm80_xmma_fprop_implicit_gemm_f32f32_tf32f32_f32_nhwckrsc_nhwc_tilesize256x128x32_stage3_warpsize4x2x1_g1_tensor16x8x8_t1r5s5, 0x663efa1619feb, , 0
[09/08/2026-09:06:13] [TRT] [V]  (foreignNode)    0, 0.1416192, 35.54699, 0.00009, sm80_xmma_fprop_implicit_gemm_f32f32_f32f32_f32_nhwckrsc_nhwc_tilesize64x32x32_stage3_warpsize1x1x1_g1_ffma_t1r5s5_aligna4_alignc4, 0x4ef62c03704ff, , 0
[09/08/2026-09:06:13] [TRT] [V]  (foreignNode) Autotuning op node_max_pool2d: [ONNX Layer: node_max_pool2d]
[09/08/2026-09:06:13] [TRT] [V]  (foreignNode) Sorted table of all evaluated tactics:
[09/08/2026-09:06:13] [TRT] [V]  (foreignNode) tactic_id, cost(in ms), cost/fastest_cost, prediction_correlation, kernel_name, tactic_hash, tunable_parameter
[09/08/2026-09:06:13] [TRT] [V]  (foreignNode)   18, 0.0030720, 1.00000, 0.00000, sm50_xmma_pooling_max_nhwc_FP32FP32_WINDOWSIZE_0_PROPAGATE_NAN_2D, 0x3ea57a4823c16,
[09/08/2026-09:06:13] [TRT] [V]  (foreignNode)   21, 0.0032704, 1.06458, 0.00000, sm50_xmma_pooling_max_nhwc_FP32FP32_WINDOWSIZE_0_PROPAGATE_NAN_3D, 0x5f6ef706a7d48,
[09/08/2026-09:06:13] [TRT] [V]  (foreignNode)   19, 0.0033792, 1.10000, 0.00000, sm50_xmma_pooling_max_nhwc_FP32FP32_WINDOWSIZE_0_NOT_PROPAGATE_NAN_2D, 0x5914f00bac43d,
[09/08/2026-09:06:13] [TRT] [V]  (foreignNode)   20, 0.0034816, 1.13333, 0.00000, sm50_xmma_pooling_max_nhwc_FP32FP32_WINDOWSIZE_0_NOT_PROPAGATE_NAN_3D, 0x417b0a9684bce,
[09/08/2026-09:06:13] [TRT] [V]  (foreignNode)   22, 0.0035808, 1.16563, 0.00000, sm50_xmma_pooling_fw_4d_FP32FP32NHWC_Max_CAlign4, 0x43ba9dabdf34a,
[09/08/2026-09:06:13] [TRT] [V]  (foreignNode)    4, 0.0041328, 1.34531, 0.00000, sm50_xmma_pooling_tiled_FP32NCHW_kMAX_tP2_tQ32_tR2_tS2_tU2_tV2_tUnroll6_tThreads256, 0x3ea857c248ca8,
[09/08/2026-09:06:13] [TRT] [V]  (foreignNode)    6, 0.0041376, 1.34687, 0.00000, sm50_xmma_pooling_tiled_FP32NCHW_kMAX_tP2_tQ16_tR2_tS2_tU2_tV2_tUnroll4_tThreads128, 0x2b972e93e988c,
[09/08/2026-09:06:13] [TRT] [V]  (foreignNode)    5, 0.0041472, 1.35000, 0.00000, sm50_xmma_pooling_tiled_FP32NCHW_kMAX_tP2_tQ32_tR2_tS2_tU2_tV2_tUnroll2_tThreads256, 0x3125f8c13a9d2,
[09/08/2026-09:06:13] [TRT] [V]  (foreignNode)   13, 0.0041712, 1.35781, 0.00000, sm50_xmma_pooling_tiled_FP32NCHW_kMAX_tP2_tQ16_tR2_tS2_tU2_tV2_tUnroll2_tThreads128, 0x2bf45d2716a13,
[09/08/2026-09:06:13] [TRT] [V]  (foreignNode)    8, 0.0042960, 1.39844, 0.00000, sm50_xmma_pooling_tiled_FP32NCHW_kMAX_tP2_tQ32_tR2_tS2_tU2_tV2_tUnroll3_tThreads256, 0x55f94868fec17,
[09/08/2026-09:06:13] [TRT] [V]  (foreignNode)    7, 0.0043008, 1.40000, 0.00000, sm50_xmma_pooling_tiled_FP32NCHW_kMAX_tP2_tQ32_tR2_tS2_tU2_tV2_tUnroll1_tThreads256, 0x64442bb905df7,
[09/08/2026-09:06:13] [TRT] [V]  (foreignNode)    9, 0.0043008, 1.40000, 0.00000, sm50_xmma_pooling_tiled_FP32NCHW_kMAX_tP2_tQ32_tR2_tS2_tU2_tV2_tUnroll4_tThreads256, 0x38045e9a41a05,
[09/08/2026-09:06:13] [TRT] [V]  (foreignNode)   10, 0.0043008, 1.40000, 0.00000, sm50_xmma_pooling_tiled_FP32NCHW_kMAX_tP2_tQ32_tR2_tS2_tU2_tV2_tUnroll7_tThreads256, 0x67337ba2c9574,
[09/08/2026-09:06:13] [TRT] [V]  (foreignNode)   12, 0.0043008, 1.40000, 0.00000, sm50_xmma_pooling_tiled_FP32NCHW_kMAX_tP2_tQ16_tR2_tS2_tU2_tV2_tUnroll1_tThreads128, 0x583fed2d953ce,
[09/08/2026-09:06:13] [TRT] [V]  (foreignNode)   14, 0.0043008, 1.40000, 0.00000, sm50_xmma_pooling_tiled_FP32NCHW_kMAX_tP2_tQ16_tR2_tS2_tU2_tV2_tUnroll3_tThreads128, 0x30155589e9e55,
[09/08/2026-09:06:13] [TRT] [V]  (foreignNode)   15, 0.0043008, 1.40000, 0.00000, sm50_xmma_pooling_tiled_FP32NCHW_kMAX_tP2_tQ16_tR2_tS2_tU2_tV2_tUnroll5_tThreads128, 0x54142aab23da0,
[09/08/2026-09:06:13] [TRT] [V]  (foreignNode)   17, 0.0043008, 1.40000, 0.00000, sm50_xmma_pooling_tiled_FP32NCHW_kMAX_tP2_tQ16_tR2_tS2_tU2_tV2_tUnroll7_tThreads128, 0x5eca1335acc0f,
[09/08/2026-09:06:13] [TRT] [V]  (foreignNode)   16, 0.0043056, 1.40156, 0.00000, sm50_xmma_pooling_tiled_FP32NCHW_kMAX_tP2_tQ16_tR2_tS2_tU2_tV2_tUnroll6_tThreads128, 0x333c1acc675f0,
[09/08/2026-09:06:13] [TRT] [V]  (foreignNode)    3, 0.0043104, 1.40313, 0.00000, sm50_xmma_pooling_tiled_FP32NCHW_kMAX_tP2_tQ32_tR2_tS2_tU2_tV2_tUnroll5_tThreads256, 0x64133401b7661,
[09/08/2026-09:06:13] [TRT] [V]  (foreignNode)    2, 0.0044544, 1.45000, 0.00000, sm50_xmma_pooling_tiled_FP32NCHW_kMAX_tP2_tQ16_tR2_tS2_tU2_tV2_tUnroll8_tThreads128, 0x5294701e65a66,
[09/08/2026-09:06:13] [TRT] [V]  (foreignNode)   11, 0.0046080, 1.50000, 0.00000, sm50_xmma_pooling_tiled_FP32NCHW_kMAX_tP2_tQ32_tR2_tS2_tU2_tV2_tUnroll8_tThreads256, 0x2d029e3b7d3f6,
[09/08/2026-09:06:13] [TRT] [V]  (foreignNode)    0, 0.0048960, 1.59375, 0.00000, sm50_xmma_pooling_fw_4d_FP32FP32NCHW_Max, 0x2a5c87ca5f512,
[09/08/2026-09:06:13] [TRT] [V]  (foreignNode)    1, 0.0049152, 1.60000, 0.00000, sm50_xmma_pooling_nd_NCDHW_kMAX_kGENERIC_3D_POOLING_MODE_kFLOAT_0, 0x4fe9b6f87bdcf,
[09/08/2026-09:06:13] [TRT] [V]  (foreignNode) Autotuning op node_conv2d_1: [ONNX Layer: node_conv2d_1][ONNX Layer: node_relu_1]
[09/08/2026-09:06:13] [TRT] [V]  (foreignNode) Sorted table of all evaluated tactics:
[09/08/2026-09:06:13] [TRT] [V]  (foreignNode) tactic_id, cost(in ms), cost/fastest_cost, prediction_correlation, kernel_name, tactic_hash, tunable_parameter, conv_w2c_input_fold
[09/08/2026-09:06:13] [TRT] [V]  (foreignNode)   19, 0.0055264, 1.00000, 1.37512, cutlass3x_sm100_tensorop_s128x128x8tf32implicit_gemm_fprop_f32_f32_f32_f32_f32_f32_128x128x32_dyn_cga_ndhwc_ndhwc_ndhwc_align4_2sm_relu_valpha_vbeta, 0x4304317fbe1bd, cga={0 0 0 1 0 0 1} , 1
[09/08/2026-09:06:13] [TRT] [V]  (foreignNode)   21, 0.0057344, 1.03764, 1.32632, cutlass3x_sm100_tensorop_s128x128x8tf32implicit_gemm_fprop_f32_f32_f32_f32_f32_f32_128x128x32_dyn_cga_ndhwc_ndhwc_ndhwc_align4_2sm_relu_valpha_vbeta, 0x55714909151fa, cga={2 4 1 1 2 1 1} , 1
[09/08/2026-09:06:13] [TRT] [V]  (foreignNode)   20, 0.0058368, 1.05617, 1.30199, cutlass3x_sm100_tensorop_s128x128x8tf32implicit_gemm_fprop_f32_f32_f32_f32_f32_f32_128x128x32_dyn_cga_ndhwc_ndhwc_ndhwc_align4_2sm_relu_valpha_vbeta, 0x5c469f7af1dcd, cga={2 2 1 1 2 1 1} , 1
[09/08/2026-09:06:13] [TRT] [V]  (foreignNode)   22, 0.0062464, 1.13028, 1.21761, cutlass3x_sm100_tensorop_s128x128x8tf32implicit_gemm_fprop_f32_f32_f32_f32_f32_f32_128x128x32_dyn_cga_ndhwc_ndhwc_ndhwc_align4_2sm_relu_valpha_vbeta, 0x4e34d81907a83, cga={2 2 2 1 2 1 1} , 1
[09/08/2026-09:06:13] [TRT] [V]  (foreignNode)   23, 0.0062464, 1.13028, 1.21853, cutlass3x_sm100_tensorop_s128x128x8tf32implicit_gemm_fprop_f32_f32_f32_f32_f32_f32_128x128x32_dyn_cga_ndhwc_ndhwc_ndhwc_align4_2sm_relu_valpha_vbeta, 0x46d1458ef597b, cga={2 8 1 1 2 1 1} , 1
[09/08/2026-09:06:13] [TRT] [V]  (foreignNode)   24, 0.0064352, 1.16445, 1.18278, cutlass3x_sm100_tensorop_s128x128x8tf32implicit_gemm_fprop_f32_f32_f32_f32_f32_f32_128x128x32_dyn_cga_ndhwc_ndhwc_ndhwc_align4_2sm_relu_valpha_vbeta, 0x37257429eb46d, cga={2 2 4 1 2 1 1} , 1
[09/08/2026-09:06:13] [TRT] [V]  (foreignNode)   27, 0.0064512, 1.16734, 1.18125, cutlass3x_sm100_tensorop_s128x128x8tf32implicit_gemm_fprop_f32_f32_f32_f32_f32_f32_128x128x32_dyn_cga_ndhwc_ndhwc_ndhwc_align4_2sm_relu_valpha_vbeta, 0x4331be6667bbe, cga={2 8 2 1 2 1 1} , 1
[09/08/2026-09:06:13] [TRT] [V]  (foreignNode)   25, 0.0064544, 1.16792, 1.17960, cutlass3x_sm100_tensorop_s128x128x8tf32implicit_gemm_fprop_f32_f32_f32_f32_f32_f32_128x128x32_dyn_cga_ndhwc_ndhwc_ndhwc_align4_2sm_relu_valpha_vbeta, 0x5fa4d162bb793, cga={2 4 2 1 2 1 1} , 1
[09/08/2026-09:06:13] [TRT] [V]  (foreignNode)   55, 0.0066560, 1.20440, 1.58379, cutlass3x_sm100_tensorop_s256x128x8tf32implicit_gemm_fprop_f32_f32_f32_f32_f32_f32_256x128x32_dyn_cga_ndhwc_ndhwc_ndhwc_align4_2sm_relu_valpha_vbeta, 0x3721a9c849799, cga={0 0 0 1 0 0 1} , 1
[09/08/2026-09:06:13] [TRT] [V]  (foreignNode)   56, 0.0066592, 1.20498, 1.58302, cutlass3x_sm100_tensorop_s256x128x8tf32implicit_gemm_fprop_f32_f32_f32_f32_f32_f32_256x128x32_dyn_cga_ndhwc_ndhwc_ndhwc_align4_2sm_relu_valpha_vbeta, 0x50af5fd6a3e62, cga={2 2 1 1 2 1 1} , 1
[09/08/2026-09:06:13] [TRT] [V]  (foreignNode)   69, 0.0067584, 1.22293, 1.65482, cutlass3x_sm100_tensorop_s128x256x8tf32implicit_gemm_fprop_f32_f32_f32_f32_f32_f32_128x256x32_dyn_cga_ndhwc_ndhwc_ndhwc_align4_2sm_relu_valpha_vbeta, 0x453e19b732c0d, cga={2 4 1 1 2 1 1} , 1
[09/08/2026-09:06:13] [TRT] [V]  (foreignNode)   70, 0.0067616, 1.22351, 1.65404, cutlass3x_sm100_tensorop_s128x256x8tf32implicit_gemm_fprop_f32_f32_f32_f32_f32_f32_128x256x32_dyn_cga_ndhwc_ndhwc_ndhwc_align4_2sm_relu_valpha_vbeta, 0x4b848400f9ac3, cga={2 2 2 1 2 1 1} , 1
[09/08/2026-09:06:13] [TRT] [V]  (foreignNode)   28, 0.0068416, 1.23798, 1.11385, cutlass3x_sm100_tensorop_s128x128x8tf32implicit_gemm_fprop_f32_f32_f32_f32_f32_f32_128x128x32_dyn_cga_ndhwc_ndhwc_ndhwc_align4_2sm_relu_valpha_vbeta, 0x2f9ff95bc773e, cga={2 4 4 1 2 1 1} , 1
[09/08/2026-09:06:13] [TRT] [V]  (foreignNode)   61, 0.0068512, 1.23972, 1.54081, cutlass3x_sm100_tensorop_s256x128x8tf32implicit_gemm_fprop_f32_f32_f32_f32_f32_f32_256x128x32_dyn_cga_ndhwc_ndhwc_ndhwc_align4_2sm_relu_valpha_vbeta, 0x43e471db26783, cga={2 4 2 1 2 1 1} , 1
[09/08/2026-09:06:13] [TRT] [V]  (foreignNode)   60, 0.0068576, 1.24088, 1.53905, cutlass3x_sm100_tensorop_s256x128x8tf32implicit_gemm_fprop_f32_f32_f32_f32_f32_f32_256x128x32_dyn_cga_ndhwc_ndhwc_ndhwc_align4_2sm_relu_valpha_vbeta, 0x5eea3dad64c70, cga={2 2 4 1 2 1 1} , 1
[09/08/2026-09:06:13] [TRT] [V]  (foreignNode)   67, 0.0068576, 1.24088, 1.62992, cutlass3x_sm100_tensorop_s128x256x8tf32implicit_gemm_fprop_f32_f32_f32_f32_f32_f32_128x256x32_dyn_cga_ndhwc_ndhwc_ndhwc_align4_2sm_relu_valpha_vbeta, 0x333e4d705f96d, cga={0 0 0 1 0 0 1} , 1
[09/08/2026-09:06:13] [TRT] [V]  (foreignNode)   26, 0.0068608, 1.24146, 1.10987, cutlass3x_sm100_tensorop_s128x128x8tf32implicit_gemm_fprop_f32_f32_f32_f32_f32_f32_128x128x32_dyn_cga_ndhwc_ndhwc_ndhwc_align4_2sm_relu_valpha_vbeta, 0x56f3b08aaeac4, cga={2 2 8 1 2 1 1} , 1
[09/08/2026-09:06:13] [TRT] [V]  (foreignNode)   57, 0.0068608, 1.24146, 1.53745, cutlass3x_sm100_tensorop_s256x128x8tf32implicit_gemm_fprop_f32_f32_f32_f32_f32_f32_256x128x32_dyn_cga_ndhwc_ndhwc_ndhwc_align4_2sm_relu_valpha_vbeta, 0x57545ac5861fb, cga={2 4 1 1 2 1 1} , 1
[09/08/2026-09:06:13] [TRT] [V]  (foreignNode)   59, 0.0068608, 1.24146, 1.53833, cutlass3x_sm100_tensorop_s256x128x8tf32implicit_gemm_fprop_f32_f32_f32_f32_f32_f32_256x128x32_dyn_cga_ndhwc_ndhwc_ndhwc_align4_2sm_relu_valpha_vbeta, 0x5b9ea11e50357, cga={2 8 1 1 2 1 1} , 1
[09/08/2026-09:06:13] [TRT] [V]  (foreignNode)   73, 0.0068608, 1.24146, 1.63134, cutlass3x_sm100_tensorop_s128x256x8tf32implicit_gemm_fprop_f32_f32_f32_f32_f32_f32_128x256x32_dyn_cga_ndhwc_ndhwc_ndhwc_align4_2sm_relu_valpha_vbeta, 0x55636b2e81dff, cga={2 4 2 1 2 1 1} , 1
[09/08/2026-09:06:13] [TRT] [V]  (foreignNode)   68, 0.0068640, 1.24204, 1.62841, cutlass3x_sm100_tensorop_s128x256x8tf32implicit_gemm_fprop_f32_f32_f32_f32_f32_f32_128x256x32_dyn_cga_ndhwc_ndhwc_ndhwc_align4_2sm_relu_valpha_vbeta, 0x503f8101375d9, cga={2 2 1 1 2 1 1} , 1
[09/08/2026-09:06:13] [TRT] [V]  (foreignNode)   91, 0.0069600, 1.25941, 1.94086, cutlass3x_sm100_tensorop_s128x128x8tf32implicit_gemm_fprop_f32_f32_f32_f32_f32_f32_128x128x32_dyn_cga_ndhwc_ndhwc_ndhwc_align4_1sm_relu_valpha_vbeta, 0x510305c3b3d98, cga={2 2 4 1 2 1 1} , 1
[09/08/2026-09:06:13] [TRT] [V]  (foreignNode)   58, 0.0069632, 1.25999, 1.51484, cutlass3x_sm100_tensorop_s256x128x8tf32implicit_gemm_fprop_f32_f32_f32_f32_f32_f32_256x128x32_dyn_cga_ndhwc_ndhwc_ndhwc_align4_2sm_relu_valpha_vbeta, 0x5106667b513ff, cga={2 2 2 1 2 1 1} , 1
[09/08/2026-09:06:13] [TRT] [V]  (foreignNode)   93, 0.0069632, 1.25999, 1.94030, cutlass3x_sm100_tensorop_s128x128x8tf32implicit_gemm_fprop_f32_f32_f32_f32_f32_f32_128x128x32_dyn_cga_ndhwc_ndhwc_ndhwc_align4_1sm_relu_valpha_vbeta, 0x57a4af8aebe85, cga={2 4 2 1 2 1 1} , 1
[09/08/2026-09:06:13] [TRT] [V]  (foreignNode)   71, 0.0069824, 1.26346, 1.60260, cutlass3x_sm100_tensorop_s128x256x8tf32implicit_gemm_fprop_f32_f32_f32_f32_f32_f32_128x256x32_dyn_cga_ndhwc_ndhwc_ndhwc_align4_2sm_relu_valpha_vbeta, 0x5808f36945b1b, cga={2 8 1 1 2 1 1} , 1
[09/08/2026-09:06:13] [TRT] [V]  (foreignNode)   39, 0.0070592, 1.27736, 1.37628, cutlass3x_sm100_tensorop_s64x128x8tf32implicit_gemm_fprop_f32_f32_f32_f32_f32_f32_64x128x32_dyn_cga_ndhwc_ndhwc_ndhwc_align4_1sm_relu_valpha_vbeta, 0x469114cf5cdd1, cga={2 2 2 1 2 1 1} , 1
[09/08/2026-09:06:13] [TRT] [V]  (foreignNode)   46, 0.0070624, 1.27794, 1.37680, cutlass3x_sm100_tensorop_s64x128x8tf32implicit_gemm_fprop_f32_f32_f32_f32_f32_f32_64x128x32_dyn_cga_ndhwc_ndhwc_ndhwc_align4_1sm_relu_valpha_vbeta, 0x3b1906df39469, cga={2 4 2 1 2 1 1} , 1
[09/08/2026-09:06:13] [TRT] [V]  (foreignNode)   51, 0.0070624, 1.27794, 1.37780, cutlass3x_sm100_tensorop_s64x128x8tf32implicit_gemm_fprop_f32_f32_f32_f32_f32_f32_64x128x32_dyn_cga_ndhwc_ndhwc_ndhwc_align4_1sm_relu_valpha_vbeta, 0x612dad46c6198, cga={2 4 4 1 2 1 1} , 1
[09/08/2026-09:06:13] [TRT] [V]  (foreignNode)   94, 0.0070624, 1.27794, 1.91305, cutlass3x_sm100_tensorop_s128x128x8tf32implicit_gemm_fprop_f32_f32_f32_f32_f32_f32_128x128x32_dyn_cga_ndhwc_ndhwc_ndhwc_align4_1sm_relu_valpha_vbeta, 0x5f16174c3c38d, cga={2 2 4 1 1 2 1} , 1
[09/08/2026-09:06:13] [TRT] [V]  (foreignNode)   62, 0.0070656, 1.27852, 1.49420, cutlass3x_sm100_tensorop_s256x128x8tf32implicit_gemm_fprop_f32_f32_f32_f32_f32_f32_256x128x32_dyn_cga_ndhwc_ndhwc_ndhwc_align4_2sm_relu_valpha_vbeta, 0x2de032ef09f25, cga={2 2 8 1 2 1 1} , 1
[09/08/2026-09:06:13] [TRT] [V]  (foreignNode)   72, 0.0070656, 1.27852, 1.58373, cutlass3x_sm100_tensorop_s128x256x8tf32implicit_gemm_fprop_f32_f32_f32_f32_f32_f32_128x256x32_dyn_cga_ndhwc_ndhwc_ndhwc_align4_2sm_relu_valpha_vbeta, 0x325cf65c226c0, cga={2 2 4 1 2 1 1} , 1
[09/08/2026-09:06:13] [TRT] [V]  (foreignNode)   74, 0.0070656, 1.27852, 1.58420, cutlass3x_sm100_tensorop_s128x256x8tf32implicit_gemm_fprop_f32_f32_f32_f32_f32_f32_128x256x32_dyn_cga_ndhwc_ndhwc_ndhwc_align4_2sm_relu_valpha_vbeta, 0x34c6e8667b486, cga={2 2 8 1 2 1 1} , 1
[09/08/2026-09:06:13] [TRT] [V]  (foreignNode)   83, 0.0070656, 1.27852, 1.90998, cutlass3x_sm100_tensorop_s128x128x8tf32implicit_gemm_fprop_f32_f32_f32_f32_f32_f32_128x128x32_dyn_cga_ndhwc_ndhwc_ndhwc_align4_1sm_relu_valpha_vbeta, 0x563299ce42ff4, cga={2 2 1 1 2 1 1} , 1
[09/08/2026-09:06:13] [TRT] [V]  (foreignNode)   90, 0.0070656, 1.27852, 1.91185, cutlass3x_sm100_tensorop_s128x128x8tf32implicit_gemm_fprop_f32_f32_f32_f32_f32_f32_128x128x32_dyn_cga_ndhwc_ndhwc_ndhwc_align4_1sm_relu_valpha_vbeta, 0x54c6ea1a3bd0e, cga={2 4 2 1 1 2 1} , 1
[09/08/2026-09:06:13] [TRT] [V]  (foreignNode)   76, 0.0070688, 1.27910, 1.58436, cutlass3x_sm100_tensorop_s128x256x8tf32implicit_gemm_fprop_f32_f32_f32_f32_f32_f32_128x256x32_dyn_cga_ndhwc_ndhwc_ndhwc_align4_2sm_relu_valpha_vbeta, 0x4f2de9ed8cb2b, cga={2 4 4 1 2 1 1} , 1
[09/08/2026-09:06:13] [TRT] [V]  (foreignNode)   43, 0.0070784, 1.28083, 1.37338, cutlass3x_sm100_tensorop_s64x128x8tf32implicit_gemm_fprop_f32_f32_f32_f32_f32_f32_64x128x32_dyn_cga_ndhwc_ndhwc_ndhwc_align4_1sm_relu_valpha_vbeta, 0x502d8bf13d366, cga={2 4 2 1 1 2 1} , 1
[09/08/2026-09:06:13] [TRT] [V]  (foreignNode)   64, 0.0071648, 1.29647, 1.47437, cutlass3x_sm100_tensorop_s256x128x8tf32implicit_gemm_fprop_f32_f32_f32_f32_f32_f32_256x128x32_dyn_cga_ndhwc_ndhwc_ndhwc_align4_2sm_relu_valpha_vbeta, 0x482c541970afd, cga={2 4 4 1 2 1 1} , 1
[09/08/2026-09:06:13] [TRT] [V]  (foreignNode)   81, 0.0071680, 1.29705, 1.68779, cutlass3x_sm100_tensorop_s128x128x8tf32implicit_gemm_fprop_f32_f32_f32_f32_f32_f32_128x128x32_dyn_cga_ndhwc_ndhwc_ndhwc_align4_1sm_relu_valpha_vbeta, 0x33453eec6d586, cga={2 1 1 1 1 1 1} , 1
[09/08/2026-09:06:13] [TRT] [V]  (foreignNode)   85, 0.0071712, 1.29763, 1.88281, cutlass3x_sm100_tensorop_s128x128x8tf32implicit_gemm_fprop_f32_f32_f32_f32_f32_f32_128x128x32_dyn_cga_ndhwc_ndhwc_ndhwc_align4_1sm_relu_valpha_vbeta, 0x323a73391eaba, cga={2 4 1 1 2 1 1} , 1
[09/08/2026-09:06:13] [TRT] [V]  (foreignNode)   86, 0.0071744, 1.29821, 1.88197, cutlass3x_sm100_tensorop_s128x128x8tf32implicit_gemm_fprop_f32_f32_f32_f32_f32_f32_128x128x32_dyn_cga_ndhwc_ndhwc_ndhwc_align4_1sm_relu_valpha_vbeta, 0x4f50050eefc88, cga={2 2 2 1 2 1 1} , 1
[09/08/2026-09:06:13] [TRT] [V]  (foreignNode)   87, 0.0072608, 1.31384, 1.85958, cutlass3x_sm100_tensorop_s128x128x8tf32implicit_gemm_fprop_f32_f32_f32_f32_f32_f32_128x128x32_dyn_cga_ndhwc_ndhwc_ndhwc_align4_1sm_relu_valpha_vbeta, 0x50c21cb988b59, cga={2 2 2 1 1 2 1} , 1
[09/08/2026-09:06:13] [TRT] [V]  (foreignNode)   38, 0.0072640, 1.31442, 1.33748, cutlass3x_sm100_tensorop_s64x128x8tf32implicit_gemm_fprop_f32_f32_f32_f32_f32_f32_64x128x32_dyn_cga_ndhwc_ndhwc_ndhwc_align4_1sm_relu_valpha_vbeta, 0x379827835b73c, cga={2 4 1 1 2 1 1} , 1
[09/08/2026-09:06:13] [TRT] [V]  (foreignNode)   40, 0.0072672, 1.31500, 1.33689, cutlass3x_sm100_tensorop_s64x128x8tf32implicit_gemm_fprop_f32_f32_f32_f32_f32_f32_64x128x32_dyn_cga_ndhwc_ndhwc_ndhwc_align4_1sm_relu_valpha_vbeta, 0x62433dc779fbd, cga={2 2 2 1 1 2 1} , 1
[09/08/2026-09:06:13] [TRT] [V]  (foreignNode)   42, 0.0072672, 1.31500, 1.33770, cutlass3x_sm100_tensorop_s64x128x8tf32implicit_gemm_fprop_f32_f32_f32_f32_f32_f32_64x128x32_dyn_cga_ndhwc_ndhwc_ndhwc_align4_1sm_relu_valpha_vbeta, 0x4a436af716696, cga={2 8 1 1 2 1 1} , 1
[09/08/2026-09:06:13] [TRT] [V]  (foreignNode)   52, 0.0072672, 1.31500, 1.33897, cutlass3x_sm100_tensorop_s64x128x8tf32implicit_gemm_fprop_f32_f32_f32_f32_f32_f32_64x128x32_dyn_cga_ndhwc_ndhwc_ndhwc_align4_1sm_relu_valpha_vbeta, 0x53136019a4e89, cga={2 4 4 1 1 2 1} , 1
[09/08/2026-09:06:13] [TRT] [V]  (foreignNode)   80, 0.0072672, 1.31500, 1.66475, cutlass3x_sm100_tensorop_s128x128x8tf32implicit_gemm_fprop_f32_f32_f32_f32_f32_f32_128x128x32_dyn_cga_ndhwc_ndhwc_ndhwc_align4_1sm_relu_valpha_vbeta, 0x322e690916cd1, cga={0 0 0 1 0 0 1} , 1
[09/08/2026-09:06:13] [TRT] [V]  (foreignNode)   36, 0.0072704, 1.31558, 1.33543, cutlass3x_sm100_tensorop_s64x128x8tf32implicit_gemm_fprop_f32_f32_f32_f32_f32_f32_64x128x32_dyn_cga_ndhwc_ndhwc_ndhwc_align4_1sm_relu_valpha_vbeta, 0x4cd30a27f491b, cga={2 2 1 1 2 1 1} , 1
[09/08/2026-09:06:13] [TRT] [V]  (foreignNode)   47, 0.0072704, 1.31558, 1.33741, cutlass3x_sm100_tensorop_s64x128x8tf32implicit_gemm_fprop_f32_f32_f32_f32_f32_f32_64x128x32_dyn_cga_ndhwc_ndhwc_ndhwc_align4_1sm_relu_valpha_vbeta, 0x3d62a3c5f59d6, cga={2 2 4 1 1 2 1} , 1
[09/08/2026-09:06:13] [TRT] [V]  (foreignNode)   48, 0.0072704, 1.31558, 1.33755, cutlass3x_sm100_tensorop_s64x128x8tf32implicit_gemm_fprop_f32_f32_f32_f32_f32_f32_64x128x32_dyn_cga_ndhwc_ndhwc_ndhwc_align4_1sm_relu_valpha_vbeta, 0x3bf55b4302877, cga={2 8 2 1 1 2 1} , 1
[09/08/2026-09:06:13] [TRT] [V]  (foreignNode)   49, 0.0072704, 1.31558, 1.33755, cutlass3x_sm100_tensorop_s64x128x8tf32implicit_gemm_fprop_f32_f32_f32_f32_f32_f32_64x128x32_dyn_cga_ndhwc_ndhwc_ndhwc_align4_1sm_relu_valpha_vbeta, 0x6360b705f5e69, cga={2 2 8 1 2 1 1} , 1
[09/08/2026-09:06:13] [TRT] [V]  (foreignNode)   75, 0.0072704, 1.31558, 1.54043, cutlass3x_sm100_tensorop_s128x256x8tf32implicit_gemm_fprop_f32_f32_f32_f32_f32_f32_128x256x32_dyn_cga_ndhwc_ndhwc_ndhwc_align4_2sm_relu_valpha_vbeta, 0x40edd17fe9d4d, cga={2 8 2 1 2 1 1} , 1
[09/08/2026-09:06:13] [TRT] [V]  (foreignNode)   84, 0.0072704, 1.31558, 1.85618, cutlass3x_sm100_tensorop_s128x128x8tf32implicit_gemm_fprop_f32_f32_f32_f32_f32_f32_128x128x32_dyn_cga_ndhwc_ndhwc_ndhwc_align4_1sm_relu_valpha_vbeta, 0x3f5c210185e19, cga={2 1 2 1 1 2 1} , 1
[09/08/2026-09:06:13] [TRT] [V]  (foreignNode)   88, 0.0072704, 1.31558, 1.85712, cutlass3x_sm100_tensorop_s128x128x8tf32implicit_gemm_fprop_f32_f32_f32_f32_f32_f32_128x128x32_dyn_cga_ndhwc_ndhwc_ndhwc_align4_1sm_relu_valpha_vbeta, 0x642642dfdc884, cga={2 1 4 1 1 2 1} , 1
[09/08/2026-09:06:13] [TRT] [V]  (foreignNode)   89, 0.0072704, 1.31558, 1.85799, cutlass3x_sm100_tensorop_s128x128x8tf32implicit_gemm_fprop_f32_f32_f32_f32_f32_f32_128x128x32_dyn_cga_ndhwc_ndhwc_ndhwc_align4_1sm_relu_valpha_vbeta, 0x440c9f17765df, cga={2 8 1 1 2 1 1} , 1
[09/08/2026-09:06:13] [TRT] [V]  (foreignNode)   32, 0.0072736, 1.31616, 1.27109, cutlass3x_sm100_tensorop_s64x128x8tf32implicit_gemm_fprop_f32_f32_f32_f32_f32_f32_64x128x32_dyn_cga_ndhwc_ndhwc_ndhwc_align4_1sm_relu_valpha_vbeta, 0x628aae4dfeb16, cga={2 1 1 1 1 1 1} , 1
[09/08/2026-09:06:13] [TRT] [V]  (foreignNode)   63, 0.0072768, 1.31673, 1.45168, cutlass3x_sm100_tensorop_s256x128x8tf32implicit_gemm_fprop_f32_f32_f32_f32_f32_f32_256x128x32_dyn_cga_ndhwc_ndhwc_ndhwc_align4_2sm_relu_valpha_vbeta, 0x36d2b9528a5b1, cga={2 8 2 1 2 1 1} , 1
[09/08/2026-09:06:13] [TRT] [V]  (foreignNode)   44, 0.0072832, 1.31789, 1.33476, cutlass3x_sm100_tensorop_s64x128x8tf32implicit_gemm_fprop_f32_f32_f32_f32_f32_f32_64x128x32_dyn_cga_ndhwc_ndhwc_ndhwc_align4_1sm_relu_valpha_vbeta, 0x46457b2becffc, cga={2 2 4 1 2 1 1} , 1
[09/08/2026-09:06:13] [TRT] [V]  (foreignNode)   31, 0.0073728, 1.33411, 1.25399, cutlass3x_sm100_tensorop_s64x128x8tf32implicit_gemm_fprop_f32_f32_f32_f32_f32_f32_64x128x32_dyn_cga_ndhwc_ndhwc_ndhwc_align4_1sm_relu_valpha_vbeta, 0x4a0baad1deb64, cga={0 0 0 1 0 0 1} , 1
[09/08/2026-09:06:13] [TRT] [V]  (foreignNode)   37, 0.0073728, 1.33411, 1.31688, cutlass3x_sm100_tensorop_s64x128x8tf32implicit_gemm_fprop_f32_f32_f32_f32_f32_f32_64x128x32_dyn_cga_ndhwc_ndhwc_ndhwc_align4_1sm_relu_valpha_vbeta, 0x59b8e5e591a98, cga={2 1 2 1 1 2 1} , 1
[09/08/2026-09:06:13] [TRT] [V]  (foreignNode)   96, 0.0073728, 1.33411, 1.83266, cutlass3x_sm100_tensorop_s128x128x8tf32implicit_gemm_fprop_f32_f32_f32_f32_f32_f32_128x128x32_dyn_cga_ndhwc_ndhwc_ndhwc_align4_1sm_relu_valpha_vbeta, 0x4245944fb0869, cga={2 2 8 1 2 1 1} , 1
[09/08/2026-09:06:13] [TRT] [V]  (foreignNode)   41, 0.0074752, 1.35263, 1.29969, cutlass3x_sm100_tensorop_s64x128x8tf32implicit_gemm_fprop_f32_f32_f32_f32_f32_f32_64x128x32_dyn_cga_ndhwc_ndhwc_ndhwc_align4_1sm_relu_valpha_vbeta, 0x5e42bc8f7f752, cga={2 1 4 1 1 2 1} , 1
[09/08/2026-09:06:13] [TRT] [V]  (foreignNode)   50, 0.0074752, 1.35263, 1.30171, cutlass3x_sm100_tensorop_s64x128x8tf32implicit_gemm_fprop_f32_f32_f32_f32_f32_f32_64x128x32_dyn_cga_ndhwc_ndhwc_ndhwc_align4_1sm_relu_valpha_vbeta, 0x59ca8b31bc418, cga={2 8 2 1 2 1 1} , 1
[09/08/2026-09:06:13] [TRT] [V]  (foreignNode)   92, 0.0074752, 1.35263, 1.80709, cutlass3x_sm100_tensorop_s128x128x8tf32implicit_gemm_fprop_f32_f32_f32_f32_f32_f32_128x128x32_dyn_cga_ndhwc_ndhwc_ndhwc_align4_1sm_relu_valpha_vbeta, 0x38eac4f24ddc8, cga={2 1 8 1 1 2 1} , 1
[09/08/2026-09:06:13] [TRT] [V]  (foreignNode)   98, 0.0074752, 1.35263, 1.80842, cutlass3x_sm100_tensorop_s128x128x8tf32implicit_gemm_fprop_f32_f32_f32_f32_f32_f32_128x128x32_dyn_cga_ndhwc_ndhwc_ndhwc_align4_1sm_relu_valpha_vbeta, 0x4624b6b632a7b, cga={2 4 4 1 2 1 1} , 1
[09/08/2026-09:06:13] [TRT] [V]  (foreignNode)   95, 0.0074880, 1.35495, 1.80447, cutlass3x_sm100_tensorop_s128x128x8tf32implicit_gemm_fprop_f32_f32_f32_f32_f32_f32_128x128x32_dyn_cga_ndhwc_ndhwc_ndhwc_align4_1sm_relu_valpha_vbeta, 0x55057968ac34b, cga={2 8 2 1 1 2 1} , 1
[09/08/2026-09:06:13] [TRT] [V]  (foreignNode)   99, 0.0074944, 1.35611, 1.80379, cutlass3x_sm100_tensorop_s128x128x8tf32implicit_gemm_fprop_f32_f32_f32_f32_f32_f32_128x128x32_dyn_cga_ndhwc_ndhwc_ndhwc_align4_1sm_relu_valpha_vbeta, 0x4f08f5a74170a, cga={2 4 4 1 1 2 1} , 1
[09/08/2026-09:06:13] [TRT] [V]  (foreignNode)   53, 0.0075776, 1.37116, 1.28412, cutlass3x_sm100_tensorop_s64x128x8tf32implicit_gemm_fprop_f32_f32_f32_f32_f32_f32_64x128x32_dyn_cga_ndhwc_ndhwc_ndhwc_align4_1sm_relu_valpha_vbeta, 0x43aeb220d777f, cga={2 2 8 1 1 2 1} , 1
[09/08/2026-09:06:13] [TRT] [V]  (foreignNode)   45, 0.0075808, 1.37174, 1.28236, cutlass3x_sm100_tensorop_s64x128x8tf32implicit_gemm_fprop_f32_f32_f32_f32_f32_f32_64x128x32_dyn_cga_ndhwc_ndhwc_ndhwc_align4_1sm_relu_valpha_vbeta, 0x467a881545d12, cga={2 1 8 1 1 2 1} , 1
[09/08/2026-09:06:13] [TRT] [V]  (foreignNode)   97, 0.0075808, 1.37174, 1.78323, cutlass3x_sm100_tensorop_s128x128x8tf32implicit_gemm_fprop_f32_f32_f32_f32_f32_f32_128x128x32_dyn_cga_ndhwc_ndhwc_ndhwc_align4_1sm_relu_valpha_vbeta, 0x34e49bca85e94, cga={2 8 2 1 2 1 1} , 1
[09/08/2026-09:06:13] [TRT] [V]  (foreignNode)    4, 0.0128160, 2.31905, 0.02618, sm80_xmma_fprop_implicit_gemm_f32f32_tf32f32_f32_nhwckrsc_nhwc_tilesize64x32x64_stage5_warpsize2x2x1_g1_tensor16x8x8_t1r5s5, 0x390bda59b7f98, , 0
[09/08/2026-09:06:13] [TRT] [V]  (foreignNode)    2, 0.0138272, 2.50203, 0.01222, sm80_xmma_fprop_implicit_gemm_f32f32_tf32f32_f32_nhwckrsc_nhwc_tilesize64x128x32_stage5_warpsize2x2x1_g1_tensor16x8x8_t1r5s5, 0x67572152fdd15, , 0
[09/08/2026-09:06:13] [TRT] [V]  (foreignNode)   35, 0.0144352, 2.61204, 0.67166, sm80_xmma_fprop_implicit_gemm_indexed_f32f32_tf32f32_f32_nhwckrsc_nhwc_tilesize64x32x64_stage5_warpsize2x2x1_g1_tensor16x8x8, 0x2a44057c8792a, , 0
[09/08/2026-09:06:13] [TRT] [V]  (foreignNode)    5, 0.0144512, 2.61494, 0.02578, sm80_xmma_fprop_implicit_gemm_f32f32_tf32f32_f32_nhwckrsc_nhwc_tilesize128x64x32_stage5_warpsize2x2x1_g1_tensor16x8x8_t1r5s5, 0x3dba87d744e8e, , 0
[09/08/2026-09:06:13] [TRT] [V]  (foreignNode)   77, 0.0150624, 2.72554, 0.76144, sm80_xmma_fprop_implicit_gemm_indexed_wo_smem_f32f32_tf32f32_f32_nhwckrsc_nhwc_tilesize128x16x64_stage1_warpsize4x1x1_g1_tensor16x8x8, 0x4bde8ce521b70, , 0
[09/08/2026-09:06:13] [TRT] [V]  (foreignNode)   82, 0.0152576, 2.76086, 0.79880, sm80_xmma_fprop_implicit_gemm_indexed_wo_smem_f32f32_tf32f32_f32_nhwckrsc_nhwc_tilesize128x16x64_stage1_warpsize4x1x1_g1_tensor16x8x8_alignc4, 0x6020989de51f2, , 0
[09/08/2026-09:06:13] [TRT] [V]  (foreignNode)    6, 0.0164832, 2.98263, 0.02440, sm80_xmma_fprop_implicit_gemm_f32f32_tf32f32_f32_nhwckrsc_nhwc_tilesize64x64x64_stage4_warpsize2x2x1_g1_tensor16x8x8_t1r5s5, 0x299b339c00b4f, , 0
[09/08/2026-09:06:13] [TRT] [V]  (foreignNode)   66, 0.0168960, 3.05732, 0.65908, sm80_xmma_fprop_implicit_gemm_indexed_f32f32_tf32f32_f32_nhwckrsc_nhwc_tilesize64x64x64_stage4_warpsize2x2x1_g1_tensor16x8x8, 0x39a828bc9f100, , 0
[09/08/2026-09:06:13] [TRT] [V]  (foreignNode)    7, 0.0185856, 3.36306, 0.02490, sm80_xmma_fprop_implicit_gemm_f32f32_tf32f32_f32_nhwckrsc_nchw_tilesize64x32x64_stage5_warpsize2x2x1_g1_tensor16x8x8_t1r5s5_alignc4, 0x55e28da105197, , 0
[09/08/2026-09:06:13] [TRT] [V]  (foreignNode)   29, 0.0201728, 3.65026, 0.42621, sm80_xmma_fprop_implicit_gemm_f32f32_f32f32_f32_nhwckrsc_nhwc_tilesize32x32x8_stage3_warpsize1x2x1_g1_ffma_aligna4_alignc4, 0x42db7610aa3d6, , 0
[09/08/2026-09:06:13] [TRT] [V]  (foreignNode)   33, 0.0211936, 3.83497, 0.44096, sm80_xmma_fprop_implicit_gemm_indexed_f32f32_f32f32_f32_nhwckrsc_nhwc_tilesize32x32x8_stage3_warpsize1x2x1_g1_ffma_aligna4_alignc4, 0x6244075c0c150, , 0
[09/08/2026-09:06:13] [TRT] [V]  (foreignNode)   18, 0.0211968, 3.83555, 0.30457, sm80_xmma_fprop_implicit_gemm_f32f32_tf32f32_f32_nhwckrsc_nhwc_tilesize128x128x16_stage4_warpsize2x2x1_g1_tensor16x8x8_t1r5s5, 0x327f1e2c2d594, , 0
[09/08/2026-09:06:13] [TRT] [V]  (foreignNode)    3, 0.0229056, 4.14476, 0.00856, sm80_xmma_fprop_implicit_gemm_f32f32_tf32f32_f32_nhwckrsc_nchw_tilesize128x64x32_stage5_warpsize2x2x1_g1_tensor16x8x8_t1r5s5_alignc4, 0x44b075894c5c4, , 0
[09/08/2026-09:06:13] [TRT] [V]  (foreignNode)   14, 0.0231296, 4.18529, 0.11053, sm80_xmma_fprop_implicit_gemm_f32f32_tf32f32_f32_nhwckrsc_nhwc_tilesize256x64x32_stage3_warpsize4x2x1_g1_tensor16x8x8_t1r5s5, 0x3d014b8a5cefc, , 0
[09/08/2026-09:06:13] [TRT] [V]  (foreignNode)   34, 0.0231888, 4.19600, 0.41704, sm80_xmma_fprop_implicit_gemm_indexed_f32f32_tf32f32_f32_nhwckrsc_nchw_tilesize64x32x64_stage5_warpsize2x2x1_g1_tensor16x8x8_alignc4, 0x597d2a6e26d39, , 0
[09/08/2026-09:06:13] [TRT] [V]  (foreignNode)    1, 0.0238080, 4.30805, 0.00520, sm80_xmma_fprop_implicit_gemm_f32f32_tf32f32_f32_nhwckrsc_nchw_tilesize64x128x32_stage5_warpsize2x2x1_g1_tensor16x8x8_t1r5s5_alignc4, 0x2df763af53e39, , 0
[09/08/2026-09:06:13] [TRT] [V]  (foreignNode)    8, 0.0242688, 4.39143, 0.01958, sm80_xmma_fprop_implicit_gemm_f32f32_tf32f32_f32_nhwckrsc_nhwc_tilesize128x128x32_stage4_warpsize2x2x1_g1_tensor16x8x8_t1r5s5, 0x58aece821755b, , 0
[09/08/2026-09:06:13] [TRT] [V]  (foreignNode)    9, 0.0256512, 4.64157, 0.01957, sm80_xmma_fprop_implicit_gemm_f32f32_tf32f32_f32_nhwckrsc_nchw_tilesize64x64x64_stage4_warpsize2x2x1_g1_tensor16x8x8_t1r5s5_alignc4, 0x49b006cc369c6, , 0
[09/08/2026-09:06:13] [TRT] [V]  (foreignNode)   11, 0.0263136, 4.76144, 0.02591, sm80_xmma_fprop_implicit_gemm_f32f32_tf32f32_f32_nhwckrsc_nhwc_tilesize128x64x64_stage3_warpsize2x2x1_g1_tensor16x8x8_t1r5s5, 0x2d5a08ad3a75b, , 0
[09/08/2026-09:06:13] [TRT] [V]  (foreignNode)   79, 0.0268800, 4.86393, 0.44947, sm80_xmma_fprop_implicit_gemm_indexed_f32f32_tf32f32_f32_nhwckrsc_nchw_tilesize64x64x64_stage4_warpsize2x2x1_g1_tensor16x8x8_alignc4, 0x3ee06982e1092, , 0
[09/08/2026-09:06:13] [TRT] [V]  (foreignNode)   30, 0.0336384, 6.08686, 0.27266, sm80_xmma_fprop_implicit_gemm_f32f32_f32f32_f32_nchwkcrs_nchw_tilesize32x32x8_stage3_warpsize1x2x1_g1_ffma_aligna4_alignc4, 0x5e6fefcf31fef, , 0
[09/08/2026-09:06:13] [TRT] [V]  (foreignNode)   13, 0.0342480, 6.19716, 0.05231, sm80_xmma_fprop_implicit_gemm_f32f32_tf32f32_f32_nhwckrsc_nchw_tilesize256x64x32_stage3_warpsize4x2x1_g1_tensor16x8x8_t1r5s5_alignc4, 0x2a5259677c6fe, , 0
[09/08/2026-09:06:13] [TRT] [V]  (foreignNode)   15, 0.0344016, 6.22496, 0.11833, sm80_xmma_fprop_implicit_gemm_f32f32_tf32f32_f32_nhwckrsc_nchw_tilesize128x128x16_stage4_warpsize2x2x1_g1_tensor16x8x8_t1r5s5_alignc4, 0x635e99b5c33a3, , 0
[09/08/2026-09:06:13] [TRT] [V]  (foreignNode)   65, 0.0359424, 6.50376, 0.30234, sm80_xmma_fprop_implicit_gemm_f32f32_tf32f32_f32_nhwckrsc_nhwc_tilesize128x256x32_stage3_warpsize2x4x1_g1_tensor16x8x8_t1r5s5, 0x2cbd8d0c1f09b, , 0
[09/08/2026-09:06:13] [TRT] [V]  (foreignNode)   54, 0.0363712, 6.58136, 0.27825, sm80_xmma_fprop_implicit_gemm_f32f32_tf32f32_f32_nhwckrsc_nhwc_tilesize256x128x32_stage3_warpsize4x2x1_g1_tensor16x8x8_t1r5s5, 0x6761916f523e2, , 0
[09/08/2026-09:06:13] [TRT] [V]  (foreignNode)   10, 0.0379392, 6.86508, 0.01584, sm80_xmma_fprop_implicit_gemm_f32f32_tf32f32_f32_nhwckrsc_nchw_tilesize128x64x64_stage3_warpsize2x2x1_g1_tensor16x8x8_t1r5s5_alignc4, 0x3259ccd88af7f, , 0
[09/08/2026-09:06:13] [TRT] [V]  (foreignNode)   12, 0.0428544, 7.75449, 0.01678, sm80_xmma_fprop_implicit_gemm_f32f32_tf32f32_f32_nhwckrsc_nchw_tilesize128x128x32_stage4_warpsize2x2x1_g1_tensor16x8x8_t1r5s5_alignc4, 0x57fe17d992a1c, , 0
[09/08/2026-09:06:13] [TRT] [V]  (foreignNode)   78, 0.0508512, 9.20151, 0.22722, sm80_xmma_fprop_implicit_gemm_indexed_f32f32_f32f32_f32_nchwkcrs_nchw_tilesize32x32x8_stage3_warpsize1x2x1_g1_ffma_aligna4_alignc4, 0x4c60980310295, , 0
[09/08/2026-09:06:13] [TRT] [V]  (foreignNode)   17, 0.0569904, 10.31239, 0.08825, sm80_xmma_fprop_implicit_gemm_f32f32_tf32f32_f32_nhwckrsc_nchw_tilesize128x256x32_stage3_warpsize2x4x1_g1_tensor16x8x8_t1r5s5_alignc4, 0x5812c5383a15b, , 0
[09/08/2026-09:06:13] [TRT] [V]  (foreignNode)   16, 0.0579024, 10.47742, 0.07341, sm80_xmma_fprop_implicit_gemm_f32f32_tf32f32_f32_nhwckrsc_nchw_tilesize256x128x32_stage3_warpsize4x2x1_g1_tensor16x8x8_t1r5s5_alignc4, 0x3f11da14bf0f3, , 0
[09/08/2026-09:06:13] [TRT] [V]  (foreignNode)    0, 0.1744896, 31.57383, 0.00007, sm80_xmma_fprop_implicit_gemm_f32f32_f32f32_f32_nhwckrsc_nhwc_tilesize64x32x32_stage3_warpsize1x1x1_g1_ffma_t1r5s5_aligna4_alignc4, 0x4171ddd62f9bd, , 0
[09/08/2026-09:06:13] [TRT] [V]  (foreignNode) Autotuning op node_max_pool2d_1: [ONNX Layer: node_max_pool2d_1]
[09/08/2026-09:06:13] [TRT] [V]  (foreignNode) Sorted table of all evaluated tactics:
[09/08/2026-09:06:13] [TRT] [V]  (foreignNode) tactic_id, cost(in ms), cost/fastest_cost, prediction_correlation, kernel_name, tactic_hash, tunable_parameter
[09/08/2026-09:06:13] [TRT] [V]  (foreignNode)   18, 0.0030848, 1.00000, 0.00000, sm50_xmma_pooling_max_nhwc_FP32FP32_WINDOWSIZE_0_PROPAGATE_NAN_2D, 0x492597e01a7b1,
[09/08/2026-09:06:13] [TRT] [V]  (foreignNode)   22, 0.0031712, 1.02801, 0.00000, sm50_xmma_pooling_fw_4d_FP32FP32NHWC_Max_CAlign4, 0x3b134e221d14a,
[09/08/2026-09:06:13] [TRT] [V]  (foreignNode)   21, 0.0032768, 1.06224, 0.00000, sm50_xmma_pooling_max_nhwc_FP32FP32_WINDOWSIZE_0_PROPAGATE_NAN_3D, 0x34b4be4590e22,
[09/08/2026-09:06:13] [TRT] [V]  (foreignNode)   19, 0.0034752, 1.12656, 0.00000, sm50_xmma_pooling_max_nhwc_FP32FP32_WINDOWSIZE_0_NOT_PROPAGATE_NAN_2D, 0x4b2ac6ecc9fb5,
[09/08/2026-09:06:13] [TRT] [V]  (foreignNode)   20, 0.0034784, 1.12759, 0.00000, sm50_xmma_pooling_max_nhwc_FP32FP32_WINDOWSIZE_0_NOT_PROPAGATE_NAN_3D, 0x51c720d52c859,
[09/08/2026-09:06:13] [TRT] [V]  (foreignNode)    3, 0.0041472, 1.34440, 0.00000, sm50_xmma_pooling_tiled_FP32NCHW_kMAX_tP2_tQ32_tR2_tS2_tU2_tV2_tUnroll5_tThreads256, 0x374460b27348a,
[09/08/2026-09:06:13] [TRT] [V]  (foreignNode)    4, 0.0041472, 1.34440, 0.00000, sm50_xmma_pooling_tiled_FP32NCHW_kMAX_tP2_tQ32_tR2_tS2_tU2_tV2_tUnroll6_tThreads256, 0x2ab7ad26d1a7a,
[09/08/2026-09:06:13] [TRT] [V]  (foreignNode)    5, 0.0041472, 1.34440, 0.00000, sm50_xmma_pooling_tiled_FP32NCHW_kMAX_tP2_tQ32_tR2_tS2_tU2_tV2_tUnroll2_tThreads256, 0x603b07fb1a870,
[09/08/2026-09:06:13] [TRT] [V]  (foreignNode)    6, 0.0041472, 1.34440, 0.00000, sm50_xmma_pooling_tiled_FP32NCHW_kMAX_tP2_tQ16_tR2_tS2_tU2_tV2_tUnroll4_tThreads128, 0x5d499f0b1a180,
[09/08/2026-09:06:13] [TRT] [V]  (foreignNode)    9, 0.0041472, 1.34440, 0.00000, sm50_xmma_pooling_tiled_FP32NCHW_kMAX_tP2_tQ32_tR2_tS2_tU2_tV2_tUnroll4_tThreads256, 0x47d646c64b179,
[09/08/2026-09:06:13] [TRT] [V]  (foreignNode)   17, 0.0041520, 1.34595, 0.00000, sm50_xmma_pooling_tiled_FP32NCHW_kMAX_tP2_tQ16_tR2_tS2_tU2_tV2_tUnroll7_tThreads128, 0x2a24619b830de,
[09/08/2026-09:06:13] [TRT] [V]  (foreignNode)    8, 0.0041568, 1.34751, 0.00000, sm50_xmma_pooling_tiled_FP32NCHW_kMAX_tP2_tQ32_tR2_tS2_tU2_tV2_tUnroll3_tThreads256, 0x5df44d2649478,
[09/08/2026-09:06:13] [TRT] [V]  (foreignNode)   15, 0.0042912, 1.39108, 0.00000, sm50_xmma_pooling_tiled_FP32NCHW_kMAX_tP2_tQ16_tR2_tS2_tU2_tV2_tUnroll5_tThreads128, 0x6367aaa295356,
[09/08/2026-09:06:13] [TRT] [V]  (foreignNode)    7, 0.0042960, 1.39263, 0.00000, sm50_xmma_pooling_tiled_FP32NCHW_kMAX_tP2_tQ32_tR2_tS2_tU2_tV2_tUnroll1_tThreads256, 0x63f9a7811f146,
[09/08/2026-09:06:13] [TRT] [V]  (foreignNode)   10, 0.0042960, 1.39263, 0.00000, sm50_xmma_pooling_tiled_FP32NCHW_kMAX_tP2_tQ32_tR2_tS2_tU2_tV2_tUnroll7_tThreads256, 0x50434c7e754cf,
[09/08/2026-09:06:13] [TRT] [V]  (foreignNode)   12, 0.0043008, 1.39419, 0.00000, sm50_xmma_pooling_tiled_FP32NCHW_kMAX_tP2_tQ16_tR2_tS2_tU2_tV2_tUnroll1_tThreads128, 0x3b5bd48cd7244,
[09/08/2026-09:06:13] [TRT] [V]  (foreignNode)   13, 0.0043008, 1.39419, 0.00000, sm50_xmma_pooling_tiled_FP32NCHW_kMAX_tP2_tQ16_tR2_tS2_tU2_tV2_tUnroll2_tThreads128, 0x2e7f8fa45dfa1,
[09/08/2026-09:06:13] [TRT] [V]  (foreignNode)   14, 0.0043008, 1.39419, 0.00000, sm50_xmma_pooling_tiled_FP32NCHW_kMAX_tP2_tQ16_tR2_tS2_tU2_tV2_tUnroll3_tThreads128, 0x3cfb4c1cd2382,
[09/08/2026-09:06:13] [TRT] [V]  (foreignNode)   16, 0.0043056, 1.39575, 0.00000, sm50_xmma_pooling_tiled_FP32NCHW_kMAX_tP2_tQ16_tR2_tS2_tU2_tV2_tUnroll6_tThreads128, 0x40be3ca411667,
[09/08/2026-09:06:13] [TRT] [V]  (foreignNode)    0, 0.0046080, 1.49378, 0.00000, sm50_xmma_pooling_fw_4d_FP32FP32NCHW_Max, 0x4deb8bfdd8c0b,
[09/08/2026-09:06:13] [TRT] [V]  (foreignNode)    2, 0.0046080, 1.49378, 0.00000, sm50_xmma_pooling_tiled_FP32NCHW_kMAX_tP2_tQ16_tR2_tS2_tU2_tV2_tUnroll8_tThreads128, 0x57b495166bb0d,
[09/08/2026-09:06:13] [TRT] [V]  (foreignNode)   11, 0.0046128, 1.49533, 0.00000, sm50_xmma_pooling_tiled_FP32NCHW_kMAX_tP2_tQ32_tR2_tS2_tU2_tV2_tUnroll8_tThreads256, 0x3d2df32088d2e,
[09/08/2026-09:06:13] [TRT] [V]  (foreignNode)    1, 0.0049152, 1.59336, 0.00000, sm50_xmma_pooling_nd_NCDHW_kMAX_kGENERIC_3D_POOLING_MODE_kFLOAT_0, 0x32ba8b5d676f3,
[09/08/2026-09:06:13] [TRT] [V]  (foreignNode) Autotuning op node_linear: [ONNX Layer: node_linear][ONNX Layer: node_relu_2]
[09/08/2026-09:06:13] [TRT] [V]  (foreignNode) Sorted table of all evaluated tactics:
[09/08/2026-09:06:13] [TRT] [V]  (foreignNode) tactic_id, cost(in ms), cost/fastest_cost, prediction_correlation, kernel_name, tactic_hash, tunable_parameter
[09/08/2026-09:06:13] [TRT] [V]  (foreignNode)    8, 0.0060384, 1.00000, 0.00000, sm50_xmma_cublas_gemvx_f32f32_f32_f32_tn_n_int32_unit_n_launch_param4x32x32_strided_unit_stride, 0x4b9ef35ad8721,
[09/08/2026-09:06:13] [TRT] [V]  (foreignNode)    7, 0.0062496, 1.03498, 0.00000, sm50_xmma_cublas_gemvx_f32f32_f32_f32_tn_n_int32_unit_n_launch_param8x32x32_strided_unit_stride, 0x38ea0fde9bb4e,
[09/08/2026-09:06:13] [TRT] [V]  (foreignNode)    0, 0.0072704, 1.20403, 0.00000, sm50_xmma_cublas_gemvx_f32f32_f32_f32_tn_n_int32_unit_n_launch_param16x32x32_strided_unit_stride, 0x5c6c62dcbe95d,
[09/08/2026-09:06:13] [TRT] [V]  (foreignNode)    5, 0.0099296, 1.64441, 0.00000, sm50_xmma_cublas_gemvx_f32f32_f32_f32_tn_n_int32_unit_n_launch_param16x8x8_strided_unit_stride, 0x4090907df7451,
[09/08/2026-09:06:13] [TRT] [V]  (foreignNode)   13, 0.0103424, 1.71277, 0.57159, sm80_xmma_gemm_f32f32_tf32f32_f32_tn_n_tilesize32x32x64_stage3_warpsize2x1x2_tensor16x8x8, 0x2e07f9c91191d,
[09/08/2026-09:06:13] [TRT] [V]  (foreignNode)   16, 0.0109536, 1.81399, 0.56573, sm80_xmma_gemm_f32f32_tf32f32_f32_tn_n_tilesize32x32x64_stage3_warpsize2x1x2_tensor16x8x8, 0x5bf564b5d147a,
[09/08/2026-09:06:13] [TRT] [V]  (foreignNode)   57, 0.0109568, 1.81452, 0.74865, sm86_xmma_gemm_f32f32_tf32f32_f32_nn_n_tilesize32x32x64_stage6_warpsize2x2x1_tensor16x8x8, 0x454a26d29d3be,
[09/08/2026-09:06:13] [TRT] [V]  (foreignNode)   15, 0.0111552, 1.84738, 0.54434, sm80_xmma_gemm_f32f32_tf32f32_f32_nn_n_tilesize32x32x64_stage3_warpsize2x1x2_tensor16x8x8, 0x4e38d5c9d53cb,
[09/08/2026-09:06:13] [TRT] [V]  (foreignNode)   55, 0.0113632, 1.88182, 0.72170, sm80_xmma_gemm_f32f32_tf32f32_f32_tn_n_tilesize64x32x64_stage4_warpsize2x1x2_tensor16x8x8, 0x2afa7d59484d9,
[09/08/2026-09:06:13] [TRT] [V]  (foreignNode)   18, 0.0113664, 1.88235, 0.54870, sm80_xmma_gemm_f32f32_tf32f32_f32_tn_n_tilesize32x32x64_stage3_warpsize2x1x2_tensor16x8x8, 0x5f7000614035e,
[09/08/2026-09:06:13] [TRT] [V]  (foreignNode)   49, 0.0113696, 1.88288, 0.70322, sm86_xmma_gemm_f32f32_tf32f32_f32_tn_n_tilesize32x32x64_stage6_warpsize2x2x1_tensor16x8x8, 0x4d670f0e66bde,
[09/08/2026-09:06:13] [TRT] [V]  (foreignNode)   19, 0.0113728, 1.88341, 0.56067, sm80_xmma_gemm_f32f32_tf32f32_f32_nn_n_tilesize32x32x64_stage3_warpsize2x1x2_tensor16x8x8, 0x46a326bab35fd,
[09/08/2026-09:06:13] [TRT] [V]  (foreignNode)   59, 0.0115680, 1.91574, 0.71755, sm80_xmma_gemm_f32f32_tf32f32_f32_nn_n_tilesize64x32x64_stage4_warpsize2x1x2_tensor16x8x8, 0x5f0fc2200ab44,
[09/08/2026-09:06:13] [TRT] [V]  (foreignNode)   21, 0.0117760, 1.95019, 0.54509, sm80_xmma_gemm_f32f32_tf32f32_f32_nn_n_tilesize32x32x64_stage3_warpsize2x1x2_tensor16x8x8, 0x4ef74b9027e04,
[09/08/2026-09:06:13] [TRT] [V]  (foreignNode)   38, 0.0119712, 1.98251, 0.64258, sm86_xmma_gemm_f32f32_tf32f32_f32_tn_n_tilesize64x64x64_stage3_warpsize2x2x1_tensor16x8x8, 0x5ab1bee037678,
[09/08/2026-09:06:13] [TRT] [V]  (foreignNode)   25, 0.0119744, 1.98304, 0.58484, sm80_xmma_gemm_f32f32_tf32f32_f32_tn_n_tilesize32x32x64_stage3_warpsize2x1x2_tensor16x8x8, 0x40c75f4db4558,
[09/08/2026-09:06:13] [TRT] [V]  (foreignNode)   84, 0.0119872, 1.98516, 0.72728, sm86_xmma_gemm_f32f32_tf32f32_f32_tn_n_tilesize32x32x64_stage6_warpsize2x2x1_tensor16x8x8, 0x5b80b746d513e,
[09/08/2026-09:06:13] [TRT] [V]  (foreignNode)   75, 0.0123904, 2.05193, 0.69926, sm80_xmma_gemm_f32f32_tf32f32_f32_tn_n_tilesize64x64x64_stage4_warpsize2x2x1_tensor16x8x8, 0x47f9605e14584,
[09/08/2026-09:06:13] [TRT] [V]  (foreignNode)   92, 0.0123904, 2.05193, 0.70806, sm86_xmma_gemm_f32f32_tf32f32_f32_tn_n_tilesize32x32x64_stage6_warpsize2x2x1_tensor16x8x8, 0x48f09fc6000e7,
[09/08/2026-09:06:13] [TRT] [V]  (foreignNode)   43, 0.0125920, 2.08532, 0.61465, sm86_xmma_gemm_f32f32_tf32f32_f32_tn_n_tilesize64x64x64_stage3_warpsize2x2x1_tensor16x8x8, 0x5874a724921b1,
[09/08/2026-09:06:13] [TRT] [V]  (foreignNode)   45, 0.0125920, 2.08532, 0.62637, sm86_xmma_gemm_f32f32_tf32f32_f32_nn_n_tilesize64x64x64_stage3_warpsize2x2x1_tensor16x8x8, 0x2927b6089ed3f,
[09/08/2026-09:06:13] [TRT] [V]  (foreignNode)   83, 0.0128000, 2.11977, 0.68105, sm80_xmma_gemm_f32f32_tf32f32_f32_tn_n_tilesize64x64x64_stage4_warpsize2x2x1_tensor16x8x8, 0x2a9cc4b3f530c,
[09/08/2026-09:06:13] [TRT] [V]  (foreignNode)   47, 0.0130048, 2.15368, 0.61027, sm86_xmma_gemm_f32f32_tf32f32_f32_nn_n_tilesize64x64x64_stage3_warpsize2x2x1_tensor16x8x8, 0x466a95232d859,
[09/08/2026-09:06:13] [TRT] [V]  (foreignNode)   35, 0.0134144, 2.22152, 0.53966, sm80_xmma_gemm_f32f32_tf32f32_f32_nn_n_tilesize32x32x64_stage3_warpsize2x1x2_tensor16x8x8, 0x4270ca2b1b249,
[09/08/2026-09:06:13] [TRT] [V]  (foreignNode)   60, 0.0136160, 2.25490, 0.62069, sm80_xmma_gemm_f32f32_tf32f32_f32_tn_n_tilesize32x32x64_stage3_warpsize2x1x2_tensor16x8x8, 0x3c6faa5b59163,
[09/08/2026-09:06:13] [TRT] [V]  (foreignNode)   99, 0.0136192, 2.25543, 0.64842, sm80_xmma_gemm_f32f32_tf32f32_f32_nn_n_tilesize64x64x64_stage4_warpsize2x1x2_tensor16x8x8, 0x4490c643eef16,
[09/08/2026-09:06:13] [TRT] [V]  (foreignNode)   24, 0.0146400, 2.42448, 0.47827, sm80_xmma_gemm_f32f32_tf32f32_f32_tn_n_tilesize32x32x64_stage3_warpsize2x1x2_tensor16x8x8, 0x44646b7f27b4f,
[09/08/2026-09:06:13] [TRT] [V]  (foreignNode)   31, 0.0146400, 2.42448, 0.49005, sm80_xmma_gemm_f32f32_tf32f32_f32_nn_n_tilesize64x128x16_stage4_warpsize2x2x1_tensor16x8x8, 0x64987964cb313,
[09/08/2026-09:06:13] [TRT] [V]  (foreignNode)   90, 0.0146400, 2.42448, 0.59775, sm80_xmma_gemm_f32f32_tf32f32_f32_nn_n_tilesize64x128x16_stage4_warpsize2x2x1_tensor16x8x8, 0x53adb644bf29b,
[09/08/2026-09:06:13] [TRT] [V]  (foreignNode)   23, 0.0146432, 2.42501, 0.46545, sm80_xmma_gemm_f32f32_tf32f32_f32_tn_n_tilesize32x32x64_stage3_warpsize2x1x2_tensor16x8x8, 0x2c37b9f92f122,
[09/08/2026-09:06:13] [TRT] [V]  (foreignNode)   86, 0.0146432, 2.42501, 0.59612, sm80_xmma_gemm_f32f32_tf32f32_f32_tn_n_tilesize64x128x16_stage4_warpsize2x2x1_tensor16x8x8, 0x31f994e375a46,
[09/08/2026-09:06:13] [TRT] [V]  (foreignNode)   30, 0.0148416, 2.45787, 0.48331, sm80_xmma_gemm_f32f32_tf32f32_f32_tn_n_tilesize64x128x16_stage4_warpsize2x2x1_tensor16x8x8, 0x3d79d63e5bdc2,
[09/08/2026-09:06:13] [TRT] [V]  (foreignNode)   27, 0.0150528, 2.49285, 0.46757, sm80_xmma_gemm_f32f32_tf32f32_f32_nn_n_tilesize32x32x64_stage3_warpsize2x1x2_tensor16x8x8, 0x360bbea8a365f,
[09/08/2026-09:06:13] [TRT] [V]  (foreignNode)   12, 0.0156640, 2.59406, 0.37730, sm80_xmma_gemm_f32f32_tf32f32_f32_tn_n_tilesize32x32x64_stage3_warpsize2x1x2_tensor16x8x8, 0x3e452ee032199,
[09/08/2026-09:06:13] [TRT] [V]  (foreignNode)   51, 0.0156672, 2.59459, 0.52101, sm86_xmma_gemm_f32f32_tf32f32_f32_tn_n_tilesize64x128x32_stage4_warpsize2x2x1_tensor16x8x8, 0x2c2f23abb966a,
[09/08/2026-09:06:13] [TRT] [V]  (foreignNode)   53, 0.0156832, 2.59724, 0.52287, sm86_xmma_gemm_f32f32_tf32f32_f32_nn_n_tilesize32x32x64_stage6_warpsize2x2x1_tensor16x8x8, 0x63f3554777b74,
[09/08/2026-09:06:13] [TRT] [V]  (foreignNode)   72, 0.0158720, 2.62851, 0.54376, sm80_xmma_gemm_f32f32_tf32f32_f32_tn_n_tilesize64x128x32_stage5_warpsize2x2x1_tensor16x8x8, 0x57c9cede09eb2,
[09/08/2026-09:06:13] [TRT] [V]  (foreignNode)   79, 0.0160768, 2.66243, 0.54047, sm86_xmma_gemm_f32f32_tf32f32_f32_tn_n_tilesize64x64x64_stage3_warpsize2x2x1_tensor16x8x8, 0x5a9c9e6ea4d94,
[09/08/2026-09:06:13] [TRT] [V]  (foreignNode)   48, 0.0162752, 2.69528, 0.49111, sm86_xmma_gemm_f32f32_tf32f32_f32_tn_n_tilesize32x32x64_stage6_warpsize2x2x1_tensor16x8x8, 0x30a33b3d54e32,
[09/08/2026-09:06:13] [TRT] [V]  (foreignNode)   74, 0.0162816, 2.69634, 0.53143, sm80_xmma_gemm_f32f32_f32f32_f32_nn_n_tilesize32x32x8_stage3_warpsize1x2x1_ffma_aligna4_alignc4, 0x4ff532ba45f59,
[09/08/2026-09:06:13] [TRT] [V]  (foreignNode)   34, 0.0164896, 2.73079, 0.43894, sm80_xmma_gemm_f32f32_tf32f32_f32_nn_n_tilesize32x32x64_stage3_warpsize2x1x2_tensor16x8x8, 0x4336ba3393b55,
[09/08/2026-09:06:13] [TRT] [V]  (foreignNode)   95, 0.0166688, 2.76047, 0.52782, sm80_xmma_gemm_f32f32_tf32f32_f32_nn_n_tilesize32x32x64_stage3_warpsize2x1x2_tensor16x8x8, 0x3fcf42f45052e,
[09/08/2026-09:06:13] [TRT] [V]  (foreignNode)   14, 0.0166912, 2.76418, 0.36370, sm80_xmma_gemm_f32f32_tf32f32_f32_nn_n_tilesize32x32x64_stage3_warpsize2x1x2_tensor16x8x8, 0x306517367d40b,
[09/08/2026-09:06:13] [TRT] [V]  (foreignNode)   56, 0.0168960, 2.79809, 0.48545, sm86_xmma_gemm_f32f32_tf32f32_f32_tn_n_tilesize128x128x16_stage3_warpsize2x2x1_tensor16x8x8, 0x5dc3e0b38a727,
[09/08/2026-09:06:13] [TRT] [V]  (foreignNode)   70, 0.0171104, 2.83360, 0.50396, sm86_xmma_gemm_f32f32_tf32f32_f32_nn_n_tilesize128x128x16_stage3_warpsize2x2x1_tensor16x8x8, 0x5f485f475a2fa,
[09/08/2026-09:06:13] [TRT] [V]  (foreignNode)   52, 0.0177184, 2.93429, 0.46272, sm80_xmma_gemm_f32f32_tf32f32_f32_tn_n_tilesize64x32x64_stage4_warpsize2x1x2_tensor16x8x8, 0x3136dd90b2c03,
[09/08/2026-09:06:13] [TRT] [V]  (foreignNode)   94, 0.0179200, 2.96767, 0.49069, sm80_xmma_gemm_f32f32_f32f32_f32_tn_n_tilesize32x32x8_stage3_warpsize1x2x1_ffma_aligna4_alignc4, 0x2ff939ea4d97c,
[09/08/2026-09:06:13] [TRT] [V]  (foreignNode)   58, 0.0185344, 3.06942, 0.44773, sm80_xmma_gemm_f32f32_tf32f32_f32_nn_n_tilesize64x32x64_stage4_warpsize2x1x2_tensor16x8x8, 0x5673d1a6b068c,
[09/08/2026-09:06:13] [TRT] [V]  (foreignNode)   97, 0.0185344, 3.06942, 0.47576, sm80_xmma_gemm_f32f32_f32f32_f32_nn_n_tilesize32x32x8_stage3_warpsize1x2x1_ffma_aligna4_alignc4, 0x42aa5eddc361d,
[09/08/2026-09:06:13] [TRT] [V]  (foreignNode)   64, 0.0201728, 3.34075, 0.42385, sm80_xmma_gemm_f32f32_tf32f32_f32_nn_n_tilesize32x256x32_stage4_warpsize1x4x1_tensor16x8x8, 0x28571a06337cf,
[09/08/2026-09:06:13] [TRT] [V]  (foreignNode)    1, 0.0207840, 3.44197, 0.00000, sm50_xmma_cublas_gemvx_f32f32_f32_f32_tn_n_int32_unit_n_launch_param64x8x8_strided_unit_stride, 0x43f5eb20a0910,
[09/08/2026-09:06:13] [TRT] [V]  (foreignNode)   17, 0.0207840, 3.44197, 0.30000, sm80_xmma_gemm_f32f32_tf32f32_f32_tn_n_tilesize32x32x64_stage3_warpsize2x1x2_tensor16x8x8, 0x54d7dc7948946,
[09/08/2026-09:06:13] [TRT] [V]  (foreignNode)   40, 0.0211936, 3.50980, 0.36485, sm80_xmma_gemm_f32f32_tf32f32_f32_tn_n_tilesize64x128x16_stage4_warpsize2x2x1_tensor16x8x8, 0x65ec0d810641d,
[09/08/2026-09:06:13] [TRT] [V]  (foreignNode)   20, 0.0213984, 3.54372, 0.29990, sm80_xmma_gemm_f32f32_tf32f32_f32_nn_n_tilesize32x32x64_stage3_warpsize2x1x2_tensor16x8x8, 0x6836ebc937ef4,
[09/08/2026-09:06:13] [TRT] [V]  (foreignNode)    2, 0.0214016, 3.54425, 0.00000, sm50_xmma_cublas_gemvx_f32f32_f32_f32_tn_n_int32_unit_n_launch_param32x4x4_strided_unit_stride, 0x38d3caf276b8c,
[09/08/2026-09:06:13] [TRT] [V]  (foreignNode)   33, 0.0214016, 3.54425, 0.33672, sm80_xmma_gemm_f32f32_tf32f32_f32_tn_n_tilesize32x32x64_stage3_warpsize2x1x2_tensor16x8x8, 0x2dcb0fbde2387,
[09/08/2026-09:06:13] [TRT] [V]  (foreignNode)   91, 0.0214016, 3.54425, 0.40982, sm86_xmma_gemm_f32f32_tf32f32_f32_tn_n_tilesize32x32x64_stage6_warpsize2x2x1_tensor16x8x8, 0x698aab303d57b,
[09/08/2026-09:06:13] [TRT] [V]  (foreignNode)   44, 0.0214048, 3.54478, 0.36163, sm80_xmma_gemm_f32f32_tf32f32_f32_nn_n_tilesize64x128x16_stage4_warpsize2x2x1_tensor16x8x8, 0x4272f00d358ee,
[09/08/2026-09:06:13] [TRT] [V]  (foreignNode)   37, 0.0214144, 3.54637, 0.34824, sm80_xmma_gemm_f32f32_tf32f32_f32_nn_n_tilesize32x32x64_stage3_warpsize2x1x2_tensor16x8x8, 0x5aafe280ce3ae,
[09/08/2026-09:06:13] [TRT] [V]  (foreignNode)   68, 0.0218112, 3.61208, 0.39468, sm80_xmma_gemm_f32f32_f32f32_f32_nn_n_tilesize32x32x8_stage3_warpsize1x2x1_ffma_aligna4_alignc4, 0x48e90d7ac6e8b,
[09/08/2026-09:06:13] [TRT] [V]  (foreignNode)   78, 0.0218112, 3.61208, 0.39831, sm80_xmma_gemm_f32f32_f32f32_f32_nn_n_tilesize32x64x8_stage3_warpsize1x2x1_ffma_aligna4_alignc4, 0x3b0ea838bd0d6,
[09/08/2026-09:06:13] [TRT] [V]  (foreignNode)   88, 0.0232448, 3.84950, 0.37621, sm80_xmma_gemm_f32f32_f32f32_f32_tn_n_tilesize32x32x8_stage3_warpsize1x2x1_ffma_aligna4_alignc4, 0x40c5388dba789,
[09/08/2026-09:06:13] [TRT] [V]  (foreignNode)   62, 0.0240640, 3.98516, 0.35333, sm86_xmma_gemm_f32f32_tf32f32_f32_tn_n_tilesize128x128x16_stage3_warpsize2x2x1_tensor16x8x8, 0x53e905ca65e7d,
[09/08/2026-09:06:13] [TRT] [V]  (foreignNode)   66, 0.0240640, 3.98516, 0.35557, sm80_xmma_gemm_f32f32_f32f32_f32_nn_n_tilesize32x32x8_stage3_warpsize1x2x1_ffma_aligna4_alignc4, 0x4953098015a9d,
[09/08/2026-09:06:13] [TRT] [V]  (foreignNode)   81, 0.0248832, 4.12083, 0.34924, sm80_xmma_gemm_f32f32_f32f32_f32_tn_n_tilesize32x32x8_stage3_warpsize1x2x1_ffma_aligna4_alignc4, 0x40dfa7d1bacc1,
[09/08/2026-09:06:13] [TRT] [V]  (foreignNode)   41, 0.0250848, 4.15421, 0.30846, sm86_xmma_gemm_f32f32_tf32f32_f32_tn_n_tilesize64x64x64_stage3_warpsize2x2x1_tensor16x8x8, 0x2c8a7ec2ae490,
[09/08/2026-09:06:13] [TRT] [V]  (foreignNode)   82, 0.0250848, 4.15421, 0.34742, sm80_xmma_gemm_f32f32_tf32f32_f32_tn_n_tilesize64x64x64_stage4_warpsize2x2x1_tensor16x8x8, 0x4031839a96790,
[09/08/2026-09:06:13] [TRT] [V]  (foreignNode)   46, 0.0250880, 4.15474, 0.31626, sm86_xmma_gemm_f32f32_tf32f32_f32_nn_n_tilesize64x64x64_stage3_warpsize2x2x1_tensor16x8x8, 0x3c5cc1d7d1f88,
[09/08/2026-09:06:13] [TRT] [V]  (foreignNode)   73, 0.0261120, 4.32432, 0.33135, sm80_xmma_gemm_f32f32_f32f32_f32_nn_n_tilesize32x32x8_stage3_warpsize1x2x1_ffma_aligna4_alignc4, 0x49c1a20478f8c,
[09/08/2026-09:06:13] [TRT] [V]  (foreignNode)   67, 0.0269312, 4.45999, 0.31963, sm80_xmma_gemm_f32f32_f32f32_f32_nn_n_tilesize32x32x8_stage3_warpsize1x2x1_ffma_aligna4_alignc4, 0x4d924ea4265e3,
[09/08/2026-09:06:13] [TRT] [V]  (foreignNode)   93, 0.0271360, 4.49391, 0.32403, sm80_xmma_gemm_f32f32_f32f32_f32_tn_n_tilesize32x32x8_stage3_warpsize1x2x1_ffma_aligna4_alignc4, 0x29c35a1161fd3,
[09/08/2026-09:06:13] [TRT] [V]  (foreignNode)   98, 0.0279328, 4.62586, 0.31605, sm80_xmma_gemm_f32f32_tf32f32_f32_nn_n_tilesize64x64x64_stage4_warpsize2x1x2_tensor16x8x8, 0x54a414aeb5ca5,
[09/08/2026-09:06:13] [TRT] [V]  (foreignNode)   87, 0.0285728, 4.73185, 0.30605, sm80_xmma_gemm_f32f32_f32f32_f32_tn_n_tilesize32x32x8_stage3_warpsize1x2x1_ffma_aligna4_alignc4, 0x6776731cb9fda,
[09/08/2026-09:06:13] [TRT] [V]  (foreignNode)   89, 0.0291808, 4.83254, 0.29982, sm80_xmma_gemm_f32f32_tf32f32_f32_nn_n_tilesize64x128x16_stage4_warpsize2x2x1_tensor16x8x8, 0x301b34dd260fb,
[09/08/2026-09:06:13] [TRT] [V]  (foreignNode)   11, 0.0291840, 4.83307, 0.00000, sm50_xmma_cublas_gemvx_f32f32_f32_f32_tn_n_int32_unit_n_launch_param4x32x1_strided_unit_stride, 0x4dfcc20b2d409,
[09/08/2026-09:06:13] [TRT] [V]  (foreignNode)   85, 0.0291840, 4.83307, 0.29904, sm80_xmma_gemm_f32f32_tf32f32_f32_tn_n_tilesize64x128x16_stage4_warpsize2x2x1_tensor16x8x8, 0x29fd86fed5ccf,
[09/08/2026-09:06:13] [TRT] [V]  (foreignNode)   77, 0.0291872, 4.83360, 0.29764, sm80_xmma_gemm_f32f32_f32f32_f32_nn_n_tilesize32x64x8_stage3_warpsize1x2x1_ffma_aligna4_alignc4, 0x4a827b39d4a56,
[09/08/2026-09:06:13] [TRT] [V]  (foreignNode)   10, 0.0293824, 4.86592, 0.00000, sm50_xmma_cublas_gemvx_f32f32_f32_f32_tn_n_int32_unit_n_launch_param8x32x1_strided_unit_stride, 0x560ff2b4f7eff,
[09/08/2026-09:06:13] [TRT] [V]  (foreignNode)   22, 0.0338944, 5.61314, 0.20104, sm80_xmma_gemm_f32f32_tf32f32_f32_tn_n_tilesize32x32x64_stage3_warpsize2x1x2_tensor16x8x8, 0x4847028860d32,
[09/08/2026-09:06:13] [TRT] [V]  (foreignNode)   26, 0.0340992, 5.64706, 0.20636, sm80_xmma_gemm_f32f32_tf32f32_f32_nn_n_tilesize32x32x64_stage3_warpsize2x1x2_tensor16x8x8, 0x3bf2318ff42c8,
[09/08/2026-09:06:13] [TRT] [V]  (foreignNode)    6, 0.0369696, 6.12242, 0.00000, sm50_xmma_cublas_gemvx_f32f32_f32_f32_tn_n_int32_unit_n_launch_param16x8x1_strided_unit_stride, 0x43d46362191d0,
[09/08/2026-09:06:13] [TRT] [V]  (foreignNode)   96, 0.0371712, 6.15580, 0.23722, sm80_xmma_gemm_f32f32_f32f32_f32_nn_n_tilesize32x32x8_stage3_warpsize1x2x1_ffma_aligna4_alignc4, 0x4301dc68397a0,
[09/08/2026-09:06:13] [TRT] [V]  (foreignNode)   76, 0.0414688, 6.86751, 0.20948, sm86_xmma_gemm_f32f32_tf32f32_f32_tn_n_tilesize64x64x64_stage3_warpsize2x2x1_tensor16x8x8, 0x2f9eb5930ccd1,
[09/08/2026-09:06:13] [TRT] [V]  (foreignNode)   29, 0.0435200, 7.20721, 0.16480, sm80_xmma_gemm_f32f32_tf32f32_f32_nn_n_tilesize64x128x16_stage4_warpsize2x2x1_tensor16x8x8, 0x39f099f0d57c8,
[09/08/2026-09:06:13] [TRT] [V]  (foreignNode)   28, 0.0443424, 7.34340, 0.16172, sm80_xmma_gemm_f32f32_tf32f32_f32_tn_n_tilesize64x128x16_stage4_warpsize2x2x1_tensor16x8x8, 0x38dd8b2114906,
[09/08/2026-09:06:13] [TRT] [V]  (foreignNode)   50, 0.0455712, 7.54690, 0.17907, sm86_xmma_gemm_f32f32_tf32f32_f32_tn_n_tilesize64x128x32_stage4_warpsize2x2x1_tensor16x8x8, 0x38615eab15fcb,
[09/08/2026-09:06:13] [TRT] [V]  (foreignNode)   71, 0.0455712, 7.54690, 0.18933, sm80_xmma_gemm_f32f32_tf32f32_f32_tn_n_tilesize64x128x32_stage5_warpsize2x2x1_tensor16x8x8, 0x4818c5858eac6,
[09/08/2026-09:06:13] [TRT] [V]  (foreignNode)   32, 0.0619488, 10.25914, 0.11630, sm80_xmma_gemm_f32f32_tf32f32_f32_tn_n_tilesize32x32x64_stage3_warpsize2x1x2_tensor16x8x8, 0x56f9b0adaeac2,
[09/08/2026-09:06:13] [TRT] [V]  (foreignNode)    3, 0.0623616, 10.32750, 0.00000, sm50_xmma_cublas_gemvx_f32f32_f32_f32_tn_n_int32_unit_n_launch_param32x4x1_strided_unit_stride, 0x649a649a21d26,
[09/08/2026-09:06:13] [TRT] [V]  (foreignNode)   36, 0.0625632, 10.36089, 0.11917, sm80_xmma_gemm_f32f32_tf32f32_f32_nn_n_tilesize32x32x64_stage3_warpsize2x1x2_tensor16x8x8, 0x6628f0eed0fa2,
[09/08/2026-09:06:13] [TRT] [V]  (foreignNode)   54, 0.0637952, 10.56492, 0.12854, sm86_xmma_gemm_f32f32_tf32f32_f32_tn_n_tilesize128x128x16_stage3_warpsize2x2x1_tensor16x8x8, 0x58c32f9f20147,
[09/08/2026-09:06:13] [TRT] [V]  (foreignNode)   69, 0.0637952, 10.56492, 0.13514, sm86_xmma_gemm_f32f32_tf32f32_f32_nn_n_tilesize128x128x16_stage3_warpsize2x2x1_tensor16x8x8, 0x562fd3515339c,
[09/08/2026-09:06:13] [TRT] [V]  (foreignNode)   65, 0.0701440, 11.61632, 0.12198, sm80_xmma_gemm_f32f32_f32f32_f32_nn_n_tilesize32x32x8_stage3_warpsize1x2x1_ffma_aligna4_alignc4, 0x345a069f22656,
[09/08/2026-09:06:13] [TRT] [V]  (foreignNode)   80, 0.0711648, 11.78537, 0.12211, sm80_xmma_gemm_f32f32_f32f32_f32_tn_n_tilesize32x32x8_stage3_warpsize1x2x1_ffma_aligna4_alignc4, 0x4fb78a2f81ab4,
[09/08/2026-09:06:13] [TRT] [V]  (foreignNode)   63, 0.0765056, 12.66985, 0.11172, sm80_xmma_gemm_f32f32_tf32f32_f32_nn_n_tilesize32x256x32_stage4_warpsize1x4x1_tensor16x8x8, 0x5b74e541cf28d,
[09/08/2026-09:06:13] [TRT] [V]  (foreignNode)   42, 0.0783360, 12.97297, 0.09878, sm80_xmma_gemm_f32f32_tf32f32_f32_nn_n_tilesize64x128x16_stage4_warpsize2x2x1_tensor16x8x8, 0x623c9171914f1,
[09/08/2026-09:06:13] [TRT] [V]  (foreignNode)   39, 0.0789504, 13.07472, 0.09791, sm80_xmma_gemm_f32f32_tf32f32_f32_tn_n_tilesize64x128x16_stage4_warpsize2x2x1_tensor16x8x8, 0x4f6fac8db8968,
[09/08/2026-09:06:13] [TRT] [V]  (foreignNode)   61, 0.1197760, 19.83572, 0.07097, sm86_xmma_gemm_f32f32_tf32f32_f32_tn_n_tilesize128x128x16_stage3_warpsize2x2x1_tensor16x8x8, 0x37f1a309bc55f,
[09/08/2026-09:06:13] [TRT] [V]  (foreignNode)    9, 0.1208320, 20.01060, 0.00000, sm50_xmma_cublas_gemvx_f32f32_f32_f32_tn_n_int32_unit_n_launch_param64x2x1_strided_unit_stride, 0x3ce727d562647,
[09/08/2026-09:06:13] [TRT] [V]  (foreignNode)    4, 0.1372160, 22.72390, 0.00000, sm50_xmma_cublas_gemvx_f32f32_f32_f32_tn_n_int32_unit_n_launch_param64x8x1_strided_unit_stride, 0x614b07179dddb,
[09/08/2026-09:06:13] [TRT] [V]  (foreignNode) (Sparsity) Found 2 layer(s) eligible to use sparse tactics: node_conv2d, node_linear
[09/08/2026-09:06:13] [TRT] [V]  (foreignNode) (Sparsity) Chose 0 layer(s) using sparse tactics:
[09/08/2026-09:06:13] [TRT] [V] Subgraph compilation completed in 5.783 seconds.
[09/08/2026-09:06:13] [TRT] [V] Tactic: 0x0000000000000000 Time: 0
[09/08/2026-09:06:13] [TRT] [V] {ForeignNode[node_conv2d...ONNXTRT_castHelper_9]} (Myelin[0x80000023]) profiling completed in 5.78924 seconds. Fastest Tactic: 0x0000000000000000 Time: 0
[09/08/2026-09:06:13] [TRT] [V] >>>>>>>>>>>>>>> Chose Runner Type: Myelin Tactic: 0x0000000000000000
[09/08/2026-09:06:13] [TRT] [V] =============== Computing reformatting costs for available format set
[09/08/2026-09:06:13] [TRT] [V] =============== Computing reformatting costs for available format set
[09/08/2026-09:06:13] [TRT] [V] =============== Computing reformatting costs for available format set
[09/08/2026-09:06:13] [TRT] [V] Formats and tactics selection completed in 5.78989 seconds.
[09/08/2026-09:06:13] [TRT] [V] After reformat layers: 1 layers
[09/08/2026-09:06:13] [TRT] [V] Total number of blocks in pre-optimized block assignment: 1
[09/08/2026-09:06:13] [TRT] [I] Detected 1 inputs and 2 output network tensors.
[09/08/2026-09:06:13] [TRT] [V] Layer: {ForeignNode[node_conv2d...ONNXTRT_castHelper_9]} Host Persistent: 80 bytes Device Persistent: 0 bytes Scratch Memory: 131072 bytes
[09/08/2026-09:06:13] [TRT] [V] Skipped printing memory information for 0 layers with 0 memory size i.e. Host Persistent + Device Persistent + Scratch Memory == 0.
[09/08/2026-09:06:13] [TRT] [I] Total Host Persistent Memory: 80 bytes
[09/08/2026-09:06:13] [TRT] [I] Total Device Persistent Memory: 0 bytes
[09/08/2026-09:06:13] [TRT] [I] Max Scratch Memory: 131072 bytes
[09/08/2026-09:06:13] [TRT] [I] [BlockAssignment] Started assigning block shifts. This will take 1 steps to complete.
[09/08/2026-09:06:13] [TRT] [I] [BlockAssignment] Algorithm ShiftNTopDown took 0.005514ms to assign 1 blocks to 1 nodes requiring 131072 bytes.
[09/08/2026-09:06:13] [TRT] [V] Total number of blocks in optimized block assignment: 1
[09/08/2026-09:06:13] [TRT] [I] Total Activation Memory: 131072 bytes
[09/08/2026-09:06:13] [TRT] [I] Total Weights Memory: 13098880 bytes
[09/08/2026-09:06:13] [TRT] [V] Total number of generated kernels selected for the engine: 0
[09/08/2026-09:06:13] [TRT] [I] Compiler backend is used during engine execution.
[09/08/2026-09:06:13] [TRT] [V] Disabling unused tactic source: EDGE_MASK_CONVOLUTIONS
[09/08/2026-09:06:13] [TRT] [V] Disabling unused tactic source: JIT_CONVOLUTIONS
[09/08/2026-09:06:13] [TRT] [I] Engine generation completed in 5.80725 seconds.
[09/08/2026-09:06:13] [TRT] [V] Engine Layer Information:
Layer(Myelin): {ForeignNode[node_conv2d...ONNXTRT_castHelper_9]}, Tactic: 0x0000000000000000, x (Float[1,1,28,28]) -> y (Float[1,10]), z (Int64[1])
[09/08/2026-09:06:13] [TRT] [I] [MemUsageStats] Peak memory usage of TRT CPU/GPU memory allocators: CPU 0 MiB, GPU 12 MiB
[09/08/2026-09:06:13] [TRT] [V] Adding 1 engine(s) to plan file.
[09/08/2026-09:06:13] [TRT] [V] Adding 1 engine weights(s) to plan file.
============================== Start [case_normal,(),{}]
============================== End   [case_normal]
Finish
