[TensorRT-Cookbook] Version: 1.0.0
============================== Start [case_reference,(),{}]
    model: 2 x Conv2d(32) + Linear(32,256) + Linear(256,256)
    output (8, 256), range [-0.141, 0.159]
============================== End   [case_reference]
============================== Start [case_quantize_each_format,(),{}]
    format      quantizers    eager max abs diff    relative
    ----------------------------------------------------------
Inserted 14 quantizers
Loading extension modelopt_cuda_ext_fp8...
Loaded extension modelopt_cuda_ext_fp8 in 89.1 seconds
    FP8                 14             6.829e-03      4.29%
Inserted 14 quantizers
Loading extension modelopt_cuda_ext...
Loaded extension modelopt_cuda_ext in 0.0 seconds
    INT8                14             1.258e-03      0.79%
Inserted 14 quantizers
    NVFP4               14             1.832e-02     11.51%
Inserted 14 quantizers
Loading extension modelopt_cuda_ext_mx...
Loaded extension modelopt_cuda_ext_mx in 113.4 seconds
    MXFP8               14             6.946e-03      4.37%
Inserted 14 quantizers
awq_lite: Caching activation statistics...
awq_lite: Searching parameters...
Torch IR graph at exception: graph(%inputs.1 : Float(8, 32, 16, 16, strides=[8192, 256, 16, 1], requires_grad=0, device=cuda:0),
      %conv1.weight : Float(32, 32, 3, 3, strides=[288, 9, 3, 1], requires_grad=1, device=cuda:0),
      %conv1.bias : Float(32, strides=[1], requires_grad=1, device=cuda:0),
      %conv1.input_quantizer._amax : Float(requires_grad=0, device=cuda:0),
      %conv1.weight_quantizer._amax : Float(requires_grad=0, device=cuda:0),
      %conv2.weight : Float(32, 32, 3, 3, strides=[288, 9, 3, 1], requires_grad=1, device=cuda:0),
      %conv2.bias : Float(32, strides=[1], requires_grad=1, device=cuda:0),
      %conv2.input_quantizer._amax : Float(requires_grad=0, device=cuda:0),
      %conv2.weight_quantizer._amax : Float(requires_grad=0, device=cuda:0),
      %pool.input_quantizer._amax : Float(requires_grad=0, device=cuda:0),
      %fc1.weight : Float(256, 32, strides=[32, 1], requires_grad=1, device=cuda:0),
      %fc1.bias : Float(256, strides=[1], requires_grad=1, device=cuda:0),
      %fc1.input_quantizer._amax : Float(requires_grad=0, device=cuda:0),
      %fc1.weight_quantizer._amax : Float(requires_grad=0, device=cuda:0),
      %fc2.weight : Float(256, 256, strides=[256, 1], requires_grad=1, device=cuda:0),
      %fc2.bias : Float(256, strides=[1], requires_grad=1, device=cuda:0),
      %fc2.input_quantizer._amax : Float(requires_grad=0, device=cuda:0),
      %fc2.weight_quantizer._amax : Float(requires_grad=0, device=cuda:0)):
  %amax.1 : Float(requires_grad=0, device=cuda:0) = aten::detach(%conv1.input_quantizer._amax), scope: __main__.MixedModel::/modelopt.torch.opt.dynamic.QuantConv2d::conv1/modelopt.torch.quantization.nn.modules.tensor_quantizer.TensorQuantizer::input_quantizer # /usr/local/lib/python3.12/dist-packages/modelopt/torch/quantization/nn/modules/tensor_quantizer.py:654:0
  %input.1 : Float(8, 32, 16, 16, strides=[8192, 256, 16, 1], requires_grad=0, device=cuda:0) = ^ScaledE4M3Function[inplace=0, module="modelopt.torch.quantization.tensor_quant"](None, 4, 3, Float, True)(%inputs.1, %amax.1), scope: __main__.MixedModel::/modelopt.torch.opt.dynamic.QuantConv2d::conv1/modelopt.torch.quantization.nn.modules.tensor_quantizer.TensorQuantizer::input_quantizer # /usr/local/lib/python3.12/dist-packages/torch/autograd/function.py:625:0
    block0(%inputs.25 : Float(8, 32, 16, 16, strides=[8192, 256, 16, 1], requires_grad=0, device=cuda:0), %amax.73 : Float(requires_grad=0, device=cuda:0)):
      %786 : Long(device=cpu) = prim::Constant[value={8}](), scope: __main__.MixedModel::/modelopt.torch.opt.dynamic.QuantConv2d::conv1/modelopt.torch.quantization.nn.modules.tensor_quantizer.TensorQuantizer::input_quantizer
      %787 : Long(device=cpu) = prim::Constant[value={4}](), scope: __main__.MixedModel::/modelopt.torch.opt.dynamic.QuantConv2d::conv1/modelopt.torch.quantization.nn.modules.tensor_quantizer.TensorQuantizer::input_quantizer
      %788 : Bool(device=cpu) = prim::Constant[value={0}](), scope: __main__.MixedModel::/modelopt.torch.opt.dynamic.QuantConv2d::conv1/modelopt.torch.quantization.nn.modules.tensor_quantizer.TensorQuantizer::input_quantizer
      %789 : Bool(device=cpu) = prim::Constant[value={0}](), scope: __main__.MixedModel::/modelopt.torch.opt.dynamic.QuantConv2d::conv1/modelopt.torch.quantization.nn.modules.tensor_quantizer.TensorQuantizer::input_quantizer
      %720 : Float(8, 32, 16, 16, strides=[8192, 256, 16, 1], requires_grad=0, device=cuda:0) = tensorrt::quantize_op(%inputs.25, %amax.73, %786, %787, %788, %789), scope: __main__.MixedModel::/modelopt.torch.opt.dynamic.QuantConv2d::conv1/modelopt.torch.quantization.nn.modules.tensor_quantizer.TensorQuantizer::input_quantizer # /usr/local/lib/python3.12/dist-packages/torch/_ops.py:1275:0
      -> (%720)
  %amax.3 : Float(requires_grad=0, device=cuda:0) = aten::detach(%conv1.weight_quantizer._amax), scope: __main__.MixedModel::/modelopt.torch.opt.dynamic.QuantConv2d::conv1/modelopt.torch.quantization.nn.modules.tensor_quantizer.TensorQuantizer::weight_quantizer # /usr/local/lib/python3.12/dist-packages/modelopt/torch/quantization/nn/modules/tensor_quantizer.py:654:0
  %544 : Float(32, 32, 3, 3, strides=[288, 9, 3, 1], requires_grad=0, device=cuda:0) = ^ScaledE4M3Function[inplace=0, module="modelopt.torch.quantization.tensor_quant"](None, 4, 3, Float, True)(%conv1.weight, %amax.3), scope: __main__.MixedModel::/modelopt.torch.opt.dynamic.QuantConv2d::conv1/modelopt.torch.quantization.nn.modules.tensor_quantizer.TensorQuantizer::weight_quantizer # /usr/local/lib/python3.12/dist-packages/torch/autograd/function.py:625:0
    block0(%inputs.27 : Float(32, 32, 3, 3, strides=[288, 9, 3, 1], requires_grad=1, device=cuda:0), %amax.75 : Float(requires_grad=0, device=cuda:0)):
      %790 : Long(device=cpu) = prim::Constant[value={8}](), scope: __main__.MixedModel::/modelopt.torch.opt.dynamic.QuantConv2d::conv1/modelopt.torch.quantization.nn.modules.tensor_quantizer.TensorQuantizer::weight_quantizer
      %791 : Long(device=cpu) = prim::Constant[value={4}](), scope: __main__.MixedModel::/modelopt.torch.opt.dynamic.QuantConv2d::conv1/modelopt.torch.quantization.nn.modules.tensor_quantizer.TensorQuantizer::weight_quantizer
      %792 : Bool(device=cpu) = prim::Constant[value={0}](), scope: __main__.MixedModel::/modelopt.torch.opt.dynamic.QuantConv2d::conv1/modelopt.torch.quantization.nn.modules.tensor_quantizer.TensorQuantizer::weight_quantizer
      %793 : Bool(device=cpu) = prim::Constant[value={0}](), scope: __main__.MixedModel::/modelopt.torch.opt.dynamic.QuantConv2d::conv1/modelopt.torch.quantization.nn.modules.tensor_quantizer.TensorQuantizer::weight_quantizer
      %727 : Float(32, 32, 3, 3, strides=[288, 9, 3, 1], requires_grad=0, device=cuda:0) = tensorrt::quantize_op(%inputs.27, %amax.75, %790, %791, %792, %793), scope: __main__.MixedModel::/modelopt.torch.opt.dynamic.QuantConv2d::conv1/modelopt.torch.quantization.nn.modules.tensor_quantizer.TensorQuantizer::weight_quantizer # /usr/local/lib/python3.12/dist-packages/torch/_ops.py:1275:0
      -> (%727)
  %777 : int[] = prim::Constant[value=[1, 1]]()
  %794 : Bool(device=cpu) = prim::Constant[value={0}](), scope: __main__.MixedModel::/modelopt.torch.opt.dynamic.QuantConv2d::conv1
  %780 : int[] = prim::Constant[value=[0, 0]]()
  %795 : Long(device=cpu) = prim::Constant[value={1}](), scope: __main__.MixedModel::/modelopt.torch.opt.dynamic.QuantConv2d::conv1
  %796 : Bool(device=cpu) = prim::Constant[value={1}](), scope: __main__.MixedModel::/modelopt.torch.opt.dynamic.QuantConv2d::conv1
  %568 : Float(8, 32, 16, 16, strides=[8192, 256, 16, 1], requires_grad=0, device=cuda:0) = aten::_convolution(%input.1, %544, %conv1.bias, %777, %777, %777, %794, %780, %795, %794, %794, %796, %796), scope: __main__.MixedModel::/modelopt.torch.opt.dynamic.QuantConv2d::conv1 # /usr/local/lib/python3.12/dist-packages/torch/nn/modules/conv.py:560:0
  %inputs.5 : Float(8, 32, 16, 16, strides=[8192, 256, 16, 1], requires_grad=0, device=cuda:0) = aten::relu(%568), scope: __main__.MixedModel:: # /work/trt-samples-for-hackathon-cn-wili/cookbook/04-Feature/LowBitQuantization/main.py:70:0
  %amax.5 : Float(requires_grad=0, device=cuda:0) = aten::detach(%conv2.input_quantizer._amax), scope: __main__.MixedModel::/modelopt.torch.opt.dynamic.QuantConv2d::conv2/modelopt.torch.quantization.nn.modules.tensor_quantizer.TensorQuantizer::input_quantizer # /usr/local/lib/python3.12/dist-packages/modelopt/torch/quantization/nn/modules/tensor_quantizer.py:654:0
  %input.3 : Float(8, 32, 16, 16, strides=[8192, 256, 16, 1], requires_grad=0, device=cuda:0) = ^ScaledE4M3Function[inplace=0, module="modelopt.torch.quantization.tensor_quant"](None, 4, 3, Float, True)(%inputs.5, %amax.5), scope: __main__.MixedModel::/modelopt.torch.opt.dynamic.QuantConv2d::conv2/modelopt.torch.quantization.nn.modules.tensor_quantizer.TensorQuantizer::input_quantizer # /usr/local/lib/python3.12/dist-packages/torch/autograd/function.py:625:0
    block0(%inputs.29 : Float(8, 32, 16, 16, strides=[8192, 256, 16, 1], requires_grad=0, device=cuda:0), %amax.77 : Float(requires_grad=0, device=cuda:0)):
      %797 : Long(device=cpu) = prim::Constant[value={8}](), scope: __main__.MixedModel::/modelopt.torch.opt.dynamic.QuantConv2d::conv2/modelopt.torch.quantization.nn.modules.tensor_quantizer.TensorQuantizer::input_quantizer
      %798 : Long(device=cpu) = prim::Constant[value={4}](), scope: __main__.MixedModel::/modelopt.torch.opt.dynamic.QuantConv2d::conv2/modelopt.torch.quantization.nn.modules.tensor_quantizer.TensorQuantizer::input_quantizer
      %799 : Bool(device=cpu) = prim::Constant[value={0}](), scope: __main__.MixedModel::/modelopt.torch.opt.dynamic.QuantConv2d::conv2/modelopt.torch.quantization.nn.modules.tensor_quantizer.TensorQuantizer::input_quantizer
      %800 : Bool(device=cpu) = prim::Constant[value={0}](), scope: __main__.MixedModel::/modelopt.torch.opt.dynamic.QuantConv2d::conv2/modelopt.torch.quantization.nn.modules.tensor_quantizer.TensorQuantizer::input_quantizer
      %734 : Float(8, 32, 16, 16, strides=[8192, 256, 16, 1], requires_grad=0, device=cuda:0) = tensorrt::quantize_op(%inputs.29, %amax.77, %797, %798, %799, %800), scope: __main__.MixedModel::/modelopt.torch.opt.dynamic.QuantConv2d::conv2/modelopt.torch.quantization.nn.modules.tensor_quantizer.TensorQuantizer::input_quantizer # /usr/local/lib/python3.12/dist-packages/torch/_ops.py:1275:0
      -> (%734)
  %amax.7 : Float(requires_grad=0, device=cuda:0) = aten::detach(%conv2.weight_quantizer._amax), scope: __main__.MixedModel::/modelopt.torch.opt.dynamic.QuantConv2d::conv2/modelopt.torch.quantization.nn.modules.tensor_quantizer.TensorQuantizer::weight_quantizer # /usr/local/lib/python3.12/dist-packages/modelopt/torch/quantization/nn/modules/tensor_quantizer.py:654:0
  %591 : Float(32, 32, 3, 3, strides=[288, 9, 3, 1], requires_grad=0, device=cuda:0) = ^ScaledE4M3Function[inplace=0, module="modelopt.torch.quantization.tensor_quant"](None, 4, 3, Float, True)(%conv2.weight, %amax.7), scope: __main__.MixedModel::/modelopt.torch.opt.dynamic.QuantConv2d::conv2/modelopt.torch.quantization.nn.modules.tensor_quantizer.TensorQuantizer::weight_quantizer # /usr/local/lib/python3.12/dist-packages/torch/autograd/function.py:625:0
    block0(%inputs.31 : Float(32, 32, 3, 3, strides=[288, 9, 3, 1], requires_grad=1, device=cuda:0), %amax.79 : Float(requires_grad=0, device=cuda:0)):
      %801 : Long(device=cpu) = prim::Constant[value={8}](), scope: __main__.MixedModel::/modelopt.torch.opt.dynamic.QuantConv2d::conv2/modelopt.torch.quantization.nn.modules.tensor_quantizer.TensorQuantizer::weight_quantizer
      %802 : Long(device=cpu) = prim::Constant[value={4}](), scope: __main__.MixedModel::/modelopt.torch.opt.dynamic.QuantConv2d::conv2/modelopt.torch.quantization.nn.modules.tensor_quantizer.TensorQuantizer::weight_quantizer
      %803 : Bool(device=cpu) = prim::Constant[value={0}](), scope: __main__.MixedModel::/modelopt.torch.opt.dynamic.QuantConv2d::conv2/modelopt.torch.quantization.nn.modules.tensor_quantizer.TensorQuantizer::weight_quantizer
      %804 : Bool(device=cpu) = prim::Constant[value={0}](), scope: __main__.MixedModel::/modelopt.torch.opt.dynamic.QuantConv2d::conv2/modelopt.torch.quantization.nn.modules.tensor_quantizer.TensorQuantizer::weight_quantizer
      %741 : Float(32, 32, 3, 3, strides=[288, 9, 3, 1], requires_grad=0, device=cuda:0) = tensorrt::quantize_op(%inputs.31, %amax.79, %801, %802, %803, %804), scope: __main__.MixedModel::/modelopt.torch.opt.dynamic.QuantConv2d::conv2/modelopt.torch.quantization.nn.modules.tensor_quantizer.TensorQuantizer::weight_quantizer # /usr/local/lib/python3.12/dist-packages/torch/_ops.py:1275:0
      -> (%741)
  %615 : Float(8, 32, 16, 16, strides=[8192, 256, 16, 1], requires_grad=0, device=cuda:0) = aten::_convolution(%input.3, %591, %conv2.bias, %777, %777, %777, %794, %780, %795, %794, %794, %796, %796), scope: __main__.MixedModel::/modelopt.torch.opt.dynamic.QuantConv2d::conv2 # /usr/local/lib/python3.12/dist-packages/torch/nn/modules/conv.py:560:0
  %inputs.9 : Float(8, 32, 16, 16, strides=[8192, 256, 16, 1], requires_grad=0, device=cuda:0) = aten::relu(%615), scope: __main__.MixedModel:: # /work/trt-samples-for-hackathon-cn-wili/cookbook/04-Feature/LowBitQuantization/main.py:71:0
  %amax.9 : Float(requires_grad=0, device=cuda:0) = aten::detach(%pool.input_quantizer._amax), scope: __main__.MixedModel::/modelopt.torch.opt.dynamic.QuantAdaptiveAvgPool2d::pool/modelopt.torch.quantization.nn.modules.tensor_quantizer.TensorQuantizer::input_quantizer # /usr/local/lib/python3.12/dist-packages/modelopt/torch/quantization/nn/modules/tensor_quantizer.py:654:0
  %input.5 : Float(8, 32, 16, 16, strides=[8192, 256, 16, 1], requires_grad=0, device=cuda:0) = ^ScaledE4M3Function[inplace=0, module="modelopt.torch.quantization.tensor_quant"](None, 4, 3, Float, True)(%inputs.9, %amax.9), scope: __main__.MixedModel::/modelopt.torch.opt.dynamic.QuantAdaptiveAvgPool2d::pool/modelopt.torch.quantization.nn.modules.tensor_quantizer.TensorQuantizer::input_quantizer # /usr/local/lib/python3.12/dist-packages/torch/autograd/function.py:625:0
    block0(%inputs.33 : Float(8, 32, 16, 16, strides=[8192, 256, 16, 1], requires_grad=0, device=cuda:0), %amax.81 : Float(requires_grad=0, device=cuda:0)):
      %805 : Long(device=cpu) = prim::Constant[value={8}](), scope: __main__.MixedModel::/modelopt.torch.opt.dynamic.QuantAdaptiveAvgPool2d::pool/modelopt.torch.quantization.nn.modules.tensor_quantizer.TensorQuantizer::input_quantizer
      %806 : Long(device=cpu) = prim::Constant[value={4}](), scope: __main__.MixedModel::/modelopt.torch.opt.dynamic.QuantAdaptiveAvgPool2d::pool/modelopt.torch.quantization.nn.modules.tensor_quantizer.TensorQuantizer::input_quantizer
      %807 : Bool(device=cpu) = prim::Constant[value={0}](), scope: __main__.MixedModel::/modelopt.torch.opt.dynamic.QuantAdaptiveAvgPool2d::pool/modelopt.torch.quantization.nn.modules.tensor_quantizer.TensorQuantizer::input_quantizer
      %808 : Bool(device=cpu) = prim::Constant[value={0}](), scope: __main__.MixedModel::/modelopt.torch.opt.dynamic.QuantAdaptiveAvgPool2d::pool/modelopt.torch.quantization.nn.modules.tensor_quantizer.TensorQuantizer::input_quantizer
      %748 : Float(8, 32, 16, 16, strides=[8192, 256, 16, 1], requires_grad=0, device=cuda:0) = tensorrt::quantize_op(%inputs.33, %amax.81, %805, %806, %807, %808), scope: __main__.MixedModel::/modelopt.torch.opt.dynamic.QuantAdaptiveAvgPool2d::pool/modelopt.torch.quantization.nn.modules.tensor_quantizer.TensorQuantizer::input_quantizer # /usr/local/lib/python3.12/dist-packages/torch/_ops.py:1275:0
      -> (%748)
  %648 : Float(8, 32, 1, 1, strides=[32, 1, 1, 1], requires_grad=0, device=cuda:0) = aten::adaptive_avg_pool2d(%input.5, %777), scope: __main__.MixedModel::/modelopt.torch.opt.dynamic.QuantAdaptiveAvgPool2d::pool # /usr/local/lib/python3.12/dist-packages/torch/nn/functional.py:1405:0
  %809 : Long(device=cpu) = prim::Constant[value={-1}](), scope: __main__.MixedModel::
  %inputs.11 : Float(8, 32, strides=[32, 1], requires_grad=0, device=cuda:0) = aten::flatten(%648, %795, %809), scope: __main__.MixedModel:: # /work/trt-samples-for-hackathon-cn-wili/cookbook/04-Feature/LowBitQuantization/main.py:72:0
  %amax.11 : Float(requires_grad=0, device=cuda:0) = aten::detach(%fc1.input_quantizer._amax), scope: __main__.MixedModel::/modelopt.torch.opt.dynamic.QuantLinear::fc1/modelopt.torch.quantization.nn.modules.tensor_quantizer.TensorQuantizer::input_quantizer # /usr/local/lib/python3.12/dist-packages/modelopt/torch/quantization/nn/modules/tensor_quantizer.py:654:0
  %input.7 : Float(8, 32, strides=[32, 1], requires_grad=0, device=cuda:0) = ^ScaledE4M3Function[inplace=0, module="modelopt.torch.quantization.tensor_quant"](None, 4, 3, Float, True)(%inputs.11, %amax.11), scope: __main__.MixedModel::/modelopt.torch.opt.dynamic.QuantLinear::fc1/modelopt.torch.quantization.nn.modules.tensor_quantizer.TensorQuantizer::input_quantizer # /usr/local/lib/python3.12/dist-packages/torch/autograd/function.py:625:0
    block0(%inputs.35 : Float(8, 32, strides=[32, 1], requires_grad=0, device=cuda:0), %amax.83 : Float(requires_grad=0, device=cuda:0)):
      %810 : Long(device=cpu) = prim::Constant[value={8}](), scope: __main__.MixedModel::/modelopt.torch.opt.dynamic.QuantLinear::fc1/modelopt.torch.quantization.nn.modules.tensor_quantizer.TensorQuantizer::input_quantizer
      %811 : Long(device=cpu) = prim::Constant[value={4}](), scope: __main__.MixedModel::/modelopt.torch.opt.dynamic.QuantLinear::fc1/modelopt.torch.quantization.nn.modules.tensor_quantizer.TensorQuantizer::input_quantizer
      %812 : Bool(device=cpu) = prim::Constant[value={0}](), scope: __main__.MixedModel::/modelopt.torch.opt.dynamic.QuantLinear::fc1/modelopt.torch.quantization.nn.modules.tensor_quantizer.TensorQuantizer::input_quantizer
      %813 : Bool(device=cpu) = prim::Constant[value={0}](), scope: __main__.MixedModel::/modelopt.torch.opt.dynamic.QuantLinear::fc1/modelopt.torch.quantization.nn.modules.tensor_quantizer.TensorQuantizer::input_quantizer
      %755 : Float(8, 32, strides=[32, 1], requires_grad=0, device=cuda:0) = tensorrt::quantize_op(%inputs.35, %amax.83, %810, %811, %812, %813), scope: __main__.MixedModel::/modelopt.torch.opt.dynamic.QuantLinear::fc1/modelopt.torch.quantization.nn.modules.tensor_quantizer.TensorQuantizer::input_quantizer # /usr/local/lib/python3.12/dist-packages/torch/_ops.py:1275:0
      -> (%755)
  %amax.13 : Float(requires_grad=0, device=cuda:0) = aten::detach(%fc1.weight_quantizer._amax), scope: __main__.MixedModel::/modelopt.torch.opt.dynamic.QuantLinear::fc1/modelopt.torch.quantization.nn.modules.tensor_quantizer.TensorQuantizer::weight_quantizer # /usr/local/lib/python3.12/dist-packages/modelopt/torch/quantization/nn/modules/tensor_quantizer.py:654:0
  %673 : Float(256, 32, strides=[32, 1], requires_grad=0, device=cuda:0) = ^ScaledE4M3Function[inplace=0, module="modelopt.torch.quantization.tensor_quant"](None, 4, 3, Float, True)(%fc1.weight, %amax.13), scope: __main__.MixedModel::/modelopt.torch.opt.dynamic.QuantLinear::fc1/modelopt.torch.quantization.nn.modules.tensor_quantizer.TensorQuantizer::weight_quantizer # /usr/local/lib/python3.12/dist-packages/torch/autograd/function.py:625:0
    block0(%inputs.37 : Float(256, 32, strides=[32, 1], requires_grad=1, device=cuda:0), %amax.85 : Float(requires_grad=0, device=cuda:0)):
      %814 : Long(device=cpu) = prim::Constant[value={8}](), scope: __main__.MixedModel::/modelopt.torch.opt.dynamic.QuantLinear::fc1/modelopt.torch.quantization.nn.modules.tensor_quantizer.TensorQuantizer::weight_quantizer
      %815 : Long(device=cpu) = prim::Constant[value={4}](), scope: __main__.MixedModel::/modelopt.torch.opt.dynamic.QuantLinear::fc1/modelopt.torch.quantization.nn.modules.tensor_quantizer.TensorQuantizer::weight_quantizer
      %816 : Bool(device=cpu) = prim::Constant[value={0}](), scope: __main__.MixedModel::/modelopt.torch.opt.dynamic.QuantLinear::fc1/modelopt.torch.quantization.nn.modules.tensor_quantizer.TensorQuantizer::weight_quantizer
      %817 : Bool(device=cpu) = prim::Constant[value={0}](), scope: __main__.MixedModel::/modelopt.torch.opt.dynamic.QuantLinear::fc1/modelopt.torch.quantization.nn.modules.tensor_quantizer.TensorQuantizer::weight_quantizer
      %762 : Float(256, 32, strides=[32, 1], requires_grad=0, device=cuda:0) = tensorrt::quantize_op(%inputs.37, %amax.85, %814, %815, %816, %817), scope: __main__.MixedModel::/modelopt.torch.opt.dynamic.QuantLinear::fc1/modelopt.torch.quantization.nn.modules.tensor_quantizer.TensorQuantizer::weight_quantizer # /usr/local/lib/python3.12/dist-packages/torch/_ops.py:1275:0
      -> (%762)
  %679 : Float(8, 256, strides=[256, 1], requires_grad=0, device=cuda:0) = aten::linear(%input.7, %673, %fc1.bias), scope: __main__.MixedModel::/modelopt.torch.opt.dynamic.QuantLinear::fc1 # /usr/local/lib/python3.12/dist-packages/torch/nn/modules/linear.py:134:0
  %inputs.15 : Float(8, 256, strides=[256, 1], requires_grad=0, device=cuda:0) = aten::relu(%679), scope: __main__.MixedModel:: # /work/trt-samples-for-hackathon-cn-wili/cookbook/04-Feature/LowBitQuantization/main.py:73:0
  %amax.15 : Float(requires_grad=0, device=cuda:0) = aten::detach(%fc2.input_quantizer._amax), scope: __main__.MixedModel::/modelopt.torch.opt.dynamic.QuantLinear::fc2/modelopt.torch.quantization.nn.modules.tensor_quantizer.TensorQuantizer::input_quantizer # /usr/local/lib/python3.12/dist-packages/modelopt/torch/quantization/nn/modules/tensor_quantizer.py:654:0
  %input : Float(8, 256, strides=[256, 1], requires_grad=0, device=cuda:0) = ^ScaledE4M3Function[inplace=0, module="modelopt.torch.quantization.tensor_quant"](None, 4, 3, Float, True)(%inputs.15, %amax.15), scope: __main__.MixedModel::/modelopt.torch.opt.dynamic.QuantLinear::fc2/modelopt.torch.quantization.nn.modules.tensor_quantizer.TensorQuantizer::input_quantizer # /usr/local/lib/python3.12/dist-packages/torch/autograd/function.py:625:0
    block0(%inputs.39 : Float(8, 256, strides=[256, 1], requires_grad=0, device=cuda:0), %amax.87 : Float(requires_grad=0, device=cuda:0)):
      %818 : Long(device=cpu) = prim::Constant[value={8}](), scope: __main__.MixedModel::/modelopt.torch.opt.dynamic.QuantLinear::fc2/modelopt.torch.quantization.nn.modules.tensor_quantizer.TensorQuantizer::input_quantizer
      %819 : Long(device=cpu) = prim::Constant[value={4}](), scope: __main__.MixedModel::/modelopt.torch.opt.dynamic.QuantLinear::fc2/modelopt.torch.quantization.nn.modules.tensor_quantizer.TensorQuantizer::input_quantizer
      %820 : Bool(device=cpu) = prim::Constant[value={0}](), scope: __main__.MixedModel::/modelopt.torch.opt.dynamic.QuantLinear::fc2/modelopt.torch.quantization.nn.modules.tensor_quantizer.TensorQuantizer::input_quantizer
      %821 : Bool(device=cpu) = prim::Constant[value={0}](), scope: __main__.MixedModel::/modelopt.torch.opt.dynamic.QuantLinear::fc2/modelopt.torch.quantization.nn.modules.tensor_quantizer.TensorQuantizer::input_quantizer
      %769 : Float(8, 256, strides=[256, 1], requires_grad=0, device=cuda:0) = tensorrt::quantize_op(%inputs.39, %amax.87, %818, %819, %820, %821), scope: __main__.MixedModel::/modelopt.torch.opt.dynamic.QuantLinear::fc2/modelopt.torch.quantization.nn.modules.tensor_quantizer.TensorQuantizer::input_quantizer # /usr/local/lib/python3.12/dist-packages/torch/_ops.py:1275:0
      -> (%769)
  %amax.71 : Float(requires_grad=0, device=cuda:0) = aten::detach(%fc2.weight_quantizer._amax), scope: __main__.MixedModel::/modelopt.torch.opt.dynamic.QuantLinear::fc2/modelopt.torch.quantization.nn.modules.tensor_quantizer.TensorQuantizer::weight_quantizer # /usr/local/lib/python3.12/dist-packages/modelopt/torch/quantization/nn/modules/tensor_quantizer.py:654:0
  %702 : Float(256, 256, strides=[256, 1], requires_grad=0, device=cuda:0) = ^ScaledE4M3Function[inplace=0, module="modelopt.torch.quantization.tensor_quant"](None, 4, 3, Float, True)(%fc2.weight, %amax.71), scope: __main__.MixedModel::/modelopt.torch.opt.dynamic.QuantLinear::fc2/modelopt.torch.quantization.nn.modules.tensor_quantizer.TensorQuantizer::weight_quantizer # /usr/local/lib/python3.12/dist-packages/torch/autograd/function.py:625:0
    block0(%inputs : Float(256, 256, strides=[256, 1], requires_grad=1, device=cuda:0), %amax : Float(requires_grad=0, device=cuda:0)):
      %822 : Long(device=cpu) = prim::Constant[value={8}](), scope: __main__.MixedModel::/modelopt.torch.opt.dynamic.QuantLinear::fc2/modelopt.torch.quantization.nn.modules.tensor_quantizer.TensorQuantizer::weight_quantizer
      %823 : Long(device=cpu) = prim::Constant[value={4}](), scope: __main__.MixedModel::/modelopt.torch.opt.dynamic.QuantLinear::fc2/modelopt.torch.quantization.nn.modules.tensor_quantizer.TensorQuantizer::weight_quantizer
      %824 : Bool(device=cpu) = prim::Constant[value={0}](), scope: __main__.MixedModel::/modelopt.torch.opt.dynamic.QuantLinear::fc2/modelopt.torch.quantization.nn.modules.tensor_quantizer.TensorQuantizer::weight_quantizer
      %825 : Bool(device=cpu) = prim::Constant[value={0}](), scope: __main__.MixedModel::/modelopt.torch.opt.dynamic.QuantLinear::fc2/modelopt.torch.quantization.nn.modules.tensor_quantizer.TensorQuantizer::weight_quantizer
      %776 : Float(256, 256, strides=[256, 1], requires_grad=0, device=cuda:0) = tensorrt::quantize_op(%inputs, %amax, %822, %823, %824, %825), scope: __main__.MixedModel::/modelopt.torch.opt.dynamic.QuantLinear::fc2/modelopt.torch.quantization.nn.modules.tensor_quantizer.TensorQuantizer::weight_quantizer # /usr/local/lib/python3.12/dist-packages/torch/_ops.py:1275:0
      -> (%776)
  %708 : Float(8, 256, strides=[256, 1], requires_grad=0, device=cuda:0) = aten::linear(%input, %702, %fc2.bias), scope: __main__.MixedModel::/modelopt.torch.opt.dynamic.QuantLinear::fc2 # /usr/local/lib/python3.12/dist-packages/torch/nn/modules/linear.py:134:0
  return (%708)

[09/08/2026-09:02:27] [TRT] [W] Functionality provided through tensorrt.plugin module is experimental.
Torch IR graph at exception: graph(%inputs.1 : Float(8, 32, 16, 16, strides=[8192, 256, 16, 1], requires_grad=0, device=cuda:0),
      %conv1.weight : Float(32, 32, 3, 3, strides=[288, 9, 3, 1], requires_grad=1, device=cuda:0),
      %conv1.bias : Float(32, strides=[1], requires_grad=1, device=cuda:0),
      %conv1.input_quantizer._amax : Float(requires_grad=0, device=cuda:0),
      %conv1.weight_quantizer._amax : Float(32, 1, 1, 1, strides=[1, 1, 1, 1], requires_grad=0, device=cuda:0),
      %conv2.weight : Float(32, 32, 3, 3, strides=[288, 9, 3, 1], requires_grad=1, device=cuda:0),
      %conv2.bias : Float(32, strides=[1], requires_grad=1, device=cuda:0),
      %conv2.input_quantizer._amax : Float(requires_grad=0, device=cuda:0),
      %conv2.weight_quantizer._amax : Float(32, 1, 1, 1, strides=[1, 1, 1, 1], requires_grad=0, device=cuda:0),
      %pool.input_quantizer._amax : Float(requires_grad=0, device=cuda:0),
      %fc1.weight : Float(256, 32, strides=[32, 1], requires_grad=1, device=cuda:0),
      %fc1.bias : Float(256, strides=[1], requires_grad=1, device=cuda:0),
      %fc1.input_quantizer._amax : Float(requires_grad=0, device=cuda:0),
      %fc1.weight_quantizer._amax : Float(256, 1, strides=[1, 1], requires_grad=0, device=cuda:0),
      %fc2.weight : Float(256, 256, strides=[256, 1], requires_grad=1, device=cuda:0),
      %fc2.bias : Float(256, strides=[1], requires_grad=1, device=cuda:0),
      %fc2.input_quantizer._amax : Float(requires_grad=0, device=cuda:0),
      %fc2.weight_quantizer._amax : Float(256, 1, strides=[1, 1], requires_grad=0, device=cuda:0)):
  %amax.1 : Float(requires_grad=0, device=cuda:0) = aten::detach(%conv1.input_quantizer._amax), scope: __main__.MixedModel::/modelopt.torch.opt.dynamic.QuantConv2d::conv1/modelopt.torch.quantization.nn.modules.tensor_quantizer.TensorQuantizer::input_quantizer # /usr/local/lib/python3.12/dist-packages/modelopt/torch/quantization/nn/modules/tensor_quantizer.py:654:0
  %input.1 : Float(8, 32, 16, 16, strides=[8192, 256, 16, 1], requires_grad=0, device=cuda:0) = ^FakeTensorQuantFunction[inplace=0, module="modelopt.torch.quantization.tensor_quant"](None, 8, False, False, Float, True, None, None)(%inputs.1, %amax.1), scope: __main__.MixedModel::/modelopt.torch.opt.dynamic.QuantConv2d::conv1/modelopt.torch.quantization.nn.modules.tensor_quantizer.TensorQuantizer::input_quantizer # /usr/local/lib/python3.12/dist-packages/torch/autograd/function.py:625:0
    block0(%inputs.25 : Float(8, 32, 16, 16, strides=[8192, 256, 16, 1], requires_grad=0, device=cuda:0), %amax.73 : Float(requires_grad=0, device=cuda:0)):
      %786 : Long(device=cpu) = prim::Constant[value={8}](), scope: __main__.MixedModel::/modelopt.torch.opt.dynamic.QuantConv2d::conv1/modelopt.torch.quantization.nn.modules.tensor_quantizer.TensorQuantizer::input_quantizer
      %787 : Long(device=cpu) = prim::Constant[value={0}](), scope: __main__.MixedModel::/modelopt.torch.opt.dynamic.QuantConv2d::conv1/modelopt.torch.quantization.nn.modules.tensor_quantizer.TensorQuantizer::input_quantizer
      %788 : Bool(device=cpu) = prim::Constant[value={0}](), scope: __main__.MixedModel::/modelopt.torch.opt.dynamic.QuantConv2d::conv1/modelopt.torch.quantization.nn.modules.tensor_quantizer.TensorQuantizer::input_quantizer
      %789 : Bool(device=cpu) = prim::Constant[value={0}](), scope: __main__.MixedModel::/modelopt.torch.opt.dynamic.QuantConv2d::conv1/modelopt.torch.quantization.nn.modules.tensor_quantizer.TensorQuantizer::input_quantizer
      %720 : Float(8, 32, 16, 16, strides=[8192, 256, 16, 1], requires_grad=0, device=cuda:0) = tensorrt::quantize_op(%inputs.25, %amax.73, %786, %787, %788, %789), scope: __main__.MixedModel::/modelopt.torch.opt.dynamic.QuantConv2d::conv1/modelopt.torch.quantization.nn.modules.tensor_quantizer.TensorQuantizer::input_quantizer # /usr/local/lib/python3.12/dist-packages/torch/_ops.py:1275:0
      -> (%720)
  %amax.3 : Float(32, 1, 1, 1, strides=[1, 1, 1, 1], requires_grad=0, device=cuda:0) = aten::detach(%conv1.weight_quantizer._amax), scope: __main__.MixedModel::/modelopt.torch.opt.dynamic.QuantConv2d::conv1/modelopt.torch.quantization.nn.modules.tensor_quantizer.TensorQuantizer::weight_quantizer # /usr/local/lib/python3.12/dist-packages/modelopt/torch/quantization/nn/modules/tensor_quantizer.py:654:0
  %544 : Float(32, 32, 3, 3, strides=[288, 9, 3, 1], requires_grad=0, device=cuda:0) = ^FakeTensorQuantFunction[inplace=0, module="modelopt.torch.quantization.tensor_quant"](None, 8, False, False, Float, True, None, 0)(%conv1.weight, %amax.3), scope: __main__.MixedModel::/modelopt.torch.opt.dynamic.QuantConv2d::conv1/modelopt.torch.quantization.nn.modules.tensor_quantizer.TensorQuantizer::weight_quantizer # /usr/local/lib/python3.12/dist-packages/torch/autograd/function.py:625:0
    block0(%inputs.27 : Float(32, 32, 3, 3, strides=[288, 9, 3, 1], requires_grad=1, device=cuda:0), %amax.75 : Float(32, 1, 1, 1, strides=[1, 1, 1, 1], requires_grad=0, device=cuda:0)):
      %790 : Long(device=cpu) = prim::Constant[value={8}](), scope: __main__.MixedModel::/modelopt.torch.opt.dynamic.QuantConv2d::conv1/modelopt.torch.quantization.nn.modules.tensor_quantizer.TensorQuantizer::weight_quantizer
      %791 : Long(device=cpu) = prim::Constant[value={0}](), scope: __main__.MixedModel::/modelopt.torch.opt.dynamic.QuantConv2d::conv1/modelopt.torch.quantization.nn.modules.tensor_quantizer.TensorQuantizer::weight_quantizer
      %792 : Bool(device=cpu) = prim::Constant[value={0}](), scope: __main__.MixedModel::/modelopt.torch.opt.dynamic.QuantConv2d::conv1/modelopt.torch.quantization.nn.modules.tensor_quantizer.TensorQuantizer::weight_quantizer
      %793 : Bool(device=cpu) = prim::Constant[value={0}](), scope: __main__.MixedModel::/modelopt.torch.opt.dynamic.QuantConv2d::conv1/modelopt.torch.quantization.nn.modules.tensor_quantizer.TensorQuantizer::weight_quantizer
      %727 : Float(32, 32, 3, 3, strides=[288, 9, 3, 1], requires_grad=0, device=cuda:0) = tensorrt::quantize_op(%inputs.27, %amax.75, %790, %791, %792, %793), scope: __main__.MixedModel::/modelopt.torch.opt.dynamic.QuantConv2d::conv1/modelopt.torch.quantization.nn.modules.tensor_quantizer.TensorQuantizer::weight_quantizer # /usr/local/lib/python3.12/dist-packages/torch/_ops.py:1275:0
      -> (%727)
  %777 : int[] = prim::Constant[value=[1, 1]]()
  %794 : Bool(device=cpu) = prim::Constant[value={0}](), scope: __main__.MixedModel::/modelopt.torch.opt.dynamic.QuantConv2d::conv1
  %780 : int[] = prim::Constant[value=[0, 0]]()
  %795 : Long(device=cpu) = prim::Constant[value={1}](), scope: __main__.MixedModel::/modelopt.torch.opt.dynamic.QuantConv2d::conv1
  %796 : Bool(device=cpu) = prim::Constant[value={1}](), scope: __main__.MixedModel::/modelopt.torch.opt.dynamic.QuantConv2d::conv1
  %568 : Float(8, 32, 16, 16, strides=[8192, 256, 16, 1], requires_grad=0, device=cuda:0) = aten::_convolution(%input.1, %544, %conv1.bias, %777, %777, %777, %794, %780, %795, %794, %794, %796, %796), scope: __main__.MixedModel::/modelopt.torch.opt.dynamic.QuantConv2d::conv1 # /usr/local/lib/python3.12/dist-packages/torch/nn/modules/conv.py:560:0
  %inputs.5 : Float(8, 32, 16, 16, strides=[8192, 256, 16, 1], requires_grad=0, device=cuda:0) = aten::relu(%568), scope: __main__.MixedModel:: # /work/trt-samples-for-hackathon-cn-wili/cookbook/04-Feature/LowBitQuantization/main.py:70:0
  %amax.5 : Float(requires_grad=0, device=cuda:0) = aten::detach(%conv2.input_quantizer._amax), scope: __main__.MixedModel::/modelopt.torch.opt.dynamic.QuantConv2d::conv2/modelopt.torch.quantization.nn.modules.tensor_quantizer.TensorQuantizer::input_quantizer # /usr/local/lib/python3.12/dist-packages/modelopt/torch/quantization/nn/modules/tensor_quantizer.py:654:0
  %input.3 : Float(8, 32, 16, 16, strides=[8192, 256, 16, 1], requires_grad=0, device=cuda:0) = ^FakeTensorQuantFunction[inplace=0, module="modelopt.torch.quantization.tensor_quant"](None, 8, False, False, Float, True, None, None)(%inputs.5, %amax.5), scope: __main__.MixedModel::/modelopt.torch.opt.dynamic.QuantConv2d::conv2/modelopt.torch.quantization.nn.modules.tensor_quantizer.TensorQuantizer::input_quantizer # /usr/local/lib/python3.12/dist-packages/torch/autograd/function.py:625:0
    block0(%inputs.29 : Float(8, 32, 16, 16, strides=[8192, 256, 16, 1], requires_grad=0, device=cuda:0), %amax.77 : Float(requires_grad=0, device=cuda:0)):
      %797 : Long(device=cpu) = prim::Constant[value={8}](), scope: __main__.MixedModel::/modelopt.torch.opt.dynamic.QuantConv2d::conv2/modelopt.torch.quantization.nn.modules.tensor_quantizer.TensorQuantizer::input_quantizer
      %798 : Long(device=cpu) = prim::Constant[value={0}](), scope: __main__.MixedModel::/modelopt.torch.opt.dynamic.QuantConv2d::conv2/modelopt.torch.quantization.nn.modules.tensor_quantizer.TensorQuantizer::input_quantizer
      %799 : Bool(device=cpu) = prim::Constant[value={0}](), scope: __main__.MixedModel::/modelopt.torch.opt.dynamic.QuantConv2d::conv2/modelopt.torch.quantization.nn.modules.tensor_quantizer.TensorQuantizer::input_quantizer
      %800 : Bool(device=cpu) = prim::Constant[value={0}](), scope: __main__.MixedModel::/modelopt.torch.opt.dynamic.QuantConv2d::conv2/modelopt.torch.quantization.nn.modules.tensor_quantizer.TensorQuantizer::input_quantizer
      %734 : Float(8, 32, 16, 16, strides=[8192, 256, 16, 1], requires_grad=0, device=cuda:0) = tensorrt::quantize_op(%inputs.29, %amax.77, %797, %798, %799, %800), scope: __main__.MixedModel::/modelopt.torch.opt.dynamic.QuantConv2d::conv2/modelopt.torch.quantization.nn.modules.tensor_quantizer.TensorQuantizer::input_quantizer # /usr/local/lib/python3.12/dist-packages/torch/_ops.py:1275:0
      -> (%734)
  %amax.7 : Float(32, 1, 1, 1, strides=[1, 1, 1, 1], requires_grad=0, device=cuda:0) = aten::detach(%conv2.weight_quantizer._amax), scope: __main__.MixedModel::/modelopt.torch.opt.dynamic.QuantConv2d::conv2/modelopt.torch.quantization.nn.modules.tensor_quantizer.TensorQuantizer::weight_quantizer # /usr/local/lib/python3.12/dist-packages/modelopt/torch/quantization/nn/modules/tensor_quantizer.py:654:0
  %591 : Float(32, 32, 3, 3, strides=[288, 9, 3, 1], requires_grad=0, device=cuda:0) = ^FakeTensorQuantFunction[inplace=0, module="modelopt.torch.quantization.tensor_quant"](None, 8, False, False, Float, True, None, 0)(%conv2.weight, %amax.7), scope: __main__.MixedModel::/modelopt.torch.opt.dynamic.QuantConv2d::conv2/modelopt.torch.quantization.nn.modules.tensor_quantizer.TensorQuantizer::weight_quantizer # /usr/local/lib/python3.12/dist-packages/torch/autograd/function.py:625:0
    block0(%inputs.31 : Float(32, 32, 3, 3, strides=[288, 9, 3, 1], requires_grad=1, device=cuda:0), %amax.79 : Float(32, 1, 1, 1, strides=[1, 1, 1, 1], requires_grad=0, device=cuda:0)):
      %801 : Long(device=cpu) = prim::Constant[value={8}](), scope: __main__.MixedModel::/modelopt.torch.opt.dynamic.QuantConv2d::conv2/modelopt.torch.quantization.nn.modules.tensor_quantizer.TensorQuantizer::weight_quantizer
      %802 : Long(device=cpu) = prim::Constant[value={0}](), scope: __main__.MixedModel::/modelopt.torch.opt.dynamic.QuantConv2d::conv2/modelopt.torch.quantization.nn.modules.tensor_quantizer.TensorQuantizer::weight_quantizer
      %803 : Bool(device=cpu) = prim::Constant[value={0}](), scope: __main__.MixedModel::/modelopt.torch.opt.dynamic.QuantConv2d::conv2/modelopt.torch.quantization.nn.modules.tensor_quantizer.TensorQuantizer::weight_quantizer
      %804 : Bool(device=cpu) = prim::Constant[value={0}](), scope: __main__.MixedModel::/modelopt.torch.opt.dynamic.QuantConv2d::conv2/modelopt.torch.quantization.nn.modules.tensor_quantizer.TensorQuantizer::weight_quantizer
      %741 : Float(32, 32, 3, 3, strides=[288, 9, 3, 1], requires_grad=0, device=cuda:0) = tensorrt::quantize_op(%inputs.31, %amax.79, %801, %802, %803, %804), scope: __main__.MixedModel::/modelopt.torch.opt.dynamic.QuantConv2d::conv2/modelopt.torch.quantization.nn.modules.tensor_quantizer.TensorQuantizer::weight_quantizer # /usr/local/lib/python3.12/dist-packages/torch/_ops.py:1275:0
      -> (%741)
  %615 : Float(8, 32, 16, 16, strides=[8192, 256, 16, 1], requires_grad=0, device=cuda:0) = aten::_convolution(%input.3, %591, %conv2.bias, %777, %777, %777, %794, %780, %795, %794, %794, %796, %796), scope: __main__.MixedModel::/modelopt.torch.opt.dynamic.QuantConv2d::conv2 # /usr/local/lib/python3.12/dist-packages/torch/nn/modules/conv.py:560:0
  %inputs.9 : Float(8, 32, 16, 16, strides=[8192, 256, 16, 1], requires_grad=0, device=cuda:0) = aten::relu(%615), scope: __main__.MixedModel:: # /work/trt-samples-for-hackathon-cn-wili/cookbook/04-Feature/LowBitQuantization/main.py:71:0
  %amax.9 : Float(requires_grad=0, device=cuda:0) = aten::detach(%pool.input_quantizer._amax), scope: __main__.MixedModel::/modelopt.torch.opt.dynamic.QuantAdaptiveAvgPool2d::pool/modelopt.torch.quantization.nn.modules.tensor_quantizer.TensorQuantizer::input_quantizer # /usr/local/lib/python3.12/dist-packages/modelopt/torch/quantization/nn/modules/tensor_quantizer.py:654:0
  %input.5 : Float(8, 32, 16, 16, strides=[8192, 256, 16, 1], requires_grad=0, device=cuda:0) = ^FakeTensorQuantFunction[inplace=0, module="modelopt.torch.quantization.tensor_quant"](None, 8, False, False, Float, True, None, None)(%inputs.9, %amax.9), scope: __main__.MixedModel::/modelopt.torch.opt.dynamic.QuantAdaptiveAvgPool2d::pool/modelopt.torch.quantization.nn.modules.tensor_quantizer.TensorQuantizer::input_quantizer # /usr/local/lib/python3.12/dist-packages/torch/autograd/function.py:625:0
    block0(%inputs.33 : Float(8, 32, 16, 16, strides=[8192, 256, 16, 1], requires_grad=0, device=cuda:0), %amax.81 : Float(requires_grad=0, device=cuda:0)):
      %805 : Long(device=cpu) = prim::Constant[value={8}](), scope: __main__.MixedModel::/modelopt.torch.opt.dynamic.QuantAdaptiveAvgPool2d::pool/modelopt.torch.quantization.nn.modules.tensor_quantizer.TensorQuantizer::input_quantizer
      %806 : Long(device=cpu) = prim::Constant[value={0}](), scope: __main__.MixedModel::/modelopt.torch.opt.dynamic.QuantAdaptiveAvgPool2d::pool/modelopt.torch.quantization.nn.modules.tensor_quantizer.TensorQuantizer::input_quantizer
      %807 : Bool(device=cpu) = prim::Constant[value={0}](), scope: __main__.MixedModel::/modelopt.torch.opt.dynamic.QuantAdaptiveAvgPool2d::pool/modelopt.torch.quantization.nn.modules.tensor_quantizer.TensorQuantizer::input_quantizer
      %808 : Bool(device=cpu) = prim::Constant[value={0}](), scope: __main__.MixedModel::/modelopt.torch.opt.dynamic.QuantAdaptiveAvgPool2d::pool/modelopt.torch.quantization.nn.modules.tensor_quantizer.TensorQuantizer::input_quantizer
      %748 : Float(8, 32, 16, 16, strides=[8192, 256, 16, 1], requires_grad=0, device=cuda:0) = tensorrt::quantize_op(%inputs.33, %amax.81, %805, %806, %807, %808), scope: __main__.MixedModel::/modelopt.torch.opt.dynamic.QuantAdaptiveAvgPool2d::pool/modelopt.torch.quantization.nn.modules.tensor_quantizer.TensorQuantizer::input_quantizer # /usr/local/lib/python3.12/dist-packages/torch/_ops.py:1275:0
      -> (%748)
  %648 : Float(8, 32, 1, 1, strides=[32, 1, 1, 1], requires_grad=0, device=cuda:0) = aten::adaptive_avg_pool2d(%input.5, %777), scope: __main__.MixedModel::/modelopt.torch.opt.dynamic.QuantAdaptiveAvgPool2d::pool # /usr/local/lib/python3.12/dist-packages/torch/nn/functional.py:1405:0
  %809 : Long(device=cpu) = prim::Constant[value={-1}](), scope: __main__.MixedModel::
  %inputs.11 : Float(8, 32, strides=[32, 1], requires_grad=0, device=cuda:0) = aten::flatten(%648, %795, %809), scope: __main__.MixedModel:: # /work/trt-samples-for-hackathon-cn-wili/cookbook/04-Feature/LowBitQuantization/main.py:72:0
  %amax.11 : Float(requires_grad=0, device=cuda:0) = aten::detach(%fc1.input_quantizer._amax), scope: __main__.MixedModel::/modelopt.torch.opt.dynamic.QuantLinear::fc1/modelopt.torch.quantization.nn.modules.tensor_quantizer.TensorQuantizer::input_quantizer # /usr/local/lib/python3.12/dist-packages/modelopt/torch/quantization/nn/modules/tensor_quantizer.py:654:0
  %input.7 : Float(8, 32, strides=[32, 1], requires_grad=0, device=cuda:0) = ^FakeTensorQuantFunction[inplace=0, module="modelopt.torch.quantization.tensor_quant"](None, 8, False, False, Float, True, None, None)(%inputs.11, %amax.11), scope: __main__.MixedModel::/modelopt.torch.opt.dynamic.QuantLinear::fc1/modelopt.torch.quantization.nn.modules.tensor_quantizer.TensorQuantizer::input_quantizer # /usr/local/lib/python3.12/dist-packages/torch/autograd/function.py:625:0
    block0(%inputs.35 : Float(8, 32, strides=[32, 1], requires_grad=0, device=cuda:0), %amax.83 : Float(requires_grad=0, device=cuda:0)):
      %810 : Long(device=cpu) = prim::Constant[value={8}](), scope: __main__.MixedModel::/modelopt.torch.opt.dynamic.QuantLinear::fc1/modelopt.torch.quantization.nn.modules.tensor_quantizer.TensorQuantizer::input_quantizer
      %811 : Long(device=cpu) = prim::Constant[value={0}](), scope: __main__.MixedModel::/modelopt.torch.opt.dynamic.QuantLinear::fc1/modelopt.torch.quantization.nn.modules.tensor_quantizer.TensorQuantizer::input_quantizer
      %812 : Bool(device=cpu) = prim::Constant[value={0}](), scope: __main__.MixedModel::/modelopt.torch.opt.dynamic.QuantLinear::fc1/modelopt.torch.quantization.nn.modules.tensor_quantizer.TensorQuantizer::input_quantizer
      %813 : Bool(device=cpu) = prim::Constant[value={0}](), scope: __main__.MixedModel::/modelopt.torch.opt.dynamic.QuantLinear::fc1/modelopt.torch.quantization.nn.modules.tensor_quantizer.TensorQuantizer::input_quantizer
      %755 : Float(8, 32, strides=[32, 1], requires_grad=0, device=cuda:0) = tensorrt::quantize_op(%inputs.35, %amax.83, %810, %811, %812, %813), scope: __main__.MixedModel::/modelopt.torch.opt.dynamic.QuantLinear::fc1/modelopt.torch.quantization.nn.modules.tensor_quantizer.TensorQuantizer::input_quantizer # /usr/local/lib/python3.12/dist-packages/torch/_ops.py:1275:0
      -> (%755)
  %amax.13 : Float(256, 1, strides=[1, 1], requires_grad=0, device=cuda:0) = aten::detach(%fc1.weight_quantizer._amax), scope: __main__.MixedModel::/modelopt.torch.opt.dynamic.QuantLinear::fc1/modelopt.torch.quantization.nn.modules.tensor_quantizer.TensorQuantizer::weight_quantizer # /usr/local/lib/python3.12/dist-packages/modelopt/torch/quantization/nn/modules/tensor_quantizer.py:654:0
  %673 : Float(256, 32, strides=[32, 1], requires_grad=0, device=cuda:0) = ^FakeTensorQuantFunction[inplace=0, module="modelopt.torch.quantization.tensor_quant"](None, 8, False, False, Float, True, None, 0)(%fc1.weight, %amax.13), scope: __main__.MixedModel::/modelopt.torch.opt.dynamic.QuantLinear::fc1/modelopt.torch.quantization.nn.modules.tensor_quantizer.TensorQuantizer::weight_quantizer # /usr/local/lib/python3.12/dist-packages/torch/autograd/function.py:625:0
    block0(%inputs.37 : Float(256, 32, strides=[32, 1], requires_grad=1, device=cuda:0), %amax.85 : Float(256, 1, strides=[1, 1], requires_grad=0, device=cuda:0)):
      %814 : Long(device=cpu) = prim::Constant[value={8}](), scope: __main__.MixedModel::/modelopt.torch.opt.dynamic.QuantLinear::fc1/modelopt.torch.quantization.nn.modules.tensor_quantizer.TensorQuantizer::weight_quantizer
      %815 : Long(device=cpu) = prim::Constant[value={0}](), scope: __main__.MixedModel::/modelopt.torch.opt.dynamic.QuantLinear::fc1/modelopt.torch.quantization.nn.modules.tensor_quantizer.TensorQuantizer::weight_quantizer
      %816 : Bool(device=cpu) = prim::Constant[value={0}](), scope: __main__.MixedModel::/modelopt.torch.opt.dynamic.QuantLinear::fc1/modelopt.torch.quantization.nn.modules.tensor_quantizer.TensorQuantizer::weight_quantizer
      %817 : Bool(device=cpu) = prim::Constant[value={0}](), scope: __main__.MixedModel::/modelopt.torch.opt.dynamic.QuantLinear::fc1/modelopt.torch.quantization.nn.modules.tensor_quantizer.TensorQuantizer::weight_quantizer
      %762 : Float(256, 32, strides=[32, 1], requires_grad=0, device=cuda:0) = tensorrt::quantize_op(%inputs.37, %amax.85, %814, %815, %816, %817), scope: __main__.MixedModel::/modelopt.torch.opt.dynamic.QuantLinear::fc1/modelopt.torch.quantization.nn.modules.tensor_quantizer.TensorQuantizer::weight_quantizer # /usr/local/lib/python3.12/dist-packages/torch/_ops.py:1275:0
      -> (%762)
  %679 : Float(8, 256, strides=[256, 1], requires_grad=0, device=cuda:0) = aten::linear(%input.7, %673, %fc1.bias), scope: __main__.MixedModel::/modelopt.torch.opt.dynamic.QuantLinear::fc1 # /usr/local/lib/python3.12/dist-packages/torch/nn/modules/linear.py:134:0
  %inputs.15 : Float(8, 256, strides=[256, 1], requires_grad=0, device=cuda:0) = aten::relu(%679), scope: __main__.MixedModel:: # /work/trt-samples-for-hackathon-cn-wili/cookbook/04-Feature/LowBitQuantization/main.py:73:0
  %amax.15 : Float(requires_grad=0, device=cuda:0) = aten::detach(%fc2.input_quantizer._amax), scope: __main__.MixedModel::/modelopt.torch.opt.dynamic.QuantLinear::fc2/modelopt.torch.quantization.nn.modules.tensor_quantizer.TensorQuantizer::input_quantizer # /usr/local/lib/python3.12/dist-packages/modelopt/torch/quantization/nn/modules/tensor_quantizer.py:654:0
  %input : Float(8, 256, strides=[256, 1], requires_grad=0, device=cuda:0) = ^FakeTensorQuantFunction[inplace=0, module="modelopt.torch.quantization.tensor_quant"](None, 8, False, False, Float, True, None, None)(%inputs.15, %amax.15), scope: __main__.MixedModel::/modelopt.torch.opt.dynamic.QuantLinear::fc2/modelopt.torch.quantization.nn.modules.tensor_quantizer.TensorQuantizer::input_quantizer # /usr/local/lib/python3.12/dist-packages/torch/autograd/function.py:625:0
    block0(%inputs.39 : Float(8, 256, strides=[256, 1], requires_grad=0, device=cuda:0), %amax.87 : Float(requires_grad=0, device=cuda:0)):
      %818 : Long(device=cpu) = prim::Constant[value={8}](), scope: __main__.MixedModel::/modelopt.torch.opt.dynamic.QuantLinear::fc2/modelopt.torch.quantization.nn.modules.tensor_quantizer.TensorQuantizer::input_quantizer
      %819 : Long(device=cpu) = prim::Constant[value={0}](), scope: __main__.MixedModel::/modelopt.torch.opt.dynamic.QuantLinear::fc2/modelopt.torch.quantization.nn.modules.tensor_quantizer.TensorQuantizer::input_quantizer
      %820 : Bool(device=cpu) = prim::Constant[value={0}](), scope: __main__.MixedModel::/modelopt.torch.opt.dynamic.QuantLinear::fc2/modelopt.torch.quantization.nn.modules.tensor_quantizer.TensorQuantizer::input_quantizer
      %821 : Bool(device=cpu) = prim::Constant[value={0}](), scope: __main__.MixedModel::/modelopt.torch.opt.dynamic.QuantLinear::fc2/modelopt.torch.quantization.nn.modules.tensor_quantizer.TensorQuantizer::input_quantizer
      %769 : Float(8, 256, strides=[256, 1], requires_grad=0, device=cuda:0) = tensorrt::quantize_op(%inputs.39, %amax.87, %818, %819, %820, %821), scope: __main__.MixedModel::/modelopt.torch.opt.dynamic.QuantLinear::fc2/modelopt.torch.quantization.nn.modules.tensor_quantizer.TensorQuantizer::input_quantizer # /usr/local/lib/python3.12/dist-packages/torch/_ops.py:1275:0
      -> (%769)
  %amax.71 : Float(256, 1, strides=[1, 1], requires_grad=0, device=cuda:0) = aten::detach(%fc2.weight_quantizer._amax), scope: __main__.MixedModel::/modelopt.torch.opt.dynamic.QuantLinear::fc2/modelopt.torch.quantization.nn.modules.tensor_quantizer.TensorQuantizer::weight_quantizer # /usr/local/lib/python3.12/dist-packages/modelopt/torch/quantization/nn/modules/tensor_quantizer.py:654:0
  %702 : Float(256, 256, strides=[256, 1], requires_grad=0, device=cuda:0) = ^FakeTensorQuantFunction[inplace=0, module="modelopt.torch.quantization.tensor_quant"](None, 8, False, False, Float, True, None, 0)(%fc2.weight, %amax.71), scope: __main__.MixedModel::/modelopt.torch.opt.dynamic.QuantLinear::fc2/modelopt.torch.quantization.nn.modules.tensor_quantizer.TensorQuantizer::weight_quantizer # /usr/local/lib/python3.12/dist-packages/torch/autograd/function.py:625:0
    block0(%inputs : Float(256, 256, strides=[256, 1], requires_grad=1, device=cuda:0), %amax : Float(256, 1, strides=[1, 1], requires_grad=0, device=cuda:0)):
      %822 : Long(device=cpu) = prim::Constant[value={8}](), scope: __main__.MixedModel::/modelopt.torch.opt.dynamic.QuantLinear::fc2/modelopt.torch.quantization.nn.modules.tensor_quantizer.TensorQuantizer::weight_quantizer
      %823 : Long(device=cpu) = prim::Constant[value={0}](), scope: __main__.MixedModel::/modelopt.torch.opt.dynamic.QuantLinear::fc2/modelopt.torch.quantization.nn.modules.tensor_quantizer.TensorQuantizer::weight_quantizer
      %824 : Bool(device=cpu) = prim::Constant[value={0}](), scope: __main__.MixedModel::/modelopt.torch.opt.dynamic.QuantLinear::fc2/modelopt.torch.quantization.nn.modules.tensor_quantizer.TensorQuantizer::weight_quantizer
      %825 : Bool(device=cpu) = prim::Constant[value={0}](), scope: __main__.MixedModel::/modelopt.torch.opt.dynamic.QuantLinear::fc2/modelopt.torch.quantization.nn.modules.tensor_quantizer.TensorQuantizer::weight_quantizer
      %776 : Float(256, 256, strides=[256, 1], requires_grad=0, device=cuda:0) = tensorrt::quantize_op(%inputs, %amax, %822, %823, %824, %825), scope: __main__.MixedModel::/modelopt.torch.opt.dynamic.QuantLinear::fc2/modelopt.torch.quantization.nn.modules.tensor_quantizer.TensorQuantizer::weight_quantizer # /usr/local/lib/python3.12/dist-packages/torch/_ops.py:1275:0
      -> (%776)
  %708 : Float(8, 256, strides=[256, 1], requires_grad=0, device=cuda:0) = aten::linear(%input, %702, %fc2.bias), scope: __main__.MixedModel::/modelopt.torch.opt.dynamic.QuantLinear::fc2 # /usr/local/lib/python3.12/dist-packages/torch/nn/modules/linear.py:134:0
  return (%708)

Torch IR graph at exception: graph(%inputs.1 : Float(8, 32, 16, 16, strides=[8192, 256, 16, 1], requires_grad=0, device=cuda:0),
      %conv1.weight : Float(32, 32, 3, 3, strides=[288, 9, 3, 1], requires_grad=1, device=cuda:0),
      %conv1.bias : Float(32, strides=[1], requires_grad=1, device=cuda:0),
      %conv1.input_quantizer._amax : Float(requires_grad=0, device=cuda:0),
      %conv1.weight_quantizer._amax : Float(requires_grad=0, device=cuda:0),
      %conv2.weight : Float(32, 32, 3, 3, strides=[288, 9, 3, 1], requires_grad=1, device=cuda:0),
      %conv2.bias : Float(32, strides=[1], requires_grad=1, device=cuda:0),
      %conv2.input_quantizer._amax : Float(requires_grad=0, device=cuda:0),
      %conv2.weight_quantizer._amax : Float(requires_grad=0, device=cuda:0),
      %pool.input_quantizer._amax : Float(requires_grad=0, device=cuda:0),
      %fc1.weight : Float(256, 32, strides=[32, 1], requires_grad=1, device=cuda:0),
      %fc1.bias : Float(256, strides=[1], requires_grad=1, device=cuda:0),
      %fc1.input_quantizer._amax : Float(requires_grad=0, device=cuda:0),
      %fc1.weight_quantizer._amax : Float(requires_grad=0, device=cuda:0),
      %fc2.weight : Float(256, 256, strides=[256, 1], requires_grad=1, device=cuda:0),
      %fc2.bias : Float(256, strides=[1], requires_grad=1, device=cuda:0),
      %fc2.input_quantizer._amax : Float(requires_grad=0, device=cuda:0),
      %fc2.weight_quantizer._amax : Float(requires_grad=0, device=cuda:0)):
  %amax.1 : Float(requires_grad=0, device=cuda:0) = aten::detach(%conv1.input_quantizer._amax), scope: __main__.MixedModel::/modelopt.torch.opt.dynamic.QuantConv2d::conv1/modelopt.torch.quantization.nn.modules.tensor_quantizer.TensorQuantizer::input_quantizer # /usr/local/lib/python3.12/dist-packages/modelopt/torch/quantization/nn/modules/tensor_quantizer.py:654:0
  %input.1 : Float(8, 32, 16, 16, strides=[8192, 256, 16, 1], requires_grad=0, device=cuda:0) = ^DynamicBlockQuantizationFunction[inplace=0, module="modelopt.torch.quantization.tensor_quant"](16, None, (2, 1), (4, 3), Float, None, True)(%inputs.1, %amax.1), scope: __main__.MixedModel::/modelopt.torch.opt.dynamic.QuantConv2d::conv1/modelopt.torch.quantization.nn.modules.tensor_quantizer.TensorQuantizer::input_quantizer # /usr/local/lib/python3.12/dist-packages/torch/autograd/function.py:625:0
    block0(%inputs.25 : Float(8, 32, 16, 16, strides=[8192, 256, 16, 1], requires_grad=0, device=cuda:0), %amax.73 : Float(requires_grad=0, device=cuda:0)):
      %831 : Long(device=cpu) = prim::Constant[value={16}](), scope: __main__.MixedModel::/modelopt.torch.opt.dynamic.QuantConv2d::conv1/modelopt.torch.quantization.nn.modules.tensor_quantizer.TensorQuantizer::input_quantizer
      %832 : Long(device=cpu) = prim::Constant[value={4}](), scope: __main__.MixedModel::/modelopt.torch.opt.dynamic.QuantConv2d::conv1/modelopt.torch.quantization.nn.modules.tensor_quantizer.TensorQuantizer::input_quantizer
      %833 : Long(device=cpu) = prim::Constant[value={2}](), scope: __main__.MixedModel::/modelopt.torch.opt.dynamic.QuantConv2d::conv1/modelopt.torch.quantization.nn.modules.tensor_quantizer.TensorQuantizer::input_quantizer
      %834 : Long(device=cpu) = prim::Constant[value={8}](), scope: __main__.MixedModel::/modelopt.torch.opt.dynamic.QuantConv2d::conv1/modelopt.torch.quantization.nn.modules.tensor_quantizer.TensorQuantizer::input_quantizer
      %835 : Long(device=cpu) = prim::Constant[value={4}](), scope: __main__.MixedModel::/modelopt.torch.opt.dynamic.QuantConv2d::conv1/modelopt.torch.quantization.nn.modules.tensor_quantizer.TensorQuantizer::input_quantizer
      %757 : Float(8, 32, 16, 16, strides=[8192, 256, 16, 1], requires_grad=0, device=cuda:0) = tensorrt::dynamic_block_quantize_op(%inputs.25, %831, %amax.73, %832, %833, %834, %835), scope: __main__.MixedModel::/modelopt.torch.opt.dynamic.QuantConv2d::conv1/modelopt.torch.quantization.nn.modules.tensor_quantizer.TensorQuantizer::input_quantizer # /usr/local/lib/python3.12/dist-packages/torch/_ops.py:1275:0
      -> (%757)
  %amax.3 : Float(requires_grad=0, device=cuda:0) = aten::detach(%conv1.weight_quantizer._amax), scope: __main__.MixedModel::/modelopt.torch.opt.dynamic.QuantConv2d::conv1/modelopt.torch.quantization.nn.modules.tensor_quantizer.TensorQuantizer::weight_quantizer # /usr/local/lib/python3.12/dist-packages/modelopt/torch/quantization/nn/modules/tensor_quantizer.py:654:0
  %572 : Float(32, 32, 3, 3, strides=[288, 9, 3, 1], requires_grad=0, device=cuda:0) = ^DynamicBlockQuantizationFunction[inplace=0, module="modelopt.torch.quantization.tensor_quant"](16, None, (2, 1), (4, 3), Float, None, True)(%conv1.weight, %amax.3), scope: __main__.MixedModel::/modelopt.torch.opt.dynamic.QuantConv2d::conv1/modelopt.torch.quantization.nn.modules.tensor_quantizer.TensorQuantizer::weight_quantizer # /usr/local/lib/python3.12/dist-packages/torch/autograd/function.py:625:0
    block0(%inputs.27 : Float(32, 32, 3, 3, strides=[288, 9, 3, 1], requires_grad=1, device=cuda:0), %amax.75 : Float(requires_grad=0, device=cuda:0)):
      %836 : Long(device=cpu) = prim::Constant[value={16}](), scope: __main__.MixedModel::/modelopt.torch.opt.dynamic.QuantConv2d::conv1/modelopt.torch.quantization.nn.modules.tensor_quantizer.TensorQuantizer::weight_quantizer
      %837 : Long(device=cpu) = prim::Constant[value={4}](), scope: __main__.MixedModel::/modelopt.torch.opt.dynamic.QuantConv2d::conv1/modelopt.torch.quantization.nn.modules.tensor_quantizer.TensorQuantizer::weight_quantizer
      %838 : Long(device=cpu) = prim::Constant[value={2}](), scope: __main__.MixedModel::/modelopt.torch.opt.dynamic.QuantConv2d::conv1/modelopt.torch.quantization.nn.modules.tensor_quantizer.TensorQuantizer::weight_quantizer
      %839 : Long(device=cpu) = prim::Constant[value={8}](), scope: __main__.MixedModel::/modelopt.torch.opt.dynamic.QuantConv2d::conv1/modelopt.torch.quantization.nn.modules.tensor_quantizer.TensorQuantizer::weight_quantizer
      %840 : Long(device=cpu) = prim::Constant[value={4}](), scope: __main__.MixedModel::/modelopt.torch.opt.dynamic.QuantConv2d::conv1/modelopt.torch.quantization.nn.modules.tensor_quantizer.TensorQuantizer::weight_quantizer
      %765 : Float(32, 32, 3, 3, strides=[288, 9, 3, 1], requires_grad=0, device=cuda:0) = tensorrt::dynamic_block_quantize_op(%inputs.27, %836, %amax.75, %837, %838, %839, %840), scope: __main__.MixedModel::/modelopt.torch.opt.dynamic.QuantConv2d::conv1/modelopt.torch.quantization.nn.modules.tensor_quantizer.TensorQuantizer::weight_quantizer # /usr/local/lib/python3.12/dist-packages/torch/_ops.py:1275:0
      -> (%765)
  %822 : int[] = prim::Constant[value=[1, 1]]()
  %841 : Bool(device=cpu) = prim::Constant[value={0}](), scope: __main__.MixedModel::/modelopt.torch.opt.dynamic.QuantConv2d::conv1
  %825 : int[] = prim::Constant[value=[0, 0]]()
  %842 : Long(device=cpu) = prim::Constant[value={1}](), scope: __main__.MixedModel::/modelopt.torch.opt.dynamic.QuantConv2d::conv1
  %843 : Bool(device=cpu) = prim::Constant[value={1}](), scope: __main__.MixedModel::/modelopt.torch.opt.dynamic.QuantConv2d::conv1
  %597 : Float(8, 32, 16, 16, strides=[8192, 256, 16, 1], requires_grad=0, device=cuda:0) = aten::_convolution(%input.1, %572, %conv1.bias, %822, %822, %822, %841, %825, %842, %841, %841, %843, %843), scope: __main__.MixedModel::/modelopt.torch.opt.dynamic.QuantConv2d::conv1 # /usr/local/lib/python3.12/dist-packages/torch/nn/modules/conv.py:560:0
  %inputs.5 : Float(8, 32, 16, 16, strides=[8192, 256, 16, 1], requires_grad=0, device=cuda:0) = aten::relu(%597), scope: __main__.MixedModel:: # /work/trt-samples-for-hackathon-cn-wili/cookbook/04-Feature/LowBitQuantization/main.py:70:0
  %amax.5 : Float(requires_grad=0, device=cuda:0) = aten::detach(%conv2.input_quantizer._amax), scope: __main__.MixedModel::/modelopt.torch.opt.dynamic.QuantConv2d::conv2/modelopt.torch.quantization.nn.modules.tensor_quantizer.TensorQuantizer::input_quantizer # /usr/local/lib/python3.12/dist-packages/modelopt/torch/quantization/nn/modules/tensor_quantizer.py:654:0
  %input.3 : Float(8, 32, 16, 16, strides=[8192, 256, 16, 1], requires_grad=0, device=cuda:0) = ^DynamicBlockQuantizationFunction[inplace=0, module="modelopt.torch.quantization.tensor_quant"](16, None, (2, 1), (4, 3), Float, None, True)(%inputs.5, %amax.5), scope: __main__.MixedModel::/modelopt.torch.opt.dynamic.QuantConv2d::conv2/modelopt.torch.quantization.nn.modules.tensor_quantizer.TensorQuantizer::input_quantizer # /usr/local/lib/python3.12/dist-packages/torch/autograd/function.py:625:0
    block0(%inputs.29 : Float(8, 32, 16, 16, strides=[8192, 256, 16, 1], requires_grad=0, device=cuda:0), %amax.77 : Float(requires_grad=0, device=cuda:0)):
      %844 : Long(device=cpu) = prim::Constant[value={16}](), scope: __main__.MixedModel::/modelopt.torch.opt.dynamic.QuantConv2d::conv2/modelopt.torch.quantization.nn.modules.tensor_quantizer.TensorQuantizer::input_quantizer
      %845 : Long(device=cpu) = prim::Constant[value={4}](), scope: __main__.MixedModel::/modelopt.torch.opt.dynamic.QuantConv2d::conv2/modelopt.torch.quantization.nn.modules.tensor_quantizer.TensorQuantizer::input_quantizer
      %846 : Long(device=cpu) = prim::Constant[value={2}](), scope: __main__.MixedModel::/modelopt.torch.opt.dynamic.QuantConv2d::conv2/modelopt.torch.quantization.nn.modules.tensor_quantizer.TensorQuantizer::input_quantizer
      %847 : Long(device=cpu) = prim::Constant[value={8}](), scope: __main__.MixedModel::/modelopt.torch.opt.dynamic.QuantConv2d::conv2/modelopt.torch.quantization.nn.modules.tensor_quantizer.TensorQuantizer::input_quantizer
      %848 : Long(device=cpu) = prim::Constant[value={4}](), scope: __main__.MixedModel::/modelopt.torch.opt.dynamic.QuantConv2d::conv2/modelopt.torch.quantization.nn.modules.tensor_quantizer.TensorQuantizer::input_quantizer
      %773 : Float(8, 32, 16, 16, strides=[8192, 256, 16, 1], requires_grad=0, device=cuda:0) = tensorrt::dynamic_block_quantize_op(%inputs.29, %844, %amax.77, %845, %846, %847, %848), scope: __main__.MixedModel::/modelopt.torch.opt.dynamic.QuantConv2d::conv2/modelopt.torch.quantization.nn.modules.tensor_quantizer.TensorQuantizer::input_quantizer # /usr/local/lib/python3.12/dist-packages/torch/_ops.py:1275:0
      -> (%773)
  %amax.7 : Float(requires_grad=0, device=cuda:0) = aten::detach(%conv2.weight_quantizer._amax), scope: __main__.MixedModel::/modelopt.torch.opt.dynamic.QuantConv2d::conv2/modelopt.torch.quantization.nn.modules.tensor_quantizer.TensorQuantizer::weight_quantizer # /usr/local/lib/python3.12/dist-packages/modelopt/torch/quantization/nn/modules/tensor_quantizer.py:654:0
  %621 : Float(32, 32, 3, 3, strides=[288, 9, 3, 1], requires_grad=0, device=cuda:0) = ^DynamicBlockQuantizationFunction[inplace=0, module="modelopt.torch.quantization.tensor_quant"](16, None, (2, 1), (4, 3), Float, None, True)(%conv2.weight, %amax.7), scope: __main__.MixedModel::/modelopt.torch.opt.dynamic.QuantConv2d::conv2/modelopt.torch.quantization.nn.modules.tensor_quantizer.TensorQuantizer::weight_quantizer # /usr/local/lib/python3.12/dist-packages/torch/autograd/function.py:625:0
    block0(%inputs.31 : Float(32, 32, 3, 3, strides=[288, 9, 3, 1], requires_grad=1, device=cuda:0), %amax.79 : Float(requires_grad=0, device=cuda:0)):
      %849 : Long(device=cpu) = prim::Constant[value={16}](), scope: __main__.MixedModel::/modelopt.torch.opt.dynamic.QuantConv2d::conv2/modelopt.torch.quantization.nn.modules.tensor_quantizer.TensorQuantizer::weight_quantizer
      %850 : Long(device=cpu) = prim::Constant[value={4}](), scope: __main__.MixedModel::/modelopt.torch.opt.dynamic.QuantConv2d::conv2/modelopt.torch.quantization.nn.modules.tensor_quantizer.TensorQuantizer::weight_quantizer
      %851 : Long(device=cpu) = prim::Constant[value={2}](), scope: __main__.MixedModel::/modelopt.torch.opt.dynamic.QuantConv2d::conv2/modelopt.torch.quantization.nn.modules.tensor_quantizer.TensorQuantizer::weight_quantizer
      %852 : Long(device=cpu) = prim::Constant[value={8}](), scope: __main__.MixedModel::/modelopt.torch.opt.dynamic.QuantConv2d::conv2/modelopt.torch.quantization.nn.modules.tensor_quantizer.TensorQuantizer::weight_quantizer
      %853 : Long(device=cpu) = prim::Constant[value={4}](), scope: __main__.MixedModel::/modelopt.torch.opt.dynamic.QuantConv2d::conv2/modelopt.torch.quantization.nn.modules.tensor_quantizer.TensorQuantizer::weight_quantizer
      %781 : Float(32, 32, 3, 3, strides=[288, 9, 3, 1], requires_grad=0, device=cuda:0) = tensorrt::dynamic_block_quantize_op(%inputs.31, %849, %amax.79, %850, %851, %852, %853), scope: __main__.MixedModel::/modelopt.torch.opt.dynamic.QuantConv2d::conv2/modelopt.torch.quantization.nn.modules.tensor_quantizer.TensorQuantizer::weight_quantizer # /usr/local/lib/python3.12/dist-packages/torch/_ops.py:1275:0
      -> (%781)
  %646 : Float(8, 32, 16, 16, strides=[8192, 256, 16, 1], requires_grad=0, device=cuda:0) = aten::_convolution(%input.3, %621, %conv2.bias, %822, %822, %822, %841, %825, %842, %841, %841, %843, %843), scope: __main__.MixedModel::/modelopt.torch.opt.dynamic.QuantConv2d::conv2 # /usr/local/lib/python3.12/dist-packages/torch/nn/modules/conv.py:560:0
  %inputs.9 : Float(8, 32, 16, 16, strides=[8192, 256, 16, 1], requires_grad=0, device=cuda:0) = aten::relu(%646), scope: __main__.MixedModel:: # /work/trt-samples-for-hackathon-cn-wili/cookbook/04-Feature/LowBitQuantization/main.py:71:0
  %amax.9 : Float(requires_grad=0, device=cuda:0) = aten::detach(%pool.input_quantizer._amax), scope: __main__.MixedModel::/modelopt.torch.opt.dynamic.QuantAdaptiveAvgPool2d::pool/modelopt.torch.quantization.nn.modules.tensor_quantizer.TensorQuantizer::input_quantizer # /usr/local/lib/python3.12/dist-packages/modelopt/torch/quantization/nn/modules/tensor_quantizer.py:654:0
  %input.5 : Float(8, 32, 16, 16, strides=[8192, 256, 16, 1], requires_grad=0, device=cuda:0) = ^DynamicBlockQuantizationFunction[inplace=0, module="modelopt.torch.quantization.tensor_quant"](16, None, (2, 1), (4, 3), Float, None, True)(%inputs.9, %amax.9), scope: __main__.MixedModel::/modelopt.torch.opt.dynamic.QuantAdaptiveAvgPool2d::pool/modelopt.torch.quantization.nn.modules.tensor_quantizer.TensorQuantizer::input_quantizer # /usr/local/lib/python3.12/dist-packages/torch/autograd/function.py:625:0
    block0(%inputs.33 : Float(8, 32, 16, 16, strides=[8192, 256, 16, 1], requires_grad=0, device=cuda:0), %amax.81 : Float(requires_grad=0, device=cuda:0)):
      %854 : Long(device=cpu) = prim::Constant[value={16}](), scope: __main__.MixedModel::/modelopt.torch.opt.dynamic.QuantAdaptiveAvgPool2d::pool/modelopt.torch.quantization.nn.modules.tensor_quantizer.TensorQuantizer::input_quantizer
      %855 : Long(device=cpu) = prim::Constant[value={4}](), scope: __main__.MixedModel::/modelopt.torch.opt.dynamic.QuantAdaptiveAvgPool2d::pool/modelopt.torch.quantization.nn.modules.tensor_quantizer.TensorQuantizer::input_quantizer
      %856 : Long(device=cpu) = prim::Constant[value={2}](), scope: __main__.MixedModel::/modelopt.torch.opt.dynamic.QuantAdaptiveAvgPool2d::pool/modelopt.torch.quantization.nn.modules.tensor_quantizer.TensorQuantizer::input_quantizer
      %857 : Long(device=cpu) = prim::Constant[value={8}](), scope: __main__.MixedModel::/modelopt.torch.opt.dynamic.QuantAdaptiveAvgPool2d::pool/modelopt.torch.quantization.nn.modules.tensor_quantizer.TensorQuantizer::input_quantizer
      %858 : Long(device=cpu) = prim::Constant[value={4}](), scope: __main__.MixedModel::/modelopt.torch.opt.dynamic.QuantAdaptiveAvgPool2d::pool/modelopt.torch.quantization.nn.modules.tensor_quantizer.TensorQuantizer::input_quantizer
      %789 : Float(8, 32, 16, 16, strides=[8192, 256, 16, 1], requires_grad=0, device=cuda:0) = tensorrt::dynamic_block_quantize_op(%inputs.33, %854, %amax.81, %855, %856, %857, %858), scope: __main__.MixedModel::/modelopt.torch.opt.dynamic.QuantAdaptiveAvgPool2d::pool/modelopt.torch.quantization.nn.modules.tensor_quantizer.TensorQuantizer::input_quantizer # /usr/local/lib/python3.12/dist-packages/torch/_ops.py:1275:0
      -> (%789)
  %680 : Float(8, 32, 1, 1, strides=[32, 1, 1, 1], requires_grad=0, device=cuda:0) = aten::adaptive_avg_pool2d(%input.5, %822), scope: __main__.MixedModel::/modelopt.torch.opt.dynamic.QuantAdaptiveAvgPool2d::pool # /usr/local/lib/python3.12/dist-packages/torch/nn/functional.py:1405:0
  %859 : Long(device=cpu) = prim::Constant[value={-1}](), scope: __main__.MixedModel::
  %inputs.11 : Float(8, 32, strides=[32, 1], requires_grad=0, device=cuda:0) = aten::flatten(%680, %842, %859), scope: __main__.MixedModel:: # /work/trt-samples-for-hackathon-cn-wili/cookbook/04-Feature/LowBitQuantization/main.py:72:0
  %amax.11 : Float(requires_grad=0, device=cuda:0) = aten::detach(%fc1.input_quantizer._amax), scope: __main__.MixedModel::/modelopt.torch.opt.dynamic.QuantLinear::fc1/modelopt.torch.quantization.nn.modules.tensor_quantizer.TensorQuantizer::input_quantizer # /usr/local/lib/python3.12/dist-packages/modelopt/torch/quantization/nn/modules/tensor_quantizer.py:654:0
  %input.7 : Float(8, 32, strides=[32, 1], requires_grad=0, device=cuda:0) = ^DynamicBlockQuantizationFunction[inplace=0, module="modelopt.torch.quantization.tensor_quant"](16, None, (2, 1), (4, 3), Float, None, True)(%inputs.11, %amax.11), scope: __main__.MixedModel::/modelopt.torch.opt.dynamic.QuantLinear::fc1/modelopt.torch.quantization.nn.modules.tensor_quantizer.TensorQuantizer::input_quantizer # /usr/local/lib/python3.12/dist-packages/torch/autograd/function.py:625:0
    block0(%inputs.35 : Float(8, 32, strides=[32, 1], requires_grad=0, device=cuda:0), %amax.83 : Float(requires_grad=0, device=cuda:0)):
      %860 : Long(device=cpu) = prim::Constant[value={16}](), scope: __main__.MixedModel::/modelopt.torch.opt.dynamic.QuantLinear::fc1/modelopt.torch.quantization.nn.modules.tensor_quantizer.TensorQuantizer::input_quantizer
      %861 : Long(device=cpu) = prim::Constant[value={4}](), scope: __main__.MixedModel::/modelopt.torch.opt.dynamic.QuantLinear::fc1/modelopt.torch.quantization.nn.modules.tensor_quantizer.TensorQuantizer::input_quantizer
      %862 : Long(device=cpu) = prim::Constant[value={2}](), scope: __main__.MixedModel::/modelopt.torch.opt.dynamic.QuantLinear::fc1/modelopt.torch.quantization.nn.modules.tensor_quantizer.TensorQuantizer::input_quantizer
      %863 : Long(device=cpu) = prim::Constant[value={8}](), scope: __main__.MixedModel::/modelopt.torch.opt.dynamic.QuantLinear::fc1/modelopt.torch.quantization.nn.modules.tensor_quantizer.TensorQuantizer::input_quantizer
      %864 : Long(device=cpu) = prim::Constant[value={4}](), scope: __main__.MixedModel::/modelopt.torch.opt.dynamic.QuantLinear::fc1/modelopt.torch.quantization.nn.modules.tensor_quantizer.TensorQuantizer::input_quantizer
      %797 : Float(8, 32, strides=[32, 1], requires_grad=0, device=cuda:0) = tensorrt::dynamic_block_quantize_op(%inputs.35, %860, %amax.83, %861, %862, %863, %864), scope: __main__.MixedModel::/modelopt.torch.opt.dynamic.QuantLinear::fc1/modelopt.torch.quantization.nn.modules.tensor_quantizer.TensorQuantizer::input_quantizer # /usr/local/lib/python3.12/dist-packages/torch/_ops.py:1275:0
      -> (%797)
  %amax.13 : Float(requires_grad=0, device=cuda:0) = aten::detach(%fc1.weight_quantizer._amax), scope: __main__.MixedModel::/modelopt.torch.opt.dynamic.QuantLinear::fc1/modelopt.torch.quantization.nn.modules.tensor_quantizer.TensorQuantizer::weight_quantizer # /usr/local/lib/python3.12/dist-packages/modelopt/torch/quantization/nn/modules/tensor_quantizer.py:654:0
  %706 : Float(256, 32, strides=[32, 1], requires_grad=0, device=cuda:0) = ^DynamicBlockQuantizationFunction[inplace=0, module="modelopt.torch.quantization.tensor_quant"](16, None, (2, 1), (4, 3), Float, None, True)(%fc1.weight, %amax.13), scope: __main__.MixedModel::/modelopt.torch.opt.dynamic.QuantLinear::fc1/modelopt.torch.quantization.nn.modules.tensor_quantizer.TensorQuantizer::weight_quantizer # /usr/local/lib/python3.12/dist-packages/torch/autograd/function.py:625:0
    block0(%inputs.37 : Float(256, 32, strides=[32, 1], requires_grad=1, device=cuda:0), %amax.85 : Float(requires_grad=0, device=cuda:0)):
      %865 : Long(device=cpu) = prim::Constant[value={16}](), scope: __main__.MixedModel::/modelopt.torch.opt.dynamic.QuantLinear::fc1/modelopt.torch.quantization.nn.modules.tensor_quantizer.TensorQuantizer::weight_quantizer
      %866 : Long(device=cpu) = prim::Constant[value={4}](), scope: __main__.MixedModel::/modelopt.torch.opt.dynamic.QuantLinear::fc1/modelopt.torch.quantization.nn.modules.tensor_quantizer.TensorQuantizer::weight_quantizer
      %867 : Long(device=cpu) = prim::Constant[value={2}](), scope: __main__.MixedModel::/modelopt.torch.opt.dynamic.QuantLinear::fc1/modelopt.torch.quantization.nn.modules.tensor_quantizer.TensorQuantizer::weight_quantizer
      %868 : Long(device=cpu) = prim::Constant[value={8}](), scope: __main__.MixedModel::/modelopt.torch.opt.dynamic.QuantLinear::fc1/modelopt.torch.quantization.nn.modules.tensor_quantizer.TensorQuantizer::weight_quantizer
      %869 : Long(device=cpu) = prim::Constant[value={4}](), scope: __main__.MixedModel::/modelopt.torch.opt.dynamic.QuantLinear::fc1/modelopt.torch.quantization.nn.modules.tensor_quantizer.TensorQuantizer::weight_quantizer
      %805 : Float(256, 32, strides=[32, 1], requires_grad=0, device=cuda:0) = tensorrt::dynamic_block_quantize_op(%inputs.37, %865, %amax.85, %866, %867, %868, %869), scope: __main__.MixedModel::/modelopt.torch.opt.dynamic.QuantLinear::fc1/modelopt.torch.quantization.nn.modules.tensor_quantizer.TensorQuantizer::weight_quantizer # /usr/local/lib/python3.12/dist-packages/torch/_ops.py:1275:0
      -> (%805)
  %713 : Float(8, 256, strides=[256, 1], requires_grad=0, device=cuda:0) = aten::linear(%input.7, %706, %fc1.bias), scope: __main__.MixedModel::/modelopt.torch.opt.dynamic.QuantLinear::fc1 # /usr/local/lib/python3.12/dist-packages/torch/nn/modules/linear.py:134:0
  %inputs.15 : Float(8, 256, strides=[256, 1], requires_grad=0, device=cuda:0) = aten::relu(%713), scope: __main__.MixedModel:: # /work/trt-samples-for-hackathon-cn-wili/cookbook/04-Feature/LowBitQuantization/main.py:73:0
  %amax.15 : Float(requires_grad=0, device=cuda:0) = aten::detach(%fc2.input_quantizer._amax), scope: __main__.MixedModel::/modelopt.torch.opt.dynamic.QuantLinear::fc2/modelopt.torch.quantization.nn.modules.tensor_quantizer.TensorQuantizer::input_quantizer # /usr/local/lib/python3.12/dist-packages/modelopt/torch/quantization/nn/modules/tensor_quantizer.py:654:0
  %input : Float(8, 256, strides=[256, 1], requires_grad=0, device=cuda:0) = ^DynamicBlockQuantizationFunction[inplace=0, module="modelopt.torch.quantization.tensor_quant"](16, None, (2, 1), (4, 3), Float, None, True)(%inputs.15, %amax.15), scope: __main__.MixedModel::/modelopt.torch.opt.dynamic.QuantLinear::fc2/modelopt.torch.quantization.nn.modules.tensor_quantizer.TensorQuantizer::input_quantizer # /usr/local/lib/python3.12/dist-packages/torch/autograd/function.py:625:0
    block0(%inputs.39 : Float(8, 256, strides=[256, 1], requires_grad=0, device=cuda:0), %amax.87 : Float(requires_grad=0, device=cuda:0)):
      %870 : Long(device=cpu) = prim::Constant[value={16}](), scope: __main__.MixedModel::/modelopt.torch.opt.dynamic.QuantLinear::fc2/modelopt.torch.quantization.nn.modules.tensor_quantizer.TensorQuantizer::input_quantizer
      %871 : Long(device=cpu) = prim::Constant[value={4}](), scope: __main__.MixedModel::/modelopt.torch.opt.dynamic.QuantLinear::fc2/modelopt.torch.quantization.nn.modules.tensor_quantizer.TensorQuantizer::input_quantizer
      %872 : Long(device=cpu) = prim::Constant[value={2}](), scope: __main__.MixedModel::/modelopt.torch.opt.dynamic.QuantLinear::fc2/modelopt.torch.quantization.nn.modules.tensor_quantizer.TensorQuantizer::input_quantizer
      %873 : Long(device=cpu) = prim::Constant[value={8}](), scope: __main__.MixedModel::/modelopt.torch.opt.dynamic.QuantLinear::fc2/modelopt.torch.quantization.nn.modules.tensor_quantizer.TensorQuantizer::input_quantizer
      %874 : Long(device=cpu) = prim::Constant[value={4}](), scope: __main__.MixedModel::/modelopt.torch.opt.dynamic.QuantLinear::fc2/modelopt.torch.quantization.nn.modules.tensor_quantizer.TensorQuantizer::input_quantizer
      %813 : Float(8, 256, strides=[256, 1], requires_grad=0, device=cuda:0) = tensorrt::dynamic_block_quantize_op(%inputs.39, %870, %amax.87, %871, %872, %873, %874), scope: __main__.MixedModel::/modelopt.torch.opt.dynamic.QuantLinear::fc2/modelopt.torch.quantization.nn.modules.tensor_quantizer.TensorQuantizer::input_quantizer # /usr/local/lib/python3.12/dist-packages/torch/_ops.py:1275:0
      -> (%813)
  %amax.71 : Float(requires_grad=0, device=cuda:0) = aten::detach(%fc2.weight_quantizer._amax), scope: __main__.MixedModel::/modelopt.torch.opt.dynamic.QuantLinear::fc2/modelopt.torch.quantization.nn.modules.tensor_quantizer.TensorQuantizer::weight_quantizer # /usr/local/lib/python3.12/dist-packages/modelopt/torch/quantization/nn/modules/tensor_quantizer.py:654:0
  %737 : Float(256, 256, strides=[256, 1], requires_grad=0, device=cuda:0) = ^DynamicBlockQuantizationFunction[inplace=0, module="modelopt.torch.quantization.tensor_quant"](16, None, (2, 1), (4, 3), Float, None, True)(%fc2.weight, %amax.71), scope: __main__.MixedModel::/modelopt.torch.opt.dynamic.QuantLinear::fc2/modelopt.torch.quantization.nn.modules.tensor_quantizer.TensorQuantizer::weight_quantizer # /usr/local/lib/python3.12/dist-packages/torch/autograd/function.py:625:0
    block0(%inputs : Float(256, 256, strides=[256, 1], requires_grad=1, device=cuda:0), %amax : Float(requires_grad=0, device=cuda:0)):
      %875 : Long(device=cpu) = prim::Constant[value={16}](), scope: __main__.MixedModel::/modelopt.torch.opt.dynamic.QuantLinear::fc2/modelopt.torch.quantization.nn.modules.tensor_quantizer.TensorQuantizer::weight_quantizer
      %876 : Long(device=cpu) = prim::Constant[value={4}](), scope: __main__.MixedModel::/modelopt.torch.opt.dynamic.QuantLinear::fc2/modelopt.torch.quantization.nn.modules.tensor_quantizer.TensorQuantizer::weight_quantizer
      %877 : Long(device=cpu) = prim::Constant[value={2}](), scope: __main__.MixedModel::/modelopt.torch.opt.dynamic.QuantLinear::fc2/modelopt.torch.quantization.nn.modules.tensor_quantizer.TensorQuantizer::weight_quantizer
      %878 : Long(device=cpu) = prim::Constant[value={8}](), scope: __main__.MixedModel::/modelopt.torch.opt.dynamic.QuantLinear::fc2/modelopt.torch.quantization.nn.modules.tensor_quantizer.TensorQuantizer::weight_quantizer
      %879 : Long(device=cpu) = prim::Constant[value={4}](), scope: __main__.MixedModel::/modelopt.torch.opt.dynamic.QuantLinear::fc2/modelopt.torch.quantization.nn.modules.tensor_quantizer.TensorQuantizer::weight_quantizer
      %821 : Float(256, 256, strides=[256, 1], requires_grad=0, device=cuda:0) = tensorrt::dynamic_block_quantize_op(%inputs, %875, %amax, %876, %877, %878, %879), scope: __main__.MixedModel::/modelopt.torch.opt.dynamic.QuantLinear::fc2/modelopt.torch.quantization.nn.modules.tensor_quantizer.TensorQuantizer::weight_quantizer # /usr/local/lib/python3.12/dist-packages/torch/_ops.py:1275:0
      -> (%821)
  %744 : Float(8, 256, strides=[256, 1], requires_grad=0, device=cuda:0) = aten::linear(%input, %737, %fc2.bias), scope: __main__.MixedModel::/modelopt.torch.opt.dynamic.QuantLinear::fc2 # /usr/local/lib/python3.12/dist-packages/torch/nn/modules/linear.py:134:0
  return (%744)

Torch IR graph at exception: graph(%inputs.1 : Float(8, 32, 16, 16, strides=[8192, 256, 16, 1], requires_grad=0, device=cuda:0),
      %conv1.weight : Float(32, 32, 3, 3, strides=[288, 9, 3, 1], requires_grad=1, device=cuda:0),
      %conv1.bias : Float(32, strides=[1], requires_grad=1, device=cuda:0),
      %conv2.weight : Float(32, 32, 3, 3, strides=[288, 9, 3, 1], requires_grad=1, device=cuda:0),
      %conv2.bias : Float(32, strides=[1], requires_grad=1, device=cuda:0),
      %fc1.weight : Float(256, 32, strides=[32, 1], requires_grad=1, device=cuda:0),
      %fc1.bias : Float(256, strides=[1], requires_grad=1, device=cuda:0),
      %fc2.weight : Float(256, 256, strides=[256, 1], requires_grad=1, device=cuda:0),
      %fc2.bias : Float(256, strides=[1], requires_grad=1, device=cuda:0)):
  %input.1 : Float(8, 32, 16, 16, strides=[8192, 256, 16, 1], requires_grad=0, device=cuda:0) = ^DynamicBlockQuantizationFunction[inplace=0, module="modelopt.torch.quantization.tensor_quant"](32, None, None, (4, 3), (8, 0), Float, None, True)(%inputs.1), scope: __main__.MixedModel::/modelopt.torch.opt.dynamic.QuantConv2d::conv1/modelopt.torch.quantization.nn.modules.tensor_quantizer.TensorQuantizer::input_quantizer # /usr/local/lib/python3.12/dist-packages/torch/autograd/function.py:625:0
    block0(%inputs.25 : Float(8, 32, 16, 16, strides=[8192, 256, 16, 1], requires_grad=0, device=cuda:0)):
      %822 : Long(device=cpu) = prim::Constant[value={32}](), scope: __main__.MixedModel::/modelopt.torch.opt.dynamic.QuantConv2d::conv1/modelopt.torch.quantization.nn.modules.tensor_quantizer.TensorQuantizer::input_quantizer
      %743 : NoneType = prim::Constant(), scope: __main__.MixedModel::/modelopt.torch.opt.dynamic.QuantConv2d::conv1/modelopt.torch.quantization.nn.modules.tensor_quantizer.TensorQuantizer::input_quantizer
      %823 : Long(device=cpu) = prim::Constant[value={8}](), scope: __main__.MixedModel::/modelopt.torch.opt.dynamic.QuantConv2d::conv1/modelopt.torch.quantization.nn.modules.tensor_quantizer.TensorQuantizer::input_quantizer
      %824 : Long(device=cpu) = prim::Constant[value={4}](), scope: __main__.MixedModel::/modelopt.torch.opt.dynamic.QuantConv2d::conv1/modelopt.torch.quantization.nn.modules.tensor_quantizer.TensorQuantizer::input_quantizer
      %825 : Long(device=cpu) = prim::Constant[value={9}](), scope: __main__.MixedModel::/modelopt.torch.opt.dynamic.QuantConv2d::conv1/modelopt.torch.quantization.nn.modules.tensor_quantizer.TensorQuantizer::input_quantizer
      %826 : Long(device=cpu) = prim::Constant[value={8}](), scope: __main__.MixedModel::/modelopt.torch.opt.dynamic.QuantConv2d::conv1/modelopt.torch.quantization.nn.modules.tensor_quantizer.TensorQuantizer::input_quantizer
      %748 : Float(8, 32, 16, 16, strides=[8192, 256, 16, 1], requires_grad=0, device=cuda:0) = tensorrt::dynamic_block_quantize_op(%inputs.25, %822, %743, %823, %824, %825, %826), scope: __main__.MixedModel::/modelopt.torch.opt.dynamic.QuantConv2d::conv1/modelopt.torch.quantization.nn.modules.tensor_quantizer.TensorQuantizer::input_quantizer # /usr/local/lib/python3.12/dist-packages/torch/_ops.py:1275:0
      -> (%748)
  %562 : Float(32, 32, 3, 3, strides=[288, 9, 3, 1], requires_grad=0, device=cuda:0) = ^DynamicBlockQuantizationFunction[inplace=0, module="modelopt.torch.quantization.tensor_quant"](32, None, None, (4, 3), (8, 0), Float, None, True)(%conv1.weight), scope: __main__.MixedModel::/modelopt.torch.opt.dynamic.QuantConv2d::conv1/modelopt.torch.quantization.nn.modules.tensor_quantizer.TensorQuantizer::weight_quantizer # /usr/local/lib/python3.12/dist-packages/torch/autograd/function.py:625:0
    block0(%inputs.27 : Float(32, 32, 3, 3, strides=[288, 9, 3, 1], requires_grad=1, device=cuda:0)):
      %827 : Long(device=cpu) = prim::Constant[value={32}](), scope: __main__.MixedModel::/modelopt.torch.opt.dynamic.QuantConv2d::conv1/modelopt.torch.quantization.nn.modules.tensor_quantizer.TensorQuantizer::weight_quantizer
      %751 : NoneType = prim::Constant(), scope: __main__.MixedModel::/modelopt.torch.opt.dynamic.QuantConv2d::conv1/modelopt.torch.quantization.nn.modules.tensor_quantizer.TensorQuantizer::weight_quantizer
      %828 : Long(device=cpu) = prim::Constant[value={8}](), scope: __main__.MixedModel::/modelopt.torch.opt.dynamic.QuantConv2d::conv1/modelopt.torch.quantization.nn.modules.tensor_quantizer.TensorQuantizer::weight_quantizer
      %829 : Long(device=cpu) = prim::Constant[value={4}](), scope: __main__.MixedModel::/modelopt.torch.opt.dynamic.QuantConv2d::conv1/modelopt.torch.quantization.nn.modules.tensor_quantizer.TensorQuantizer::weight_quantizer
      %830 : Long(device=cpu) = prim::Constant[value={9}](), scope: __main__.MixedModel::/modelopt.torch.opt.dynamic.QuantConv2d::conv1/modelopt.torch.quantization.nn.modules.tensor_quantizer.TensorQuantizer::weight_quantizer
      %831 : Long(device=cpu) = prim::Constant[value={8}](), scope: __main__.MixedModel::/modelopt.torch.opt.dynamic.QuantConv2d::conv1/modelopt.torch.quantization.nn.modules.tensor_quantizer.TensorQuantizer::weight_quantizer
      %756 : Float(32, 32, 3, 3, strides=[288, 9, 3, 1], requires_grad=0, device=cuda:0) = tensorrt::dynamic_block_quantize_op(%inputs.27, %827, %751, %828, %829, %830, %831), scope: __main__.MixedModel::/modelopt.torch.opt.dynamic.QuantConv2d::conv1/modelopt.torch.quantization.nn.modules.tensor_quantizer.TensorQuantizer::weight_quantizer # /usr/local/lib/python3.12/dist-packages/torch/_ops.py:1275:0
      -> (%756)
  %813 : int[] = prim::Constant[value=[1, 1]]()
  %832 : Bool(device=cpu) = prim::Constant[value={0}](), scope: __main__.MixedModel::/modelopt.torch.opt.dynamic.QuantConv2d::conv1
  %816 : int[] = prim::Constant[value=[0, 0]]()
  %833 : Long(device=cpu) = prim::Constant[value={1}](), scope: __main__.MixedModel::/modelopt.torch.opt.dynamic.QuantConv2d::conv1
  %834 : Bool(device=cpu) = prim::Constant[value={1}](), scope: __main__.MixedModel::/modelopt.torch.opt.dynamic.QuantConv2d::conv1
  %588 : Float(8, 32, 16, 16, strides=[8192, 256, 16, 1], requires_grad=0, device=cuda:0) = aten::_convolution(%input.1, %562, %conv1.bias, %813, %813, %813, %832, %816, %833, %832, %832, %834, %834), scope: __main__.MixedModel::/modelopt.torch.opt.dynamic.QuantConv2d::conv1 # /usr/local/lib/python3.12/dist-packages/torch/nn/modules/conv.py:560:0
  %inputs.5 : Float(8, 32, 16, 16, strides=[8192, 256, 16, 1], requires_grad=0, device=cuda:0) = aten::relu(%588), scope: __main__.MixedModel:: # /work/trt-samples-for-hackathon-cn-wili/cookbook/04-Feature/LowBitQuantization/main.py:70:0
  %input.3 : Float(8, 32, 16, 16, strides=[8192, 256, 16, 1], requires_grad=0, device=cuda:0) = ^DynamicBlockQuantizationFunction[inplace=0, module="modelopt.torch.quantization.tensor_quant"](32, None, None, (4, 3), (8, 0), Float, None, True)(%inputs.5), scope: __main__.MixedModel::/modelopt.torch.opt.dynamic.QuantConv2d::conv2/modelopt.torch.quantization.nn.modules.tensor_quantizer.TensorQuantizer::input_quantizer # /usr/local/lib/python3.12/dist-packages/torch/autograd/function.py:625:0
    block0(%inputs.29 : Float(8, 32, 16, 16, strides=[8192, 256, 16, 1], requires_grad=0, device=cuda:0)):
      %835 : Long(device=cpu) = prim::Constant[value={32}](), scope: __main__.MixedModel::/modelopt.torch.opt.dynamic.QuantConv2d::conv2/modelopt.torch.quantization.nn.modules.tensor_quantizer.TensorQuantizer::input_quantizer
      %759 : NoneType = prim::Constant(), scope: __main__.MixedModel::/modelopt.torch.opt.dynamic.QuantConv2d::conv2/modelopt.torch.quantization.nn.modules.tensor_quantizer.TensorQuantizer::input_quantizer
      %836 : Long(device=cpu) = prim::Constant[value={8}](), scope: __main__.MixedModel::/modelopt.torch.opt.dynamic.QuantConv2d::conv2/modelopt.torch.quantization.nn.modules.tensor_quantizer.TensorQuantizer::input_quantizer
      %837 : Long(device=cpu) = prim::Constant[value={4}](), scope: __main__.MixedModel::/modelopt.torch.opt.dynamic.QuantConv2d::conv2/modelopt.torch.quantization.nn.modules.tensor_quantizer.TensorQuantizer::input_quantizer
      %838 : Long(device=cpu) = prim::Constant[value={9}](), scope: __main__.MixedModel::/modelopt.torch.opt.dynamic.QuantConv2d::conv2/modelopt.torch.quantization.nn.modules.tensor_quantizer.TensorQuantizer::input_quantizer
      %839 : Long(device=cpu) = prim::Constant[value={8}](), scope: __main__.MixedModel::/modelopt.torch.opt.dynamic.QuantConv2d::conv2/modelopt.torch.quantization.nn.modules.tensor_quantizer.TensorQuantizer::input_quantizer
      %764 : Float(8, 32, 16, 16, strides=[8192, 256, 16, 1], requires_grad=0, device=cuda:0) = tensorrt::dynamic_block_quantize_op(%inputs.29, %835, %759, %836, %837, %838, %839), scope: __main__.MixedModel::/modelopt.torch.opt.dynamic.QuantConv2d::conv2/modelopt.torch.quantization.nn.modules.tensor_quantizer.TensorQuantizer::input_quantizer # /usr/local/lib/python3.12/dist-packages/torch/_ops.py:1275:0
      -> (%764)
  %611 : Float(32, 32, 3, 3, strides=[288, 9, 3, 1], requires_grad=0, device=cuda:0) = ^DynamicBlockQuantizationFunction[inplace=0, module="modelopt.torch.quantization.tensor_quant"](32, None, None, (4, 3), (8, 0), Float, None, True)(%conv2.weight), scope: __main__.MixedModel::/modelopt.torch.opt.dynamic.QuantConv2d::conv2/modelopt.torch.quantization.nn.modules.tensor_quantizer.TensorQuantizer::weight_quantizer # /usr/local/lib/python3.12/dist-packages/torch/autograd/function.py:625:0
    block0(%inputs.31 : Float(32, 32, 3, 3, strides=[288, 9, 3, 1], requires_grad=1, device=cuda:0)):
      %840 : Long(device=cpu) = prim::Constant[value={32}](), scope: __main__.MixedModel::/modelopt.torch.opt.dynamic.QuantConv2d::conv2/modelopt.torch.quantization.nn.modules.tensor_quantizer.TensorQuantizer::weight_quantizer
      %767 : NoneType = prim::Constant(), scope: __main__.MixedModel::/modelopt.torch.opt.dynamic.QuantConv2d::conv2/modelopt.torch.quantization.nn.modules.tensor_quantizer.TensorQuantizer::weight_quantizer
      %841 : Long(device=cpu) = prim::Constant[value={8}](), scope: __main__.MixedModel::/modelopt.torch.opt.dynamic.QuantConv2d::conv2/modelopt.torch.quantization.nn.modules.tensor_quantizer.TensorQuantizer::weight_quantizer
      %842 : Long(device=cpu) = prim::Constant[value={4}](), scope: __main__.MixedModel::/modelopt.torch.opt.dynamic.QuantConv2d::conv2/modelopt.torch.quantization.nn.modules.tensor_quantizer.TensorQuantizer::weight_quantizer
      %843 : Long(device=cpu) = prim::Constant[value={9}](), scope: __main__.MixedModel::/modelopt.torch.opt.dynamic.QuantConv2d::conv2/modelopt.torch.quantization.nn.modules.tensor_quantizer.TensorQuantizer::weight_quantizer
      %844 : Long(device=cpu) = prim::Constant[value={8}](), scope: __main__.MixedModel::/modelopt.torch.opt.dynamic.QuantConv2d::conv2/modelopt.torch.quantization.nn.modules.tensor_quantizer.TensorQuantizer::weight_quantizer
      %772 : Float(32, 32, 3, 3, strides=[288, 9, 3, 1], requires_grad=0, device=cuda:0) = tensorrt::dynamic_block_quantize_op(%inputs.31, %840, %767, %841, %842, %843, %844), scope: __main__.MixedModel::/modelopt.torch.opt.dynamic.QuantConv2d::conv2/modelopt.torch.quantization.nn.modules.tensor_quantizer.TensorQuantizer::weight_quantizer # /usr/local/lib/python3.12/dist-packages/torch/_ops.py:1275:0
      -> (%772)
  %637 : Float(8, 32, 16, 16, strides=[8192, 256, 16, 1], requires_grad=0, device=cuda:0) = aten::_convolution(%input.3, %611, %conv2.bias, %813, %813, %813, %832, %816, %833, %832, %832, %834, %834), scope: __main__.MixedModel::/modelopt.torch.opt.dynamic.QuantConv2d::conv2 # /usr/local/lib/python3.12/dist-packages/torch/nn/modules/conv.py:560:0
  %inputs.9 : Float(8, 32, 16, 16, strides=[8192, 256, 16, 1], requires_grad=0, device=cuda:0) = aten::relu(%637), scope: __main__.MixedModel:: # /work/trt-samples-for-hackathon-cn-wili/cookbook/04-Feature/LowBitQuantization/main.py:71:0
  %input.5 : Float(8, 32, 16, 16, strides=[8192, 256, 16, 1], requires_grad=0, device=cuda:0) = ^DynamicBlockQuantizationFunction[inplace=0, module="modelopt.torch.quantization.tensor_quant"](32, None, None, (4, 3), (8, 0), Float, None, True)(%inputs.9), scope: __main__.MixedModel::/modelopt.torch.opt.dynamic.QuantAdaptiveAvgPool2d::pool/modelopt.torch.quantization.nn.modules.tensor_quantizer.TensorQuantizer::input_quantizer # /usr/local/lib/python3.12/dist-packages/torch/autograd/function.py:625:0
    block0(%inputs.33 : Float(8, 32, 16, 16, strides=[8192, 256, 16, 1], requires_grad=0, device=cuda:0)):
      %845 : Long(device=cpu) = prim::Constant[value={32}](), scope: __main__.MixedModel::/modelopt.torch.opt.dynamic.QuantAdaptiveAvgPool2d::pool/modelopt.torch.quantization.nn.modules.tensor_quantizer.TensorQuantizer::input_quantizer
      %775 : NoneType = prim::Constant(), scope: __main__.MixedModel::/modelopt.torch.opt.dynamic.QuantAdaptiveAvgPool2d::pool/modelopt.torch.quantization.nn.modules.tensor_quantizer.TensorQuantizer::input_quantizer
      %846 : Long(device=cpu) = prim::Constant[value={8}](), scope: __main__.MixedModel::/modelopt.torch.opt.dynamic.QuantAdaptiveAvgPool2d::pool/modelopt.torch.quantization.nn.modules.tensor_quantizer.TensorQuantizer::input_quantizer
      %847 : Long(device=cpu) = prim::Constant[value={4}](), scope: __main__.MixedModel::/modelopt.torch.opt.dynamic.QuantAdaptiveAvgPool2d::pool/modelopt.torch.quantization.nn.modules.tensor_quantizer.TensorQuantizer::input_quantizer
      %848 : Long(device=cpu) = prim::Constant[value={9}](), scope: __main__.MixedModel::/modelopt.torch.opt.dynamic.QuantAdaptiveAvgPool2d::pool/modelopt.torch.quantization.nn.modules.tensor_quantizer.TensorQuantizer::input_quantizer
      %849 : Long(device=cpu) = prim::Constant[value={8}](), scope: __main__.MixedModel::/modelopt.torch.opt.dynamic.QuantAdaptiveAvgPool2d::pool/modelopt.torch.quantization.nn.modules.tensor_quantizer.TensorQuantizer::input_quantizer
      %780 : Float(8, 32, 16, 16, strides=[8192, 256, 16, 1], requires_grad=0, device=cuda:0) = tensorrt::dynamic_block_quantize_op(%inputs.33, %845, %775, %846, %847, %848, %849), scope: __main__.MixedModel::/modelopt.torch.opt.dynamic.QuantAdaptiveAvgPool2d::pool/modelopt.torch.quantization.nn.modules.tensor_quantizer.TensorQuantizer::input_quantizer # /usr/local/lib/python3.12/dist-packages/torch/_ops.py:1275:0
      -> (%780)
  %671 : Float(8, 32, 1, 1, strides=[32, 1, 1, 1], requires_grad=0, device=cuda:0) = aten::adaptive_avg_pool2d(%input.5, %813), scope: __main__.MixedModel::/modelopt.torch.opt.dynamic.QuantAdaptiveAvgPool2d::pool # /usr/local/lib/python3.12/dist-packages/torch/nn/functional.py:1405:0
  %850 : Long(device=cpu) = prim::Constant[value={-1}](), scope: __main__.MixedModel::
  %inputs.11 : Float(8, 32, strides=[32, 1], requires_grad=0, device=cuda:0) = aten::flatten(%671, %833, %850), scope: __main__.MixedModel:: # /work/trt-samples-for-hackathon-cn-wili/cookbook/04-Feature/LowBitQuantization/main.py:72:0
  %input.7 : Float(8, 32, strides=[32, 1], requires_grad=0, device=cuda:0) = ^DynamicBlockQuantizationFunction[inplace=0, module="modelopt.torch.quantization.tensor_quant"](32, None, None, (4, 3), (8, 0), Float, None, True)(%inputs.11), scope: __main__.MixedModel::/modelopt.torch.opt.dynamic.QuantLinear::fc1/modelopt.torch.quantization.nn.modules.tensor_quantizer.TensorQuantizer::input_quantizer # /usr/local/lib/python3.12/dist-packages/torch/autograd/function.py:625:0
    block0(%inputs.35 : Float(8, 32, strides=[32, 1], requires_grad=0, device=cuda:0)):
      %851 : Long(device=cpu) = prim::Constant[value={32}](), scope: __main__.MixedModel::/modelopt.torch.opt.dynamic.QuantLinear::fc1/modelopt.torch.quantization.nn.modules.tensor_quantizer.TensorQuantizer::input_quantizer
      %783 : NoneType = prim::Constant(), scope: __main__.MixedModel::/modelopt.torch.opt.dynamic.QuantLinear::fc1/modelopt.torch.quantization.nn.modules.tensor_quantizer.TensorQuantizer::input_quantizer
      %852 : Long(device=cpu) = prim::Constant[value={8}](), scope: __main__.MixedModel::/modelopt.torch.opt.dynamic.QuantLinear::fc1/modelopt.torch.quantization.nn.modules.tensor_quantizer.TensorQuantizer::input_quantizer
      %853 : Long(device=cpu) = prim::Constant[value={4}](), scope: __main__.MixedModel::/modelopt.torch.opt.dynamic.QuantLinear::fc1/modelopt.torch.quantization.nn.modules.tensor_quantizer.TensorQuantizer::input_quantizer
      %854 : Long(device=cpu) = prim::Constant[value={9}](), scope: __main__.MixedModel::/modelopt.torch.opt.dynamic.QuantLinear::fc1/modelopt.torch.quantization.nn.modules.tensor_quantizer.TensorQuantizer::input_quantizer
      %855 : Long(device=cpu) = prim::Constant[value={8}](), scope: __main__.MixedModel::/modelopt.torch.opt.dynamic.QuantLinear::fc1/modelopt.torch.quantization.nn.modules.tensor_quantizer.TensorQuantizer::input_quantizer
      %788 : Float(8, 32, strides=[32, 1], requires_grad=0, device=cuda:0) = tensorrt::dynamic_block_quantize_op(%inputs.35, %851, %783, %852, %853, %854, %855), scope: __main__.MixedModel::/modelopt.torch.opt.dynamic.QuantLinear::fc1/modelopt.torch.quantization.nn.modules.tensor_quantizer.TensorQuantizer::input_quantizer # /usr/local/lib/python3.12/dist-packages/torch/_ops.py:1275:0
      -> (%788)
  %696 : Float(256, 32, strides=[32, 1], requires_grad=0, device=cuda:0) = ^DynamicBlockQuantizationFunction[inplace=0, module="modelopt.torch.quantization.tensor_quant"](32, None, None, (4, 3), (8, 0), Float, None, True)(%fc1.weight), scope: __main__.MixedModel::/modelopt.torch.opt.dynamic.QuantLinear::fc1/modelopt.torch.quantization.nn.modules.tensor_quantizer.TensorQuantizer::weight_quantizer # /usr/local/lib/python3.12/dist-packages/torch/autograd/function.py:625:0
    block0(%inputs.37 : Float(256, 32, strides=[32, 1], requires_grad=1, device=cuda:0)):
      %856 : Long(device=cpu) = prim::Constant[value={32}](), scope: __main__.MixedModel::/modelopt.torch.opt.dynamic.QuantLinear::fc1/modelopt.torch.quantization.nn.modules.tensor_quantizer.TensorQuantizer::weight_quantizer
      %791 : NoneType = prim::Constant(), scope: __main__.MixedModel::/modelopt.torch.opt.dynamic.QuantLinear::fc1/modelopt.torch.quantization.nn.modules.tensor_quantizer.TensorQuantizer::weight_quantizer
      %857 : Long(device=cpu) = prim::Constant[value={8}](), scope: __main__.MixedModel::/modelopt.torch.opt.dynamic.QuantLinear::fc1/modelopt.torch.quantization.nn.modules.tensor_quantizer.TensorQuantizer::weight_quantizer
      %858 : Long(device=cpu) = prim::Constant[value={4}](), scope: __main__.MixedModel::/modelopt.torch.opt.dynamic.QuantLinear::fc1/modelopt.torch.quantization.nn.modules.tensor_quantizer.TensorQuantizer::weight_quantizer
      %859 : Long(device=cpu) = prim::Constant[value={9}](), scope: __main__.MixedModel::/modelopt.torch.opt.dynamic.QuantLinear::fc1/modelopt.torch.quantization.nn.modules.tensor_quantizer.TensorQuantizer::weight_quantizer
      %860 : Long(device=cpu) = prim::Constant[value={8}](), scope: __main__.MixedModel::/modelopt.torch.opt.dynamic.QuantLinear::fc1/modelopt.torch.quantization.nn.modules.tensor_quantizer.TensorQuantizer::weight_quantizer
      %796 : Float(256, 32, strides=[32, 1], requires_grad=0, device=cuda:0) = tensorrt::dynamic_block_quantize_op(%inputs.37, %856, %791, %857, %858, %859, %860), scope: __main__.MixedModel::/modelopt.torch.opt.dynamic.QuantLinear::fc1/modelopt.torch.quantization.nn.modules.tensor_quantizer.TensorQuantizer::weight_quantizer # /usr/local/lib/python3.12/dist-packages/torch/_ops.py:1275:0
      -> (%796)
  %704 : Float(8, 256, strides=[256, 1], requires_grad=0, device=cuda:0) = aten::linear(%input.7, %696, %fc1.bias), scope: __main__.MixedModel::/modelopt.torch.opt.dynamic.QuantLinear::fc1 # /usr/local/lib/python3.12/dist-packages/torch/nn/modules/linear.py:134:0
  %inputs.15 : Float(8, 256, strides=[256, 1], requires_grad=0, device=cuda:0) = aten::relu(%704), scope: __main__.MixedModel:: # /work/trt-samples-for-hackathon-cn-wili/cookbook/04-Feature/LowBitQuantization/main.py:73:0
  %input : Float(8, 256, strides=[256, 1], requires_grad=0, device=cuda:0) = ^DynamicBlockQuantizationFunction[inplace=0, module="modelopt.torch.quantization.tensor_quant"](32, None, None, (4, 3), (8, 0), Float, None, True)(%inputs.15), scope: __main__.MixedModel::/modelopt.torch.opt.dynamic.QuantLinear::fc2/modelopt.torch.quantization.nn.modules.tensor_quantizer.TensorQuantizer::input_quantizer # /usr/local/lib/python3.12/dist-packages/torch/autograd/function.py:625:0
    block0(%inputs.39 : Float(8, 256, strides=[256, 1], requires_grad=0, device=cuda:0)):
      %861 : Long(device=cpu) = prim::Constant[value={32}](), scope: __main__.MixedModel::/modelopt.torch.opt.dynamic.QuantLinear::fc2/modelopt.torch.quantization.nn.modules.tensor_quantizer.TensorQuantizer::input_quantizer
      %799 : NoneType = prim::Constant(), scope: __main__.MixedModel::/modelopt.torch.opt.dynamic.QuantLinear::fc2/modelopt.torch.quantization.nn.modules.tensor_quantizer.TensorQuantizer::input_quantizer
      %862 : Long(device=cpu) = prim::Constant[value={8}](), scope: __main__.MixedModel::/modelopt.torch.opt.dynamic.QuantLinear::fc2/modelopt.torch.quantization.nn.modules.tensor_quantizer.TensorQuantizer::input_quantizer
      %863 : Long(device=cpu) = prim::Constant[value={4}](), scope: __main__.MixedModel::/modelopt.torch.opt.dynamic.QuantLinear::fc2/modelopt.torch.quantization.nn.modules.tensor_quantizer.TensorQuantizer::input_quantizer
      %864 : Long(device=cpu) = prim::Constant[value={9}](), scope: __main__.MixedModel::/modelopt.torch.opt.dynamic.QuantLinear::fc2/modelopt.torch.quantization.nn.modules.tensor_quantizer.TensorQuantizer::input_quantizer
      %865 : Long(device=cpu) = prim::Constant[value={8}](), scope: __main__.MixedModel::/modelopt.torch.opt.dynamic.QuantLinear::fc2/modelopt.torch.quantization.nn.modules.tensor_quantizer.TensorQuantizer::input_quantizer
      %804 : Float(8, 256, strides=[256, 1], requires_grad=0, device=cuda:0) = tensorrt::dynamic_block_quantize_op(%inputs.39, %861, %799, %862, %863, %864, %865), scope: __main__.MixedModel::/modelopt.torch.opt.dynamic.QuantLinear::fc2/modelopt.torch.quantization.nn.modules.tensor_quantizer.TensorQuantizer::input_quantizer # /usr/local/lib/python3.12/dist-packages/torch/_ops.py:1275:0
      -> (%804)
  %727 : Float(256, 256, strides=[256, 1], requires_grad=0, device=cuda:0) = ^DynamicBlockQuantizationFunction[inplace=0, module="modelopt.torch.quantization.tensor_quant"](32, None, None, (4, 3), (8, 0), Float, None, True)(%fc2.weight), scope: __main__.MixedModel::/modelopt.torch.opt.dynamic.QuantLinear::fc2/modelopt.torch.quantization.nn.modules.tensor_quantizer.TensorQuantizer::weight_quantizer # /usr/local/lib/python3.12/dist-packages/torch/autograd/function.py:625:0
    block0(%inputs : Float(256, 256, strides=[256, 1], requires_grad=1, device=cuda:0)):
      %866 : Long(device=cpu) = prim::Constant[value={32}](), scope: __main__.MixedModel::/modelopt.torch.opt.dynamic.QuantLinear::fc2/modelopt.torch.quantization.nn.modules.tensor_quantizer.TensorQuantizer::weight_quantizer
      %807 : NoneType = prim::Constant(), scope: __main__.MixedModel::/modelopt.torch.opt.dynamic.QuantLinear::fc2/modelopt.torch.quantization.nn.modules.tensor_quantizer.TensorQuantizer::weight_quantizer
      %867 : Long(device=cpu) = prim::Constant[value={8}](), scope: __main__.MixedModel::/modelopt.torch.opt.dynamic.QuantLinear::fc2/modelopt.torch.quantization.nn.modules.tensor_quantizer.TensorQuantizer::weight_quantizer
      %868 : Long(device=cpu) = prim::Constant[value={4}](), scope: __main__.MixedModel::/modelopt.torch.opt.dynamic.QuantLinear::fc2/modelopt.torch.quantization.nn.modules.tensor_quantizer.TensorQuantizer::weight_quantizer
      %869 : Long(device=cpu) = prim::Constant[value={9}](), scope: __main__.MixedModel::/modelopt.torch.opt.dynamic.QuantLinear::fc2/modelopt.torch.quantization.nn.modules.tensor_quantizer.TensorQuantizer::weight_quantizer
      %870 : Long(device=cpu) = prim::Constant[value={8}](), scope: __main__.MixedModel::/modelopt.torch.opt.dynamic.QuantLinear::fc2/modelopt.torch.quantization.nn.modules.tensor_quantizer.TensorQuantizer::weight_quantizer
      %812 : Float(256, 256, strides=[256, 1], requires_grad=0, device=cuda:0) = tensorrt::dynamic_block_quantize_op(%inputs, %866, %807, %867, %868, %869, %870), scope: __main__.MixedModel::/modelopt.torch.opt.dynamic.QuantLinear::fc2/modelopt.torch.quantization.nn.modules.tensor_quantizer.TensorQuantizer::weight_quantizer # /usr/local/lib/python3.12/dist-packages/torch/_ops.py:1275:0
      -> (%812)
  %735 : Float(8, 256, strides=[256, 1], requires_grad=0, device=cuda:0) = aten::linear(%input, %727, %fc2.bias), scope: __main__.MixedModel::/modelopt.torch.opt.dynamic.QuantLinear::fc2 # /usr/local/lib/python3.12/dist-packages/torch/nn/modules/linear.py:134:0
  return (%735)

Torch IR graph at exception: graph(%input.1 : Float(8, 32, 16, 16, strides=[8192, 256, 16, 1], requires_grad=0, device=cuda:0),
      %conv1.weight : Float(32, 32, 3, 3, strides=[288, 9, 3, 1], requires_grad=1, device=cuda:0),
      %conv1.bias : Float(32, strides=[1], requires_grad=1, device=cuda:0),
      %conv1.weight_quantizer._amax : Float(3072, 1, strides=[1, 1], requires_grad=0, device=cuda:0),
      %conv2.weight : Float(32, 32, 3, 3, strides=[288, 9, 3, 1], requires_grad=1, device=cuda:0),
      %conv2.bias : Float(32, strides=[1], requires_grad=1, device=cuda:0),
      %conv2.weight_quantizer._amax : Float(3072, 1, strides=[1, 1], requires_grad=0, device=cuda:0),
      %fc1.weight : Float(256, 32, strides=[32, 1], requires_grad=1, device=cuda:0),
      %fc1.bias : Float(256, strides=[1], requires_grad=1, device=cuda:0),
      %fc1.input_quantizer._pre_quant_scale : Float(32, strides=[1], requires_grad=0, device=cuda:0),
      %fc1.weight_quantizer._amax : Float(256, 1, strides=[1, 1], requires_grad=0, device=cuda:0),
      %fc2.weight : Float(256, 256, strides=[256, 1], requires_grad=1, device=cuda:0),
      %fc2.bias : Float(256, strides=[1], requires_grad=1, device=cuda:0),
      %fc2.input_quantizer._pre_quant_scale : Float(256, strides=[1], requires_grad=0, device=cuda:0),
      %fc2.weight_quantizer._amax : Float(512, 1, strides=[1, 1], requires_grad=0, device=cuda:0)):
  %1275 : int[] = prim::Constant[value=[0, 125]]()
  %939 : str = prim::Constant[value="constant"](), scope: __main__.MixedModel::/modelopt.torch.opt.dynamic.QuantConv2d::conv1/modelopt.torch.quantization.nn.modules.tensor_quantizer.TensorQuantizer::weight_quantizer # /usr/local/lib/python3.12/dist-packages/torch/nn/functional.py:5620:0
  %1295 : Double(device=cpu) = prim::Constant[value={0}](), scope: __main__.MixedModel::/modelopt.torch.opt.dynamic.QuantConv2d::conv1/modelopt.torch.quantization.nn.modules.tensor_quantizer.TensorQuantizer::weight_quantizer
  %941 : Float(32, 32, 3, 128, strides=[12288, 384, 128, 1], requires_grad=0, device=cuda:0) = aten::pad(%conv1.weight, %1275, %939, %1295), scope: __main__.MixedModel::/modelopt.torch.opt.dynamic.QuantConv2d::conv1/modelopt.torch.quantization.nn.modules.tensor_quantizer.TensorQuantizer::weight_quantizer # /usr/local/lib/python3.12/dist-packages/torch/nn/functional.py:5620:0
  %1276 : int[] = prim::Constant[value=[-1, 128]]()
  %inputs.3 : Float(3072, 128, strides=[128, 1], requires_grad=0, device=cuda:0) = aten::reshape(%941, %1276), scope: __main__.MixedModel::/modelopt.torch.opt.dynamic.QuantConv2d::conv1/modelopt.torch.quantization.nn.modules.tensor_quantizer.TensorQuantizer::weight_quantizer # /usr/local/lib/python3.12/dist-packages/modelopt/torch/quantization/nn/modules/tensor_quantizer.py:952:0
  %amax.1 : Float(3072, 1, strides=[1, 1], requires_grad=0, device=cuda:0) = aten::detach(%conv1.weight_quantizer._amax), scope: __main__.MixedModel::/modelopt.torch.opt.dynamic.QuantConv2d::conv1/modelopt.torch.quantization.nn.modules.tensor_quantizer.TensorQuantizer::weight_quantizer # /usr/local/lib/python3.12/dist-packages/modelopt/torch/quantization/nn/modules/tensor_quantizer.py:654:0
  %outputs.1 : Float(3072, 128, strides=[128, 1], requires_grad=0, device=cuda:0) = ^FakeTensorQuantFunction[inplace=0, module="modelopt.torch.quantization.tensor_quant"](None, 4, False, False, Float, True, 128, 0)(%inputs.3, %amax.1), scope: __main__.MixedModel::/modelopt.torch.opt.dynamic.QuantConv2d::conv1/modelopt.torch.quantization.nn.modules.tensor_quantizer.TensorQuantizer::weight_quantizer # /usr/local/lib/python3.12/dist-packages/torch/autograd/function.py:625:0
    block0(%inputs.41 : Float(3072, 128, strides=[128, 1], requires_grad=0, device=cuda:0), %amax.33 : Float(3072, 1, strides=[1, 1], requires_grad=0, device=cuda:0)):
      %1296 : Long(device=cpu) = prim::Constant[value={4}](), scope: __main__.MixedModel::/modelopt.torch.opt.dynamic.QuantConv2d::conv1/modelopt.torch.quantization.nn.modules.tensor_quantizer.TensorQuantizer::weight_quantizer
      %1297 : Long(device=cpu) = prim::Constant[value={0}](), scope: __main__.MixedModel::/modelopt.torch.opt.dynamic.QuantConv2d::conv1/modelopt.torch.quantization.nn.modules.tensor_quantizer.TensorQuantizer::weight_quantizer
      %1298 : Bool(device=cpu) = prim::Constant[value={0}](), scope: __main__.MixedModel::/modelopt.torch.opt.dynamic.QuantConv2d::conv1/modelopt.torch.quantization.nn.modules.tensor_quantizer.TensorQuantizer::weight_quantizer
      %1299 : Bool(device=cpu) = prim::Constant[value={0}](), scope: __main__.MixedModel::/modelopt.torch.opt.dynamic.QuantConv2d::conv1/modelopt.torch.quantization.nn.modules.tensor_quantizer.TensorQuantizer::weight_quantizer
      %1253 : Float(3072, 128, strides=[128, 1], requires_grad=0, device=cuda:0) = tensorrt::quantize_op(%inputs.41, %amax.33, %1296, %1297, %1298, %1299), scope: __main__.MixedModel::/modelopt.torch.opt.dynamic.QuantConv2d::conv1/modelopt.torch.quantization.nn.modules.tensor_quantizer.TensorQuantizer::weight_quantizer # /usr/local/lib/python3.12/dist-packages/torch/_ops.py:1275:0
      -> (%1253)
  %1277 : int[] = prim::Constant[value=[32, 32, 3, 128]]()
  %978 : Float(32, 32, 3, 128, strides=[12288, 384, 128, 1], requires_grad=0, device=cuda:0) = aten::reshape(%outputs.1, %1277), scope: __main__.MixedModel::/modelopt.torch.opt.dynamic.QuantConv2d::conv1/modelopt.torch.quantization.nn.modules.tensor_quantizer.TensorQuantizer::weight_quantizer # /usr/local/lib/python3.12/dist-packages/modelopt/torch/quantization/nn/modules/tensor_quantizer.py:956:0
  %1300 : Long(device=cpu) = prim::Constant[value={0}](), scope: __main__.MixedModel::/modelopt.torch.opt.dynamic.QuantConv2d::conv1/modelopt.torch.quantization.nn.modules.tensor_quantizer.TensorQuantizer::weight_quantizer
  %1301 : Long(device=cpu) = prim::Constant[value={9223372036854775807}](), scope: __main__.MixedModel::/modelopt.torch.opt.dynamic.QuantConv2d::conv1/modelopt.torch.quantization.nn.modules.tensor_quantizer.TensorQuantizer::weight_quantizer
  %1302 : Long(device=cpu) = prim::Constant[value={1}](), scope: __main__.MixedModel::/modelopt.torch.opt.dynamic.QuantConv2d::conv1/modelopt.torch.quantization.nn.modules.tensor_quantizer.TensorQuantizer::weight_quantizer
  %983 : Float(32, 32, 3, 128, strides=[12288, 384, 128, 1], requires_grad=0, device=cuda:0) = aten::slice(%978, %1300, %1300, %1301, %1302), scope: __main__.MixedModel::/modelopt.torch.opt.dynamic.QuantConv2d::conv1/modelopt.torch.quantization.nn.modules.tensor_quantizer.TensorQuantizer::weight_quantizer # /usr/local/lib/python3.12/dist-packages/modelopt/torch/quantization/nn/modules/tensor_quantizer.py:958:0
  %988 : Float(32, 32, 3, 128, strides=[12288, 384, 128, 1], requires_grad=0, device=cuda:0) = aten::slice(%983, %1302, %1300, %1301, %1302), scope: __main__.MixedModel::/modelopt.torch.opt.dynamic.QuantConv2d::conv1/modelopt.torch.quantization.nn.modules.tensor_quantizer.TensorQuantizer::weight_quantizer # /usr/local/lib/python3.12/dist-packages/modelopt/torch/quantization/nn/modules/tensor_quantizer.py:958:0
  %1303 : Long(device=cpu) = prim::Constant[value={2}](), scope: __main__.MixedModel::/modelopt.torch.opt.dynamic.QuantConv2d::conv1/modelopt.torch.quantization.nn.modules.tensor_quantizer.TensorQuantizer::weight_quantizer
  %993 : Float(32, 32, 3, 128, strides=[12288, 384, 128, 1], requires_grad=0, device=cuda:0) = aten::slice(%988, %1303, %1300, %1301, %1302), scope: __main__.MixedModel::/modelopt.torch.opt.dynamic.QuantConv2d::conv1/modelopt.torch.quantization.nn.modules.tensor_quantizer.TensorQuantizer::weight_quantizer # /usr/local/lib/python3.12/dist-packages/modelopt/torch/quantization/nn/modules/tensor_quantizer.py:958:0
  %1304 : Long(device=cpu) = prim::Constant[value={3}](), scope: __main__.MixedModel::/modelopt.torch.opt.dynamic.QuantConv2d::conv1/modelopt.torch.quantization.nn.modules.tensor_quantizer.TensorQuantizer::weight_quantizer
  %998 : Float(32, 32, 3, 3, strides=[12288, 384, 128, 1], requires_grad=0, device=cuda:0) = aten::slice(%993, %1304, %1300, %1304, %1302), scope: __main__.MixedModel::/modelopt.torch.opt.dynamic.QuantConv2d::conv1/modelopt.torch.quantization.nn.modules.tensor_quantizer.TensorQuantizer::weight_quantizer # /usr/local/lib/python3.12/dist-packages/modelopt/torch/quantization/nn/modules/tensor_quantizer.py:958:0
  %1278 : int[] = prim::Constant[value=[1, 1]]()
  %1305 : Bool(device=cpu) = prim::Constant[value={0}](), scope: __main__.MixedModel::/modelopt.torch.opt.dynamic.QuantConv2d::conv1
  %1281 : int[] = prim::Constant[value=[0, 0]]()
  %1306 : Bool(device=cpu) = prim::Constant[value={1}](), scope: __main__.MixedModel::/modelopt.torch.opt.dynamic.QuantConv2d::conv1
  %1017 : Float(8, 32, 16, 16, strides=[8192, 256, 16, 1], requires_grad=0, device=cuda:0) = aten::_convolution(%input.1, %998, %conv1.bias, %1278, %1278, %1278, %1305, %1281, %1302, %1305, %1305, %1306, %1306), scope: __main__.MixedModel::/modelopt.torch.opt.dynamic.QuantConv2d::conv1 # /usr/local/lib/python3.12/dist-packages/torch/nn/modules/conv.py:560:0
  %input.3 : Float(8, 32, 16, 16, strides=[8192, 256, 16, 1], requires_grad=0, device=cuda:0) = aten::relu(%1017), scope: __main__.MixedModel:: # /work/trt-samples-for-hackathon-cn-wili/cookbook/04-Feature/LowBitQuantization/main.py:70:0
  %1038 : Float(32, 32, 3, 128, strides=[12288, 384, 128, 1], requires_grad=0, device=cuda:0) = aten::pad(%conv2.weight, %1275, %939, %1295), scope: __main__.MixedModel::/modelopt.torch.opt.dynamic.QuantConv2d::conv2/modelopt.torch.quantization.nn.modules.tensor_quantizer.TensorQuantizer::weight_quantizer # /usr/local/lib/python3.12/dist-packages/torch/nn/functional.py:5620:0
  %inputs.7 : Float(3072, 128, strides=[128, 1], requires_grad=0, device=cuda:0) = aten::reshape(%1038, %1276), scope: __main__.MixedModel::/modelopt.torch.opt.dynamic.QuantConv2d::conv2/modelopt.torch.quantization.nn.modules.tensor_quantizer.TensorQuantizer::weight_quantizer # /usr/local/lib/python3.12/dist-packages/modelopt/torch/quantization/nn/modules/tensor_quantizer.py:952:0
  %amax.3 : Float(3072, 1, strides=[1, 1], requires_grad=0, device=cuda:0) = aten::detach(%conv2.weight_quantizer._amax), scope: __main__.MixedModel::/modelopt.torch.opt.dynamic.QuantConv2d::conv2/modelopt.torch.quantization.nn.modules.tensor_quantizer.TensorQuantizer::weight_quantizer # /usr/local/lib/python3.12/dist-packages/modelopt/torch/quantization/nn/modules/tensor_quantizer.py:654:0
  %outputs.3 : Float(3072, 128, strides=[128, 1], requires_grad=0, device=cuda:0) = ^FakeTensorQuantFunction[inplace=0, module="modelopt.torch.quantization.tensor_quant"](None, 4, False, False, Float, True, 128, 0)(%inputs.7, %amax.3), scope: __main__.MixedModel::/modelopt.torch.opt.dynamic.QuantConv2d::conv2/modelopt.torch.quantization.nn.modules.tensor_quantizer.TensorQuantizer::weight_quantizer # /usr/local/lib/python3.12/dist-packages/torch/autograd/function.py:625:0
    block0(%inputs.43 : Float(3072, 128, strides=[128, 1], requires_grad=0, device=cuda:0), %amax.35 : Float(3072, 1, strides=[1, 1], requires_grad=0, device=cuda:0)):
      %1307 : Long(device=cpu) = prim::Constant[value={4}](), scope: __main__.MixedModel::/modelopt.torch.opt.dynamic.QuantConv2d::conv2/modelopt.torch.quantization.nn.modules.tensor_quantizer.TensorQuantizer::weight_quantizer
      %1308 : Long(device=cpu) = prim::Constant[value={0}](), scope: __main__.MixedModel::/modelopt.torch.opt.dynamic.QuantConv2d::conv2/modelopt.torch.quantization.nn.modules.tensor_quantizer.TensorQuantizer::weight_quantizer
      %1309 : Bool(device=cpu) = prim::Constant[value={0}](), scope: __main__.MixedModel::/modelopt.torch.opt.dynamic.QuantConv2d::conv2/modelopt.torch.quantization.nn.modules.tensor_quantizer.TensorQuantizer::weight_quantizer
      %1310 : Bool(device=cpu) = prim::Constant[value={0}](), scope: __main__.MixedModel::/modelopt.torch.opt.dynamic.QuantConv2d::conv2/modelopt.torch.quantization.nn.modules.tensor_quantizer.TensorQuantizer::weight_quantizer
      %1260 : Float(3072, 128, strides=[128, 1], requires_grad=0, device=cuda:0) = tensorrt::quantize_op(%inputs.43, %amax.35, %1307, %1308, %1309, %1310), scope: __main__.MixedModel::/modelopt.torch.opt.dynamic.QuantConv2d::conv2/modelopt.torch.quantization.nn.modules.tensor_quantizer.TensorQuantizer::weight_quantizer # /usr/local/lib/python3.12/dist-packages/torch/_ops.py:1275:0
      -> (%1260)
  %1075 : Float(32, 32, 3, 128, strides=[12288, 384, 128, 1], requires_grad=0, device=cuda:0) = aten::reshape(%outputs.3, %1277), scope: __main__.MixedModel::/modelopt.torch.opt.dynamic.QuantConv2d::conv2/modelopt.torch.quantization.nn.modules.tensor_quantizer.TensorQuantizer::weight_quantizer # /usr/local/lib/python3.12/dist-packages/modelopt/torch/quantization/nn/modules/tensor_quantizer.py:956:0
  %1080 : Float(32, 32, 3, 128, strides=[12288, 384, 128, 1], requires_grad=0, device=cuda:0) = aten::slice(%1075, %1300, %1300, %1301, %1302), scope: __main__.MixedModel::/modelopt.torch.opt.dynamic.QuantConv2d::conv2/modelopt.torch.quantization.nn.modules.tensor_quantizer.TensorQuantizer::weight_quantizer # /usr/local/lib/python3.12/dist-packages/modelopt/torch/quantization/nn/modules/tensor_quantizer.py:958:0
  %1085 : Float(32, 32, 3, 128, strides=[12288, 384, 128, 1], requires_grad=0, device=cuda:0) = aten::slice(%1080, %1302, %1300, %1301, %1302), scope: __main__.MixedModel::/modelopt.torch.opt.dynamic.QuantConv2d::conv2/modelopt.torch.quantization.nn.modules.tensor_quantizer.TensorQuantizer::weight_quantizer # /usr/local/lib/python3.12/dist-packages/modelopt/torch/quantization/nn/modules/tensor_quantizer.py:958:0
  %1090 : Float(32, 32, 3, 128, strides=[12288, 384, 128, 1], requires_grad=0, device=cuda:0) = aten::slice(%1085, %1303, %1300, %1301, %1302), scope: __main__.MixedModel::/modelopt.torch.opt.dynamic.QuantConv2d::conv2/modelopt.torch.quantization.nn.modules.tensor_quantizer.TensorQuantizer::weight_quantizer # /usr/local/lib/python3.12/dist-packages/modelopt/torch/quantization/nn/modules/tensor_quantizer.py:958:0
  %1095 : Float(32, 32, 3, 3, strides=[12288, 384, 128, 1], requires_grad=0, device=cuda:0) = aten::slice(%1090, %1304, %1300, %1304, %1302), scope: __main__.MixedModel::/modelopt.torch.opt.dynamic.QuantConv2d::conv2/modelopt.torch.quantization.nn.modules.tensor_quantizer.TensorQuantizer::weight_quantizer # /usr/local/lib/python3.12/dist-packages/modelopt/torch/quantization/nn/modules/tensor_quantizer.py:958:0
  %1114 : Float(8, 32, 16, 16, strides=[8192, 256, 16, 1], requires_grad=0, device=cuda:0) = aten::_convolution(%input.3, %1095, %conv2.bias, %1278, %1278, %1278, %1305, %1281, %1302, %1305, %1305, %1306, %1306), scope: __main__.MixedModel::/modelopt.torch.opt.dynamic.QuantConv2d::conv2 # /usr/local/lib/python3.12/dist-packages/torch/nn/modules/conv.py:560:0
  %input.5 : Float(8, 32, 16, 16, strides=[8192, 256, 16, 1], requires_grad=0, device=cuda:0) = aten::relu(%1114), scope: __main__.MixedModel:: # /work/trt-samples-for-hackathon-cn-wili/cookbook/04-Feature/LowBitQuantization/main.py:71:0
  %1141 : Float(8, 32, 1, 1, strides=[32, 1, 1, 1], requires_grad=0, device=cuda:0) = aten::adaptive_avg_pool2d(%input.5, %1278), scope: __main__.MixedModel::/modelopt.torch.opt.dynamic.QuantAdaptiveAvgPool2d::pool # /usr/local/lib/python3.12/dist-packages/torch/nn/functional.py:1405:0
  %1311 : Long(device=cpu) = prim::Constant[value={-1}](), scope: __main__.MixedModel::
  %1149 : Float(8, 32, strides=[32, 1], requires_grad=0, device=cuda:0) = aten::flatten(%1141, %1302, %1311), scope: __main__.MixedModel:: # /work/trt-samples-for-hackathon-cn-wili/cookbook/04-Feature/LowBitQuantization/main.py:72:0
  %input.7 : Float(8, 32, strides=[32, 1], requires_grad=0, device=cuda:0) = aten::mul(%1149, %fc1.input_quantizer._pre_quant_scale), scope: __main__.MixedModel::/modelopt.torch.opt.dynamic.QuantLinear::fc1/modelopt.torch.quantization.nn.modules.tensor_quantizer.TensorQuantizer::input_quantizer # /usr/local/lib/python3.12/dist-packages/modelopt/torch/quantization/nn/modules/tensor_quantizer.py:1042:0
  %1290 : int[] = prim::Constant[value=[0, 96]]()
  %1164 : Float(256, 128, strides=[128, 1], requires_grad=0, device=cuda:0) = aten::pad(%fc1.weight, %1290, %939, %1295), scope: __main__.MixedModel::/modelopt.torch.opt.dynamic.QuantLinear::fc1/modelopt.torch.quantization.nn.modules.tensor_quantizer.TensorQuantizer::weight_quantizer # /usr/local/lib/python3.12/dist-packages/torch/nn/functional.py:5620:0
  %inputs.11 : Float(256, 128, strides=[128, 1], requires_grad=0, device=cuda:0) = aten::reshape(%1164, %1276), scope: __main__.MixedModel::/modelopt.torch.opt.dynamic.QuantLinear::fc1/modelopt.torch.quantization.nn.modules.tensor_quantizer.TensorQuantizer::weight_quantizer # /usr/local/lib/python3.12/dist-packages/modelopt/torch/quantization/nn/modules/tensor_quantizer.py:952:0
  %amax.5 : Float(256, 1, strides=[1, 1], requires_grad=0, device=cuda:0) = aten::detach(%fc1.weight_quantizer._amax), scope: __main__.MixedModel::/modelopt.torch.opt.dynamic.QuantLinear::fc1/modelopt.torch.quantization.nn.modules.tensor_quantizer.TensorQuantizer::weight_quantizer # /usr/local/lib/python3.12/dist-packages/modelopt/torch/quantization/nn/modules/tensor_quantizer.py:654:0
  %outputs.5 : Float(256, 128, strides=[128, 1], requires_grad=0, device=cuda:0) = ^FakeTensorQuantFunction[inplace=0, module="modelopt.torch.quantization.tensor_quant"](None, 4, False, False, Float, True, 128, 0)(%inputs.11, %amax.5), scope: __main__.MixedModel::/modelopt.torch.opt.dynamic.QuantLinear::fc1/modelopt.torch.quantization.nn.modules.tensor_quantizer.TensorQuantizer::weight_quantizer # /usr/local/lib/python3.12/dist-packages/torch/autograd/function.py:625:0
    block0(%inputs.45 : Float(256, 128, strides=[128, 1], requires_grad=0, device=cuda:0), %amax.37 : Float(256, 1, strides=[1, 1], requires_grad=0, device=cuda:0)):
      %1312 : Long(device=cpu) = prim::Constant[value={4}](), scope: __main__.MixedModel::/modelopt.torch.opt.dynamic.QuantLinear::fc1/modelopt.torch.quantization.nn.modules.tensor_quantizer.TensorQuantizer::weight_quantizer
      %1313 : Long(device=cpu) = prim::Constant[value={0}](), scope: __main__.MixedModel::/modelopt.torch.opt.dynamic.QuantLinear::fc1/modelopt.torch.quantization.nn.modules.tensor_quantizer.TensorQuantizer::weight_quantizer
      %1314 : Bool(device=cpu) = prim::Constant[value={0}](), scope: __main__.MixedModel::/modelopt.torch.opt.dynamic.QuantLinear::fc1/modelopt.torch.quantization.nn.modules.tensor_quantizer.TensorQuantizer::weight_quantizer
      %1315 : Bool(device=cpu) = prim::Constant[value={0}](), scope: __main__.MixedModel::/modelopt.torch.opt.dynamic.QuantLinear::fc1/modelopt.torch.quantization.nn.modules.tensor_quantizer.TensorQuantizer::weight_quantizer
      %1267 : Float(256, 128, strides=[128, 1], requires_grad=0, device=cuda:0) = tensorrt::quantize_op(%inputs.45, %amax.37, %1312, %1313, %1314, %1315), scope: __main__.MixedModel::/modelopt.torch.opt.dynamic.QuantLinear::fc1/modelopt.torch.quantization.nn.modules.tensor_quantizer.TensorQuantizer::weight_quantizer # /usr/local/lib/python3.12/dist-packages/torch/_ops.py:1275:0
      -> (%1267)
  %1292 : int[] = prim::Constant[value=[256, 128]]()
  %1189 : Float(256, 128, strides=[128, 1], requires_grad=0, device=cuda:0) = aten::reshape(%outputs.5, %1292), scope: __main__.MixedModel::/modelopt.torch.opt.dynamic.QuantLinear::fc1/modelopt.torch.quantization.nn.modules.tensor_quantizer.TensorQuantizer::weight_quantizer # /usr/local/lib/python3.12/dist-packages/modelopt/torch/quantization/nn/modules/tensor_quantizer.py:956:0
  %1194 : Float(256, 128, strides=[128, 1], requires_grad=0, device=cuda:0) = aten::slice(%1189, %1300, %1300, %1301, %1302), scope: __main__.MixedModel::/modelopt.torch.opt.dynamic.QuantLinear::fc1/modelopt.torch.quantization.nn.modules.tensor_quantizer.TensorQuantizer::weight_quantizer # /usr/local/lib/python3.12/dist-packages/modelopt/torch/quantization/nn/modules/tensor_quantizer.py:958:0
  %1316 : Long(device=cpu) = prim::Constant[value={32}](), scope: __main__.MixedModel::/modelopt.torch.opt.dynamic.QuantLinear::fc1/modelopt.torch.quantization.nn.modules.tensor_quantizer.TensorQuantizer::weight_quantizer
  %1199 : Float(256, 32, strides=[128, 1], requires_grad=0, device=cuda:0) = aten::slice(%1194, %1302, %1300, %1316, %1302), scope: __main__.MixedModel::/modelopt.torch.opt.dynamic.QuantLinear::fc1/modelopt.torch.quantization.nn.modules.tensor_quantizer.TensorQuantizer::weight_quantizer # /usr/local/lib/python3.12/dist-packages/modelopt/torch/quantization/nn/modules/tensor_quantizer.py:958:0
  %1200 : Float(8, 256, strides=[256, 1], requires_grad=0, device=cuda:0) = aten::linear(%input.7, %1199, %fc1.bias), scope: __main__.MixedModel::/modelopt.torch.opt.dynamic.QuantLinear::fc1 # /usr/local/lib/python3.12/dist-packages/torch/nn/modules/linear.py:134:0
  %1206 : Float(8, 256, strides=[256, 1], requires_grad=0, device=cuda:0) = aten::relu(%1200), scope: __main__.MixedModel:: # /work/trt-samples-for-hackathon-cn-wili/cookbook/04-Feature/LowBitQuantization/main.py:73:0
  %input : Float(8, 256, strides=[256, 1], requires_grad=0, device=cuda:0) = aten::mul(%1206, %fc2.input_quantizer._pre_quant_scale), scope: __main__.MixedModel::/modelopt.torch.opt.dynamic.QuantLinear::fc2/modelopt.torch.quantization.nn.modules.tensor_quantizer.TensorQuantizer::input_quantizer # /usr/local/lib/python3.12/dist-packages/modelopt/torch/quantization/nn/modules/tensor_quantizer.py:1042:0
  %inputs.39 : Float(512, 128, strides=[128, 1], requires_grad=1, device=cuda:0) = aten::reshape(%fc2.weight, %1276), scope: __main__.MixedModel::/modelopt.torch.opt.dynamic.QuantLinear::fc2/modelopt.torch.quantization.nn.modules.tensor_quantizer.TensorQuantizer::weight_quantizer # /usr/local/lib/python3.12/dist-packages/modelopt/torch/quantization/nn/modules/tensor_quantizer.py:952:0
  %amax.31 : Float(512, 1, strides=[1, 1], requires_grad=0, device=cuda:0) = aten::detach(%fc2.weight_quantizer._amax), scope: __main__.MixedModel::/modelopt.torch.opt.dynamic.QuantLinear::fc2/modelopt.torch.quantization.nn.modules.tensor_quantizer.TensorQuantizer::weight_quantizer # /usr/local/lib/python3.12/dist-packages/modelopt/torch/quantization/nn/modules/tensor_quantizer.py:654:0
  %outputs : Float(512, 128, strides=[128, 1], requires_grad=0, device=cuda:0) = ^FakeTensorQuantFunction[inplace=0, module="modelopt.torch.quantization.tensor_quant"](None, 4, False, False, Float, True, 128, 0)(%inputs.39, %amax.31), scope: __main__.MixedModel::/modelopt.torch.opt.dynamic.QuantLinear::fc2/modelopt.torch.quantization.nn.modules.tensor_quantizer.TensorQuantizer::weight_quantizer # /usr/local/lib/python3.12/dist-packages/torch/autograd/function.py:625:0
    block0(%inputs : Float(512, 128, strides=[128, 1], requires_grad=1, device=cuda:0), %amax : Float(512, 1, strides=[1, 1], requires_grad=0, device=cuda:0)):
      %1317 : Long(device=cpu) = prim::Constant[value={4}](), scope: __main__.MixedModel::/modelopt.torch.opt.dynamic.QuantLinear::fc2/modelopt.torch.quantization.nn.modules.tensor_quantizer.TensorQuantizer::weight_quantizer
      %1318 : Long(device=cpu) = prim::Constant[value={0}](), scope: __main__.MixedModel::/modelopt.torch.opt.dynamic.QuantLinear::fc2/modelopt.torch.quantization.nn.modules.tensor_quantizer.TensorQuantizer::weight_quantizer
      %1319 : Bool(device=cpu) = prim::Constant[value={0}](), scope: __main__.MixedModel::/modelopt.torch.opt.dynamic.QuantLinear::fc2/modelopt.torch.quantization.nn.modules.tensor_quantizer.TensorQuantizer::weight_quantizer
      %1320 : Bool(device=cpu) = prim::Constant[value={0}](), scope: __main__.MixedModel::/modelopt.torch.opt.dynamic.QuantLinear::fc2/modelopt.torch.quantization.nn.modules.tensor_quantizer.TensorQuantizer::weight_quantizer
      %1274 : Float(512, 128, strides=[128, 1], requires_grad=0, device=cuda:0) = tensorrt::quantize_op(%inputs, %amax, %1317, %1318, %1319, %1320), scope: __main__.MixedModel::/modelopt.torch.opt.dynamic.QuantLinear::fc2/modelopt.torch.quantization.nn.modules.tensor_quantizer.TensorQuantizer::weight_quantizer # /usr/local/lib/python3.12/dist-packages/torch/_ops.py:1275:0
      -> (%1274)
  %1294 : int[    INT4_AWQ            14             1.072e-02      6.74%
============================== End   [case_quantize_each_format]
============================== Start [case_two_routes_to_tensorrt,(),{}]
    format    ONNX export     Torch-TRT compile     TRT vs eager
    --------------------------------------------------------------
    FP8       FAILED          ok                       5.120e-03
        onnx: Expected node type 'onnx::Constant' for argument 'amax' of node 'symbolic', got 'prim::P
    INT8      FAILED          ok                       8.939e-04
        onnx: Expected node type 'onnx::Constant' for argument 'amax' of node 'symbolic', got 'prim::P
    NVFP4     FAILED          FAILED                           -
        onnx: Unsupported: ONNX export of convolution for kernel of unknown shape.  [Caused by the val
        trt : AssertionError: Weight shape is not divisible for block size for block quantization.
    MXFP8     FAILED          FAILED                           -
        onnx: Unsupported: ONNX export of convolution for kernel of unknown shape.  [Caused by the val
        trt : AttributeError: 'NoneType' object has no attribute 'shape'
    INT4_AWQ  FAILED          FAILED                           -
        onnx: Expected node type 'onnx::Constant' for argument 'amax' of node 'symbolic', got 'prim::P
        trt : ValueError: quantize converter currently only accept INT8 or FP8 based quantize, got num
============================== End   [case_two_routes_to_tensorrt]
============================== Start [case_conv_vs_linear,(),{}]
    FP8        reached TensorRT; engine vs eager module: 5.120e-03
    INT8       reached TensorRT; engine vs eager module: 8.939e-04
    NVFP4      did not reach TensorRT by either route
    MXFP8      did not reach TensorRT by either route
    INT4_AWQ   did not reach TensorRT by either route
    A format that quantizes cleanly in PyTorch has still not necessarily reached the
    engine. Check the engine against the EAGER quantized module, not against FP32:
    that isolates 'did TensorRT honour the Q/DQ' from 'is this format accurate'.
============================== End   [case_conv_vs_linear]
============================== Start [case_summary,(),{}]

    ========================================================================
    format           eager error      via ONNX via Torch-TRT
    ------------------------------------------------------------------------
    FP8                   4.29%        failed            ok
    INT8                  0.79%        failed            ok
    NVFP4                11.51%        failed        failed
    MXFP8                 4.37%        failed        failed
    INT4_AWQ              6.74%        failed        failed
    ========================================================================
    Same bit width, different error: INT8 0.79% vs FP8 4.29% (5.4x). Bit count alone does not decide accuracy.
    But on THIS model the 4-bit formats are genuinely worse (NVFP4 11.51%), i.e.
    block scaling does not rescue 4 bits here. A small model with narrow, well-behaved
    activation ranges is the case where fine-grained scaling has least to offer; the MX
    formats earn their keep on large models with heavy-tailed distributions.
============================== End   [case_summary]

Finish
] = prim::Constant[value=[256, 256]]()
  %1240 : Float(256, 256, strides=[256, 1], requires_grad=0, device=cuda:0) = aten::reshape(%outputs, %1294), scope: __main__.MixedModel::/modelopt.torch.opt.dynamic.QuantLinear::fc2/modelopt.torch.quantization.nn.modules.tensor_quantizer.TensorQuantizer::weight_quantizer # /usr/local/lib/python3.12/dist-packages/modelopt/torch/quantization/nn/modules/tensor_quantizer.py:956:0
  %1241 : Float(8, 256, strides=[256, 1], requires_grad=0, device=cuda:0) = aten::linear(%input, %1240, %fc2.bias), scope: __main__.MixedModel::/modelopt.torch.opt.dynamic.QuantLinear::fc2 # /usr/local/lib/python3.12/dist-packages/torch/nn/modules/linear.py:134:0
  return (%1241)
