&&&& RUNNING TensorRT.trtexec [TensorRT v110000] [b114] # trtexec --onnx=/work/trt-samples-for-hackathon-cn-wili/cookbook/00-Data/model/model-trained.onnx --saveEngine=model-trained.trt --timingCacheFile=model-trained.TimingCache --minShapes=x:1x1x28x28 --optShapes=x:4x1x28x28 --maxShapes=x:16x1x28x28 --noTF32 --memPoolSize=workspace:1024MiB --builderOptimizationLevel=5 --maxAuxStreams=4 --skipInference --verbose
[09/08/2026-10:19:16] [I] === Model Options ===
[09/08/2026-10:19:16] [I] Format: ONNX
[09/08/2026-10:19:16] [I] Model: /work/trt-samples-for-hackathon-cn-wili/cookbook/00-Data/model/model-trained.onnx
[09/08/2026-10:19:16] [I] Output:
[09/08/2026-10:19:16] [I] === Build Options ===
[09/08/2026-10:19:16] [I] Memory Pools: workspace: 0.000976562 MiB, dlaSRAM: default, dlaLocalDRAM: default, dlaGlobalDRAM: default, tacticSharedMem: default
[09/08/2026-10:19:16] [I] avgTiming: 8
[09/08/2026-10:19:16] [I] Precision: Strongly Typed
[09/08/2026-10:19:16] [I] Layer Device Types:
[09/08/2026-10:19:16] [I] Decomposable Attentions:
[09/08/2026-10:19:16] [I] Refit: Disabled
[09/08/2026-10:19:16] [I] Strip weights: Disabled
[09/08/2026-10:19:16] [I] Version Compatible: Disabled
[09/08/2026-10:19:16] [I] ONNX Plugin InstanceNorm: Disabled
[09/08/2026-10:19:16] [I] ONNX kENABLE_UINT8_AND_ASYMMETRIC_QUANTIZATION_DLA flag: Disabled
[09/08/2026-10:19:16] [I] ONNX kREPORT_CAPABILITY_DLA flag: Disabled
[09/08/2026-10:19:16] [I] ONNX kADJUST_FOR_DLA flag: Disabled
[09/08/2026-10:19:16] [I] ONNX kENABLE_PLUGIN_OVERRIDE flag: Disabled
[09/08/2026-10:19:16] [I] TensorRT runtime: full
[09/08/2026-10:19:16] [I] Lean DLL Path:
[09/08/2026-10:19:16] [I] Tempfile Controls: { in_memory: allow, temporary: allow }
[09/08/2026-10:19:16] [I] Exclude Lean Runtime: Disabled
[09/08/2026-10:19:16] [I] Sparsity: Disabled
[09/08/2026-10:19:16] [I] Safe mode: Disabled
[09/08/2026-10:19:16] [I] Build DLA standalone loadable: Disabled
[09/08/2026-10:19:16] [I] Allow GPU fallback for DLA: Disabled
[09/08/2026-10:19:16] [I] DirectIO mode: Disabled
[09/08/2026-10:19:16] [I] Skip inference: Enabled
[09/08/2026-10:19:16] [I] Save engine: model-trained.trt
[09/08/2026-10:19:16] [I] Load engine:
[09/08/2026-10:19:16] [I] Profiling verbosity: 0
[09/08/2026-10:19:16] [I] Tactic sources: Using default tactic sources
[09/08/2026-10:19:16] [I] timingCacheMode: global
[09/08/2026-10:19:16] [I] timingCacheFile: model-trained.TimingCache
[09/08/2026-10:19:16] [I] Enable Compilation Cache: Enabled
[09/08/2026-10:19:16] [I] Enable Monitor Memory: Disabled
[09/08/2026-10:19:16] [I] CPU Only Mode: Disabled
[09/08/2026-10:19:16] [I] errorOnTimingCacheMiss: Disabled
[09/08/2026-10:19:16] [I] Preview Features: Use default preview flags.
[09/08/2026-10:19:16] [I] MaxAuxStreams: 4
[09/08/2026-10:19:16] [I] BuilderOptimizationLevel: 5
[09/08/2026-10:19:16] [I] MaxTactics: -1
[09/08/2026-10:19:16] [I] Weight Streaming: Disabled
[09/08/2026-10:19:16] [I] Runtime Platform: Same As Build
[09/08/2026-10:19:16] [I] Debug Tensors:
[09/08/2026-10:19:16] [I] Distributive Independence: Disabled
[09/08/2026-10:19:16] [I] Mark Unfused Tensors As Debug Tensors: Disabled
[09/08/2026-10:19:16] [I] Input(s)s format: CHW
[09/08/2026-10:19:16] [I] Output(s)s format: CHW
[09/08/2026-10:19:16] [I] Input build shape (profile 0): x=1x1x28x28+4x1x28x28+16x1x28x28
[09/08/2026-10:19:16] [I] === System Options ===
[09/08/2026-10:19:16] [I] Device: 0
[09/08/2026-10:19:16] [I] DLACore:
[09/08/2026-10:19:16] [I] Loaded static plugins:
[09/08/2026-10:19:16] [I] setPluginsToSerialize:
[09/08/2026-10:19:16] [I] dynamicPlugins:
[09/08/2026-10:19:16] [I] ignoreParsedPluginLibs: 0
[09/08/2026-10:19:16] [I]
[09/08/2026-10:19:16] [I] === Inference Options ===
[09/08/2026-10:19:16] [I] Batch: Explicit
[09/08/2026-10:19:16] [I] Input inference shape : x=4x1x28x28
[09/08/2026-10:19:16] [I] Iterations: 10
[09/08/2026-10:19:16] [I] Duration: 3s (+ 200ms warm up)
[09/08/2026-10:19:16] [I] Sleep time: 0ms
[09/08/2026-10:19:16] [I] Idle time: 0ms
[09/08/2026-10:19:16] [I] Inference Streams: 1
[09/08/2026-10:19:16] [I] ExposeDMA: Disabled
[09/08/2026-10:19:16] [I] Data transfers: Disabled
[09/08/2026-10:19:16] [I] Spin-wait: Enabled
[09/08/2026-10:19:16] [I] Multithreading: Disabled
[09/08/2026-10:19:16] [I] CUDA Graph: Enabled
[09/08/2026-10:19:16] [I] Time Deserialize: Disabled
[09/08/2026-10:19:16] [I] Time Refit: Disabled
[09/08/2026-10:19:16] [I] NVTX verbosity: 0
[09/08/2026-10:19:16] [I] Persistent Cache Ratio: 0
[09/08/2026-10:19:16] [I] Optimization Profile Index: 0
[09/08/2026-10:19:16] [I] Weight Streaming Budget: 100.000000%
[09/08/2026-10:19:16] [I] Inputs:
[09/08/2026-10:19:16] [I] Debug Tensor Save Destinations:
[09/08/2026-10:19:16] [I] Dump All Debug Tensor in Formats:
[09/08/2026-10:19:16] [I] === Reporting Options ===
[09/08/2026-10:19:16] [I] Verbose: Enabled
[09/08/2026-10:19:16] [I] Averages: 10 inferences
[09/08/2026-10:19:16] [I] Percentiles: 90,95,99
[09/08/2026-10:19:16] [I] Dump refittable layers:Disabled
[09/08/2026-10:19:16] [I] Dump output: Disabled
[09/08/2026-10:19:16] [I] Profile: Disabled
[09/08/2026-10:19:16] [I] Export timing to JSON file:
[09/08/2026-10:19:16] [I] Export output to JSON file:
[09/08/2026-10:19:16] [I] Export profile to JSON file:
[09/08/2026-10:19:16] [I]
[09/08/2026-10:19:16] [I] === Device Information ===
[09/08/2026-10:19:17] [I] Available Devices:
[09/08/2026-10:19:17] [I]   Device 0: "NVIDIA B200" UUID: GPU-5de52435-1295-4817-2a4e-60d7896052ea
[09/08/2026-10:19:17] [I]   Device 1: "NVIDIA B200" UUID: GPU-93d15173-b29e-5b03-4ee8-20a903e941a2
[09/08/2026-10:19:17] [I]   Device 2: "NVIDIA B200" UUID: GPU-38b75c54-9290-e02b-badb-a7a6fa02f661
[09/08/2026-10:19:17] [I]   Device 3: "NVIDIA B200" UUID: GPU-1d007d22-c114-af38-68c4-bfa325b27f35
[09/08/2026-10:19:17] [I] Selected Device: NVIDIA B200
[09/08/2026-10:19:17] [I] Selected Device ID: 0
[09/08/2026-10:19:17] [I] Selected Device UUID: GPU-5de52435-1295-4817-2a4e-60d7896052ea
[09/08/2026-10:19:17] [I] Compute Capability: 10.0
[09/08/2026-10:19:17] [I] SMs: 148
[09/08/2026-10:19:17] [I] Device Global Memory: 182619 MiB
[09/08/2026-10:19:17] [I] Shared Memory per SM: 228 KiB
[09/08/2026-10:19:17] [I] Memory Bus Width: 7680 bits (ECC enabled)
[09/08/2026-10:19:17] [I] Application Compute Clock Rate: 1.965 GHz
[09/08/2026-10:19:17] [I] Application Memory Clock Rate: 3.996 GHz
[09/08/2026-10:19:17] [I]
[09/08/2026-10:19:17] [I] Note: The application clock rates do not reflect the actual clock rates that the GPU is currently running at.
[09/08/2026-10:19:17] [I]
[09/08/2026-10:19:17] [I] TensorRT version: 11.0.0
[09/08/2026-10:19:17] [I] Loading standard plugins
[09/08/2026-10:19:17] [V] [TRT] Registered plugin creator - ::ROIAlign_TRT version 2
[09/08/2026-10:19:17] [V] [TRT] Registered plugin creator - ::CropAndResizeDynamic version 2
[09/08/2026-10:19:17] [V] [TRT] Registered plugin creator - ::InstanceNormalization_TRT version 3
[09/08/2026-10:19:17] [V] [TRT] Registered plugin creator - ::ScatterElements version 2
[09/08/2026-10:19:17] [V] [TRT] Registered plugin creator - ::MultiscaleDeformableAttnPlugin_TRT version 2
[09/08/2026-10:19:17] [V] [TRT] Registered plugin creator - ::ModulatedDeformConv2d version 2
[09/08/2026-10:19:17] [V] [TRT] Registered plugin creator - ::DecodeBbox3DPlugin version 1
[09/08/2026-10:19:17] [V] [TRT] Registered plugin creator - ::DetectionLayer_TRT version 1
[09/08/2026-10:19:17] [V] [TRT] Registered plugin creator - ::EfficientNMS_Explicit_TF_TRT version 1
[09/08/2026-10:19:17] [V] [TRT] Registered plugin creator - ::EfficientNMS_Implicit_TF_TRT version 1
[09/08/2026-10:19:17] [V] [TRT] Registered plugin creator - ::EfficientNMS_TRT version 1
[09/08/2026-10:19:17] [V] [TRT] Registered plugin creator - ::FlattenConcat_TRT version 1
[09/08/2026-10:19:17] [V] [TRT] Registered plugin creator - ::GenerateDetection_TRT version 1
[09/08/2026-10:19:17] [V] [TRT] Registered plugin creator - ::GridAnchor_TRT version 1
[09/08/2026-10:19:17] [V] [TRT] Registered plugin creator - ::GridAnchorRect_TRT version 1
[09/08/2026-10:19:17] [V] [TRT] Registered plugin creator - ::InstanceNormalization_TRT version 1
[09/08/2026-10:19:17] [V] [TRT] Registered plugin creator - ::InstanceNormalization_TRT version 2
[09/08/2026-10:19:17] [V] [TRT] Registered plugin creator - ::ModulatedDeformConv2d version 1
[09/08/2026-10:19:17] [V] [TRT] Registered plugin creator - ::MultilevelCropAndResize_TRT version 1
[09/08/2026-10:19:17] [V] [TRT] Registered plugin creator - ::MultilevelProposeROI_TRT version 1
[09/08/2026-10:19:17] [V] [TRT] Registered plugin creator - ::MultiscaleDeformableAttnPlugin_TRT version 1
[09/08/2026-10:19:17] [V] [TRT] Registered plugin creator - ::PillarScatterPlugin version 1
[09/08/2026-10:19:17] [V] [TRT] Registered plugin creator - ::PriorBox_TRT version 1
[09/08/2026-10:19:17] [V] [TRT] Registered plugin creator - ::ProposalLayer_TRT version 1
[09/08/2026-10:19:17] [V] [TRT] Registered plugin creator - ::PyramidROIAlign_TRT version 1
[09/08/2026-10:19:17] [V] [TRT] Registered plugin creator - ::Region_TRT version 1
[09/08/2026-10:19:17] [V] [TRT] Registered plugin creator - ::Reorg_TRT version 2
[09/08/2026-10:19:17] [V] [TRT] Registered plugin creator - ::Reorg_TRT version 1
[09/08/2026-10:19:17] [V] [TRT] Registered plugin creator - ::ResizeNearest_TRT version 1
[09/08/2026-10:19:17] [V] [TRT] Registered plugin creator - ::ROIAlign_TRT version 1
[09/08/2026-10:19:17] [V] [TRT] Registered plugin creator - ::RPROI_TRT version 1
[09/08/2026-10:19:17] [V] [TRT] Registered plugin creator - ::ScatterElements version 1
[09/08/2026-10:19:17] [V] [TRT] Registered plugin creator - ::ScatterND version 1
[09/08/2026-10:19:17] [V] [TRT] Registered plugin creator - ::TopkLastDim version 1
[09/08/2026-10:19:17] [V] [TRT] Registered plugin creator - ::VoxelGeneratorPlugin version 1
[09/08/2026-10:19:17] [I] [TRT] [MemUsageChange] Init CUDA: CPU +0, GPU +0, now: CPU 59, GPU 627 (MiB)
[09/08/2026-10:19:18] [V] [TRT] Trying to load shared library libnvinfer_builder_resource_sm100.so.11.0.0
[09/08/2026-10:19:18] [V] [TRT] Loaded shared library libnvinfer_builder_resource_sm100.so.11.0.0
[09/08/2026-10:19:18] [V] [TRT] CUDA lazy loading is enabled.
[09/08/2026-10:19:18] [I] Start parsing network model.
[09/08/2026-10:19:18] [I] [TRT] ----------------------------------------------------------------
[09/08/2026-10:19:18] [I] [TRT] Input filename:   /work/trt-samples-for-hackathon-cn-wili/cookbook/00-Data/model/model-trained.onnx
[09/08/2026-10:19:18] [I] [TRT] ONNX IR version:  0.0.10
[09/08/2026-10:19:18] [I] [TRT] Opset version:    18
[09/08/2026-10:19:18] [I] [TRT] Producer name:    pytorch
[09/08/2026-10:19:18] [I] [TRT] Producer version: 2.11.0a0+a6c236b9fd.nv26.03.46836102
[09/08/2026-10:19:18] [I] [TRT] Domain:
[09/08/2026-10:19:18] [I] [TRT] Model version:    0
[09/08/2026-10:19:18] [I] [TRT] Doc string:
[09/08/2026-10:19:18] [I] [TRT] ----------------------------------------------------------------
[09/08/2026-10:19:18] [V] [TRT] Adding network input: x with dtype: float32, dimensions: (-1, 1, 28, 28)
[09/08/2026-10:19:18] [V] [TRT] Registering tensor: x for ONNX tensor: x
[09/08/2026-10:19:18] [V] [TRT] Importing initializer: conv1.weight
[09/08/2026-10:19:18] [V] [TRT] Importing initializer: conv1.bias
[09/08/2026-10:19:18] [V] [TRT] Importing initializer: conv2.weight
[09/08/2026-10:19:18] [V] [TRT] Importing initializer: conv2.bias
[09/08/2026-10:19:18] [V] [TRT] Importing initializer: gemm1.weight
[09/08/2026-10:19:18] [V] [TRT] Importing initializer: gemm1.bias
[09/08/2026-10:19:18] [V] [TRT] Importing initializer: gemm2.weight
[09/08/2026-10:19:18] [V] [TRT] Importing initializer: gemm2.bias
[09/08/2026-10:19:18] [V] [TRT] Importing initializer: val_5
[09/08/2026-10:19:18] [V] [TRT] Static check for parsing node: node_conv2d [Conv]
[09/08/2026-10:19:18] [V] [TRT] Parsing node: node_conv2d [Conv]
[09/08/2026-10:19:18] [V] [TRT] Searching for input: x
[09/08/2026-10:19:18] [V] [TRT] Searching for input: conv1.weight
[09/08/2026-10:19:18] [V] [TRT] Searching for input: conv1.bias
[09/08/2026-10:19:18] [V] [TRT] node_conv2d [Conv] inputs: [x -> (-1, 1, 28, 28)[FLOAT]], [conv1.weight -> (32, 1, 5, 5)[FLOAT]], [conv1.bias -> (32)[FLOAT]],
[09/08/2026-10:19:18] [V] [TRT] Convolution input dimensions: (-1, 1, 28, 28)
[09/08/2026-10:19:18] [V] [TRT] Registering layer: node_conv2d for ONNX node: node_conv2d
[09/08/2026-10:19:18] [V] [TRT] Using kernel: (5, 5), strides: (1, 1), prepadding: (2, 2), postpadding: (2, 2), dilations: (1, 1), numOutputs: 32, nbGroups: 1
[09/08/2026-10:19:18] [V] [TRT] Convolution output dimensions: (-1, 32, 28, 28)
[09/08/2026-10:19:18] [V] [TRT] Registering tensor: conv2d for ONNX tensor: conv2d
[09/08/2026-10:19:18] [V] [TRT] node_conv2d [Conv] outputs: [conv2d -> (-1, 32, 28, 28)[FLOAT]],
[09/08/2026-10:19:18] [V] [TRT] Static check for parsing node: node_relu [Relu]
[09/08/2026-10:19:18] [V] [TRT] Parsing node: node_relu [Relu]
[09/08/2026-10:19:18] [V] [TRT] Searching for input: conv2d
[09/08/2026-10:19:18] [V] [TRT] node_relu [Relu] inputs: [conv2d -> (-1, 32, 28, 28)[FLOAT]],
[09/08/2026-10:19:18] [V] [TRT] Registering layer: node_relu for ONNX node: node_relu
[09/08/2026-10:19:18] [V] [TRT] Registering tensor: relu for ONNX tensor: relu
[09/08/2026-10:19:18] [V] [TRT] node_relu [Relu] outputs: [relu -> (-1, 32, 28, 28)[FLOAT]],
[09/08/2026-10:19:18] [V] [TRT] Static check for parsing node: node_max_pool2d [MaxPool]
[09/08/2026-10:19:18] [V] [TRT] Parsing node: node_max_pool2d [MaxPool]
[09/08/2026-10:19:18] [V] [TRT] Searching for input: relu
[09/08/2026-10:19:18] [V] [TRT] node_max_pool2d [MaxPool] inputs: [relu -> (-1, 32, 28, 28)[FLOAT]],
[09/08/2026-10:19:18] [V] [TRT] Registering layer: node_max_pool2d for ONNX node: node_max_pool2d
[09/08/2026-10:19:18] [V] [TRT] Registering tensor: max_pool2d for ONNX tensor: max_pool2d
[09/08/2026-10:19:18] [V] [TRT] node_max_pool2d [MaxPool] outputs: [max_pool2d -> (-1, 32, 14, 14)[FLOAT]],
[09/08/2026-10:19:18] [V] [TRT] Static check for parsing node: node_conv2d_1 [Conv]
[09/08/2026-10:19:18] [V] [TRT] Parsing node: node_conv2d_1 [Conv]
[09/08/2026-10:19:18] [V] [TRT] Searching for input: max_pool2d
[09/08/2026-10:19:18] [V] [TRT] Searching for input: conv2.weight
[09/08/2026-10:19:18] [V] [TRT] Searching for input: conv2.bias
[09/08/2026-10:19:18] [V] [TRT] node_conv2d_1 [Conv] inputs: [max_pool2d -> (-1, 32, 14, 14)[FLOAT]], [conv2.weight -> (64, 32, 5, 5)[FLOAT]], [conv2.bias -> (64)[FLOAT]],
[09/08/2026-10:19:18] [V] [TRT] Convolution input dimensions: (-1, 32, 14, 14)
[09/08/2026-10:19:18] [V] [TRT] Registering layer: node_conv2d_1 for ONNX node: node_conv2d_1
[09/08/2026-10:19:18] [V] [TRT] Using kernel: (5, 5), strides: (1, 1), prepadding: (2, 2), postpadding: (2, 2), dilations: (1, 1), numOutputs: 64, nbGroups: 1
[09/08/2026-10:19:18] [V] [TRT] Convolution output dimensions: (-1, 64, 14, 14)
[09/08/2026-10:19:18] [V] [TRT] Registering tensor: conv2d_1 for ONNX tensor: conv2d_1
[09/08/2026-10:19:18] [V] [TRT] node_conv2d_1 [Conv] outputs: [conv2d_1 -> (-1, 64, 14, 14)[FLOAT]],
[09/08/2026-10:19:18] [V] [TRT] Static check for parsing node: node_relu_1 [Relu]
[09/08/2026-10:19:18] [V] [TRT] Parsing node: node_relu_1 [Relu]
[09/08/2026-10:19:18] [V] [TRT] Searching for input: conv2d_1
[09/08/2026-10:19:18] [V] [TRT] node_relu_1 [Relu] inputs: [conv2d_1 -> (-1, 64, 14, 14)[FLOAT]],
[09/08/2026-10:19:18] [V] [TRT] Registering layer: node_relu_1 for ONNX node: node_relu_1
[09/08/2026-10:19:18] [V] [TRT] Registering tensor: relu_1 for ONNX tensor: relu_1
[09/08/2026-10:19:18] [V] [TRT] node_relu_1 [Relu] outputs: [relu_1 -> (-1, 64, 14, 14)[FLOAT]],
[09/08/2026-10:19:18] [V] [TRT] Static check for parsing node: node_max_pool2d_1 [MaxPool]
[09/08/2026-10:19:18] [V] [TRT] Parsing node: node_max_pool2d_1 [MaxPool]
[09/08/2026-10:19:18] [V] [TRT] Searching for input: relu_1
[09/08/2026-10:19:18] [V] [TRT] node_max_pool2d_1 [MaxPool] inputs: [relu_1 -> (-1, 64, 14, 14)[FLOAT]],
[09/08/2026-10:19:18] [V] [TRT] Registering layer: node_max_pool2d_1 for ONNX node: node_max_pool2d_1
[09/08/2026-10:19:18] [V] [TRT] Registering tensor: max_pool2d_1 for ONNX tensor: max_pool2d_1
[09/08/2026-10:19:18] [V] [TRT] node_max_pool2d_1 [MaxPool] outputs: [max_pool2d_1 -> (-1, 64, 7, 7)[FLOAT]],
[09/08/2026-10:19:18] [V] [TRT] Static check for parsing node: node_view [Reshape]
[09/08/2026-10:19:18] [V] [TRT] Parsing node: node_view [Reshape]
[09/08/2026-10:19:18] [V] [TRT] Searching for input: max_pool2d_1
[09/08/2026-10:19:18] [V] [TRT] Searching for input: val_5
[09/08/2026-10:19:18] [V] [TRT] node_view [Reshape] inputs: [max_pool2d_1 -> (-1, 64, 7, 7)[FLOAT]], [val_5 -> (2)[INT64]],
[09/08/2026-10:19:18] [V] [TRT] Registering layer: ONNXTRT_ShapeShuffle required by ONNX-TRT
[09/08/2026-10:19:18] [V] [TRT] Registering layer: node_view for ONNX node: node_view
[09/08/2026-10:19:18] [V] [TRT] Registering tensor: view for ONNX tensor: view
[09/08/2026-10:19:18] [V] [TRT] node_view [Reshape] outputs: [view -> (-1, 3136)[FLOAT]],
[09/08/2026-10:19:18] [V] [TRT] Static check for parsing node: node_linear [Gemm]
[09/08/2026-10:19:18] [V] [TRT] Parsing node: node_linear [Gemm]
[09/08/2026-10:19:18] [V] [TRT] Searching for input: view
[09/08/2026-10:19:18] [V] [TRT] Searching for input: gemm1.weight
[09/08/2026-10:19:18] [V] [TRT] Searching for input: gemm1.bias
[09/08/2026-10:19:18] [V] [TRT] node_linear [Gemm] inputs: [view -> (-1, 3136)[FLOAT]], [gemm1.weight -> (1024, 3136)[FLOAT]], [gemm1.bias -> (1024)[FLOAT]],
[09/08/2026-10:19:18] [V] [TRT] Registering layer: gemm1.weight required by ONNX-TRT
[09/08/2026-10:19:18] [V] [TRT] Using opA: 0 opB: 1
[09/08/2026-10:19:18] [V] [TRT] Registering layer: node_linear for ONNX node: node_linear
[09/08/2026-10:19:18] [V] [TRT] Registering layer: gemm1.bias required by ONNX-TRT
[09/08/2026-10:19:18] [V] [TRT] Registering layer: ONNXTRT_ShapeShuffle_0 required by ONNX-TRT
[09/08/2026-10:19:18] [V] [TRT] Registering layer: ONNXTRT_Broadcast required by ONNX-TRT
[09/08/2026-10:19:18] [V] [TRT] Registering layer: node_linear_1 for ONNX node: node_linear
[09/08/2026-10:19:18] [V] [TRT] Registering tensor: linear for ONNX tensor: linear
[09/08/2026-10:19:18] [V] [TRT] node_linear [Gemm] outputs: [linear -> (-1, 1024)[FLOAT]],
[09/08/2026-10:19:18] [V] [TRT] Static check for parsing node: node_relu_2 [Relu]
[09/08/2026-10:19:18] [V] [TRT] Parsing node: node_relu_2 [Relu]
[09/08/2026-10:19:18] [V] [TRT] Searching for input: linear
[09/08/2026-10:19:18] [V] [TRT] node_relu_2 [Relu] inputs: [linear -> (-1, 1024)[FLOAT]],
[09/08/2026-10:19:18] [V] [TRT] Registering layer: node_relu_2 for ONNX node: node_relu_2
[09/08/2026-10:19:18] [V] [TRT] Registering tensor: relu_2 for ONNX tensor: relu_2
[09/08/2026-10:19:18] [V] [TRT] node_relu_2 [Relu] outputs: [relu_2 -> (-1, 1024)[FLOAT]],
[09/08/2026-10:19:18] [V] [TRT] Static check for parsing node: node_linear_1 [Gemm]
[09/08/2026-10:19:18] [V] [TRT] Parsing node: node_linear_1 [Gemm]
[09/08/2026-10:19:18] [V] [TRT] Searching for input: relu_2
[09/08/2026-10:19:18] [V] [TRT] Searching for input: gemm2.weight
[09/08/2026-10:19:18] [V] [TRT] Searching for input: gemm2.bias
[09/08/2026-10:19:18] [V] [TRT] node_linear_1 [Gemm] inputs: [relu_2 -> (-1, 1024)[FLOAT]], [gemm2.weight -> (10, 1024)[FLOAT]], [gemm2.bias -> (10)[FLOAT]],
[09/08/2026-10:19:18] [V] [TRT] Registering layer: gemm2.weight required by ONNX-TRT
[09/08/2026-10:19:18] [V] [TRT] Using opA: 0 opB: 1
[09/08/2026-10:19:18] [V] [TRT] Registering layer: node_linear_1_2 for ONNX node: node_linear_1
[09/08/2026-10:19:18] [V] [TRT] Registering layer: gemm2.bias required by ONNX-TRT
[09/08/2026-10:19:18] [V] [TRT] Registering layer: ONNXTRT_ShapeShuffle_3 required by ONNX-TRT
[09/08/2026-10:19:18] [V] [TRT] Registering layer: ONNXTRT_Broadcast_4 required by ONNX-TRT
[09/08/2026-10:19:18] [V] [TRT] Registering layer: node_linear_1_5 for ONNX node: node_linear_1
[09/08/2026-10:19:18] [V] [TRT] Registering tensor: y_6 for ONNX tensor: y
[09/08/2026-10:19:18] [V] [TRT] node_linear_1 [Gemm] outputs: [y -> (-1, 10)[FLOAT]],
[09/08/2026-10:19:18] [V] [TRT] Static check for parsing node: node_softmax [Softmax]
[09/08/2026-10:19:18] [V] [TRT] Parsing node: node_softmax [Softmax]
[09/08/2026-10:19:18] [V] [TRT] Searching for input: y
[09/08/2026-10:19:18] [V] [TRT] node_softmax [Softmax] inputs: [y -> (-1, 10)[FLOAT]],
[09/08/2026-10:19:18] [V] [TRT] Registering layer: node_softmax for ONNX node: node_softmax
[09/08/2026-10:19:18] [V] [TRT] Registering layer: ONNXTRT_ShapeTensor required by ONNX-TRT
[09/08/2026-10:19:18] [V] [TRT] Registering layer: ONNXTRT_castHelper required by ONNX-TRT
[09/08/2026-10:19:18] [V] [TRT] Registering layer: ONNXTRT_ShapeShuffle_7 required by ONNX-TRT
[09/08/2026-10:19:18] [V] [TRT] Registering tensor: softmax for ONNX tensor: softmax
[09/08/2026-10:19:18] [V] [TRT] node_softmax [Softmax] outputs: [softmax -> (-1, 10)[FLOAT]],
[09/08/2026-10:19:18] [V] [TRT] Static check for parsing node: node_argmax [ArgMax]
[09/08/2026-10:19:18] [V] [TRT] Parsing node: node_argmax [ArgMax]
[09/08/2026-10:19:18] [V] [TRT] Searching for input: softmax
[09/08/2026-10:19:18] [V] [TRT] node_argmax [ArgMax] inputs: [softmax -> (-1, 10)[FLOAT]],
[09/08/2026-10:19:18] [V] [TRT] Registering layer: node_argmax for ONNX node: node_argmax
[09/08/2026-10:19:18] [V] [TRT] Registering layer: ONNXTRT_castHelper_8 required by ONNX-TRT
[09/08/2026-10:19:18] [V] [TRT] Original shape: (_, 1), squeezing to: (_,)
[09/08/2026-10:19:18] [V] [TRT] Registering layer: ONNXTRT_squeezeTensor required by ONNX-TRT
[09/08/2026-10:19:18] [V] [TRT] Registering layer: ONNXTRT_castHelper_9 required by ONNX-TRT
[09/08/2026-10:19:18] [V] [TRT] Registering tensor: z_10 for ONNX tensor: z
[09/08/2026-10:19:18] [V] [TRT] node_argmax [ArgMax] outputs: [z -> (-1)[INT64]],
[09/08/2026-10:19:18] [V] [TRT] Marking y_6 as output: y
[09/08/2026-10:19:18] [V] [TRT] Marking z_10 as output: z
[09/08/2026-10:19:18] [W] [TRT] ModelImporter.cpp:1047: Make sure output z has Int64 binding.
[09/08/2026-10:19:18] [I] Finished parsing network model. Parse time: 0.0168115
[09/08/2026-10:19:18] [I] Set shape of input tensor x for optimization profile 0 to: MIN=1x1x28x28 OPT=4x1x28x28 MAX=16x1x28x28
[09/08/2026-10:19:18] [V] [TRT] Trying to set exclusive file lock model-trained.TimingCache.lock

[09/08/2026-10:19:18] [W] [TRT] Could not read cache from: model-trained.TimingCache. A new cache will be generated and written.
[09/08/2026-10:19:18] [V] [TRT] Compiler backend convergence mode enabled
[09/08/2026-10:19:18] [I] [TRT] [MemUsageChange] Init builder kernel library: CPU +320, GPU +8, now: CPU 658, GPU 635 (MiB)
[09/08/2026-10:19:18] [V] [TRT] Original: 24 layers
[09/08/2026-10:19:18] [V] [TRT] After dead-layer removal: 24 layers
[09/08/2026-10:19:18] [V] [TRT] SYMBOLIC CHECKS
[09/08/2026-10:19:18] [V] [TRT] GRAPH NODES
[09/08/2026-10:19:18] [V] [TRT] CONSTANT gemm1.weight
[09/08/2026-10:19:18] [V] [TRT]     Output 0
[09/08/2026-10:19:18] [V] [TRT]         1024	1024
[09/08/2026-10:19:18] [V] [TRT]         3136	3136
[09/08/2026-10:19:18] [V] [TRT] CONSTANT gemm1.bias
[09/08/2026-10:19:18] [V] [TRT]     Output 0
[09/08/2026-10:19:18] [V] [TRT]         1024	1024
[09/08/2026-10:19:18] [V] [TRT] CONSTANT gemm2.weight
[09/08/2026-10:19:18] [V] [TRT]     Output 0
[09/08/2026-10:19:18] [V] [TRT]         10	10
[09/08/2026-10:19:18] [V] [TRT]         1024	1024
[09/08/2026-10:19:18] [V] [TRT] CONSTANT gemm2.bias
[09/08/2026-10:19:18] [V] [TRT]     Output 0
[09/08/2026-10:19:18] [V] [TRT]         10	10
[09/08/2026-10:19:18] [V] [TRT] CONVOLUTION node_conv2d
[09/08/2026-10:19:18] [V] [TRT]     Input 0
[09/08/2026-10:19:18] [V] [TRT]         [1,16]	nBS
[09/08/2026-10:19:18] [V] [TRT]         1	1
[09/08/2026-10:19:18] [V] [TRT]         28	28
[09/08/2026-10:19:18] [V] [TRT]         28	28
[09/08/2026-10:19:18] [V] [TRT]     Output 0
[09/08/2026-10:19:18] [V] [TRT]         [1,16]	nBS
[09/08/2026-10:19:18] [V] [TRT]         32	32
[09/08/2026-10:19:18] [V] [TRT]         28	28
[09/08/2026-10:19:18] [V] [TRT]         28	28
[09/08/2026-10:19:18] [V] [TRT] SHUFFLE ONNXTRT_Broadcast
[09/08/2026-10:19:18] [V] [TRT]     Input 0
[09/08/2026-10:19:18] [V] [TRT]         1024	1024
[09/08/2026-10:19:18] [V] [TRT]     Output 0
[09/08/2026-10:19:18] [V] [TRT]         1	1
[09/08/2026-10:19:18] [V] [TRT]         1024	1024
[09/08/2026-10:19:18] [V] [TRT] SHUFFLE ONNXTRT_Broadcast_4
[09/08/2026-10:19:18] [V] [TRT]     Input 0
[09/08/2026-10:19:18] [V] [TRT]         10	10
[09/08/2026-10:19:18] [V] [TRT]     Output 0
[09/08/2026-10:19:18] [V] [TRT]         1	1
[09/08/2026-10:19:18] [V] [TRT]         10	10
[09/08/2026-10:19:18] [V] [TRT] ACTIVATION node_relu
[09/08/2026-10:19:18] [V] [TRT]     Input 0
[09/08/2026-10:19:18] [V] [TRT]         [1,16]	nBS
[09/08/2026-10:19:18] [V] [TRT]         32	32
[09/08/2026-10:19:18] [V] [TRT]         28	28
[09/08/2026-10:19:18] [V] [TRT]         28	28
[09/08/2026-10:19:18] [V] [TRT]     Output 0
[09/08/2026-10:19:18] [V] [TRT]         [1,16]	nBS
[09/08/2026-10:19:18] [V] [TRT]         32	32
[09/08/2026-10:19:18] [V] [TRT]         28	28
[09/08/2026-10:19:18] [V] [TRT]         28	28
[09/08/2026-10:19:18] [V] [TRT] POOLING node_max_pool2d
[09/08/2026-10:19:18] [V] [TRT]     Input 0
[09/08/2026-10:19:18] [V] [TRT]         [1,16]	nBS
[09/08/2026-10:19:18] [V] [TRT]         32	32
[09/08/2026-10:19:18] [V] [TRT]         28	28
[09/08/2026-10:19:18] [V] [TRT]         28	28
[09/08/2026-10:19:18] [V] [TRT]     Output 0
[09/08/2026-10:19:18] [V] [TRT]         [1,16]	nBS
[09/08/2026-10:19:18] [V] [TRT]         32	32
[09/08/2026-10:19:18] [V] [TRT]         14	14
[09/08/2026-10:19:18] [V] [TRT]         14	14
[09/08/2026-10:19:18] [V] [TRT] CONVOLUTION node_conv2d_1
[09/08/2026-10:19:18] [V] [TRT]     Input 0
[09/08/2026-10:19:18] [V] [TRT]         [1,16]	nBS
[09/08/2026-10:19:18] [V] [TRT]         32	32
[09/08/2026-10:19:18] [V] [TRT]         14	14
[09/08/2026-10:19:18] [V] [TRT]         14	14
[09/08/2026-10:19:18] [V] [TRT]     Output 0
[09/08/2026-10:19:18] [V] [TRT]         [1,16]	nBS
[09/08/2026-10:19:18] [V] [TRT]         64	64
[09/08/2026-10:19:18] [V] [TRT]         14	14
[09/08/2026-10:19:18] [V] [TRT]         14	14
[09/08/2026-10:19:18] [V] [TRT] ACTIVATION node_relu_1
[09/08/2026-10:19:18] [V] [TRT]     Input 0
[09/08/2026-10:19:18] [V] [TRT]         [1,16]	nBS
[09/08/2026-10:19:18] [V] [TRT]         64	64
[09/08/2026-10:19:18] [V] [TRT]         14	14
[09/08/2026-10:19:18] [V] [TRT]         14	14
[09/08/2026-10:19:18] [V] [TRT]     Output 0
[09/08/2026-10:19:18] [V] [TRT]         [1,16]	nBS
[09/08/2026-10:19:18] [V] [TRT]         64	64
[09/08/2026-10:19:18] [V] [TRT]         14	14
[09/08/2026-10:19:18] [V] [TRT]         14	14
[09/08/2026-10:19:18] [V] [TRT] POOLING node_max_pool2d_1
[09/08/2026-10:19:18] [V] [TRT]     Input 0
[09/08/2026-10:19:18] [V] [TRT]         [1,16]	nBS
[09/08/2026-10:19:18] [V] [TRT]         64	64
[09/08/2026-10:19:18] [V] [TRT]         14	14
[09/08/2026-10:19:18] [V] [TRT]         14	14
[09/08/2026-10:19:18] [V] [TRT]     Output 0
[09/08/2026-10:19:18] [V] [TRT]         [1,16]	nBS
[09/08/2026-10:19:18] [V] [TRT]         64	64
[09/08/2026-10:19:18] [V] [TRT]         7	7
[09/08/2026-10:19:18] [V] [TRT]         7	7
[09/08/2026-10:19:18] [V] [TRT] SHUFFLE node_view
[09/08/2026-10:19:18] [V] [TRT]     Input 0
[09/08/2026-10:19:18] [V] [TRT]         [1,16]	nBS
[09/08/2026-10:19:18] [V] [TRT]         64	64
[09/08/2026-10:19:18] [V] [TRT]         7	7
[09/08/2026-10:19:18] [V] [TRT]         7	7
[09/08/2026-10:19:18] [V] [TRT]     Output 0
[09/08/2026-10:19:18] [V] [TRT]         [1,16]	nBS
[09/08/2026-10:19:18] [V] [TRT]         3136	3136
[09/08/2026-10:19:18] [V] [TRT] MATRIX_MULTIPLY node_linear
[09/08/2026-10:19:18] [V] [TRT]     Input 0
[09/08/2026-10:19:18] [V] [TRT]         [1,16]	nBS
[09/08/2026-10:19:18] [V] [TRT]         3136	3136
[09/08/2026-10:19:18] [V] [TRT]     Input 1
[09/08/2026-10:19:18] [V] [TRT]         1024	1024
[09/08/2026-10:19:18] [V] [TRT]         3136	3136
[09/08/2026-10:19:18] [V] [TRT]     Output 0
[09/08/2026-10:19:18] [V] [TRT]         [1,16]	nBS
[09/08/2026-10:19:18] [V] [TRT]         1024	1024
[09/08/2026-10:19:18] [V] [TRT] ELEMENTWISE node_linear_1
[09/08/2026-10:19:18] [V] [TRT]     Input 0
[09/08/2026-10:19:18] [V] [TRT]         [1,16]	nBS
[09/08/2026-10:19:18] [V] [TRT]         1024	1024
[09/08/2026-10:19:18] [V] [TRT]     Input 1
[09/08/2026-10:19:18] [V] [TRT]         1	1
[09/08/2026-10:19:18] [V] [TRT]         1024	1024
[09/08/2026-10:19:18] [V] [TRT]     Output 0
[09/08/2026-10:19:18] [V] [TRT]         [1,16]	nBS
[09/08/2026-10:19:18] [V] [TRT]         1024	1024
[09/08/2026-10:19:18] [V] [TRT] ACTIVATION node_relu_2
[09/08/2026-10:19:18] [V] [TRT]     Input 0
[09/08/2026-10:19:18] [V] [TRT]         [1,16]	nBS
[09/08/2026-10:19:18] [V] [TRT]         1024	1024
[09/08/2026-10:19:18] [V] [TRT]     Output 0
[09/08/2026-10:19:18] [V] [TRT]         [1,16]	nBS
[09/08/2026-10:19:18] [V] [TRT]         1024	1024
[09/08/2026-10:19:18] [V] [TRT] MATRIX_MULTIPLY node_linear_1_2
[09/08/2026-10:19:18] [V] [TRT]     Input 0
[09/08/2026-10:19:18] [V] [TRT]         [1,16]	nBS
[09/08/2026-10:19:18] [V] [TRT]         1024	1024
[09/08/2026-10:19:18] [V] [TRT]     Input 1
[09/08/2026-10:19:18] [V] [TRT]         10	10
[09/08/2026-10:19:18] [V] [TRT]         1024	1024
[09/08/2026-10:19:18] [V] [TRT]     Output 0
[09/08/2026-10:19:18] [V] [TRT]         [1,16]	nBS
[09/08/2026-10:19:18] [V] [TRT]         10	10
[09/08/2026-10:19:18] [V] [TRT] ELEMENTWISE node_linear_1_5
[09/08/2026-10:19:18] [V] [TRT]     Input 0
[09/08/2026-10:19:18] [V] [TRT]         [1,16]	nBS
[09/08/2026-10:19:18] [V] [TRT]         10	10
[09/08/2026-10:19:18] [V] [TRT]     Input 1
[09/08/2026-10:19:18] [V] [TRT]         1	1
[09/08/2026-10:19:18] [V] [TRT]         10	10
[09/08/2026-10:19:18] [V] [TRT]     Output 0
[09/08/2026-10:19:18] [V] [TRT]         [1,16]	nBS
[09/08/2026-10:19:18] [V] [TRT]         10	10
[09/08/2026-10:19:18] [V] [TRT] SOFTMAX node_softmax
[09/08/2026-10:19:18] [V] [TRT]     Input 0
[09/08/2026-10:19:18] [V] [TRT]         [1,16]	nBS
[09/08/2026-10:19:18] [V] [TRT]         10	10
[09/08/2026-10:19:18] [V] [TRT]     Output 0
[09/08/2026-10:19:18] [V] [TRT]         [1,16]	nBS
[09/08/2026-10:19:18] [V] [TRT]         10	10
[09/08/2026-10:19:18] [V] [TRT] SHUFFLE ONNXTRT_ShapeShuffle_7
[09/08/2026-10:19:18] [V] [TRT]     Input 0
[09/08/2026-10:19:18] [V] [TRT]         [1,16]	nBS
[09/08/2026-10:19:18] [V] [TRT]         10	10
[09/08/2026-10:19:18] [V] [TRT]     Output 0
[09/08/2026-10:19:18] [V] [TRT]         [1,16]	nBS
[09/08/2026-10:19:18] [V] [TRT]         10	10
[09/08/2026-10:19:18] [V] [TRT] TOPK node_argmax
[09/08/2026-10:19:18] [V] [TRT]     Input 0
[09/08/2026-10:19:18] [V] [TRT]         [1,16]	nBS
[09/08/2026-10:19:18] [V] [TRT]         10	10
[09/08/2026-10:19:18] [V] [TRT]     Output 0
[09/08/2026-10:19:18] [V] [TRT]         [1,16]	nBS
[09/08/2026-10:19:18] [V] [TRT]         1	1
[09/08/2026-10:19:18] [V] [TRT]     Output 1
[09/08/2026-10:19:18] [V] [TRT]         [1,16]	nBS
[09/08/2026-10:19:18] [V] [TRT]         1	1
[09/08/2026-10:19:18] [V] [TRT] CAST ONNXTRT_castHelper_8
[09/08/2026-10:19:18] [V] [TRT]     Input 0
[09/08/2026-10:19:18] [V] [TRT]         [1,16]	nBS
[09/08/2026-10:19:18] [V] [TRT]         1	1
[09/08/2026-10:19:18] [V] [TRT]     Output 0
[09/08/2026-10:19:18] [V] [TRT]         [1,16]	nBS
[09/08/2026-10:19:18] [V] [TRT]         1	1
[09/08/2026-10:19:18] [V] [TRT] SHUFFLE ONNXTRT_squeezeTensor
[09/08/2026-10:19:18] [V] [TRT]     Input 0
[09/08/2026-10:19:18] [V] [TRT]         [1,16]	nBS
[09/08/2026-10:19:18] [V] [TRT]         1	1
[09/08/2026-10:19:18] [V] [TRT]     Output 0
[09/08/2026-10:19:18] [V] [TRT]         [1,16]	nBS
[09/08/2026-10:19:18] [V] [TRT] CAST ONNXTRT_castHelper_9
[09/08/2026-10:19:18] [V] [TRT]     Input 0
[09/08/2026-10:19:18] [V] [TRT]         [1,16]	nBS
[09/08/2026-10:19:18] [V] [TRT]     Output 0
[09/08/2026-10:19:18] [V] [TRT]         [1,16]	nBS
[09/08/2026-10:19:18] [V] [TRT] Graph construction completed in 0.000857984 seconds.
[09/08/2026-10:19:18] [V] [TRT] After adding DebugOutput nodes: 24 layers
[09/08/2026-10:19:18] [V] [TRT] Running: ConstShuffleFusion on gemm1.bias
[09/08/2026-10:19:18] [V] [TRT] ConstShuffleFusion: Fusing gemm1.bias with ONNXTRT_Broadcast
[09/08/2026-10:19:18] [V] [TRT] Running: ConstShuffleFusion on gemm2.bias
[09/08/2026-10:19:18] [V] [TRT] ConstShuffleFusion: Fusing gemm2.bias with ONNXTRT_Broadcast_4
[09/08/2026-10:19:18] [V] [TRT] Running: ShuffleErasure on ONNXTRT_ShapeShuffle_7
[09/08/2026-10:19:18] [V] [TRT] Removing ONNXTRT_ShapeShuffle_7
[09/08/2026-10:19:18] [V] [TRT] After Myelin optimization: 1 layers
[09/08/2026-10:19:18] [V] [TRT] Applying ScaleNodes fusions.
[09/08/2026-10:19:18] [V] [TRT] After scale fusion: 1 layers
[09/08/2026-10:19:18] [V] [TRT] After dupe layer removal: 1 layers
[09/08/2026-10:19:18] [V] [TRT] After final dead-layer removal: 1 layers
[09/08/2026-10:19:18] [V] [TRT] After tensor merging: 1 layers
[09/08/2026-10:19:18] [V] [TRT] After vertical fusions: 1 layers
[09/08/2026-10:19:18] [V] [TRT] After dupe layer removal: 1 layers
[09/08/2026-10:19:18] [V] [TRT] After final dead-layer removal: 1 layers
[09/08/2026-10:19:18] [V] [TRT] After tensor merging: 1 layers
[09/08/2026-10:19:18] [V] [TRT] After slice removal: 1 layers
[09/08/2026-10:19:18] [V] [TRT] After concat removal: 1 layers
[09/08/2026-10:19:18] [V] [TRT] Trying to split Reshape and strided tensor
[09/08/2026-10:19:18] [V] [TRT] Graph optimization time: 0.000492202 seconds.
[09/08/2026-10:19:18] [V] [TRT] Building graph using backend strategy 2
[09/08/2026-10:19:18] [I] [TRT] Global timing cache in use. Profiling results in this builder pass will be stored.
[09/08/2026-10:19:18] [V] [TRT] Constructing optimization profile number 0 [1/1].
[09/08/2026-10:19:18] [V] [TRT] Applying generic optimizations to the graph for inference.
[09/08/2026-10:19:18] [V] [TRT] Reserving memory for host IO tensors. Host: 0 bytes
[09/08/2026-10:19:18] [V] [TRT] =============== Computing costs for {ForeignNode[node_conv2d...ONNXTRT_castHelper_9]}
[09/08/2026-10:19:18] [V] [TRT] ForeignNode {ForeignNode[node_conv2d...ONNXTRT_castHelper_9]} metadata: [ONNX Layer: node_conv2d][ONNX Layer: node_relu][ONNX Layer: node_max_pool2d][ONNX Layer: node_conv2d_1][ONNX Layer: node_relu_1][ONNX Layer: node_max_pool2d_1][ONNX Layer: node_view][ONNX Layer: node_linear][ONNX Layer: node_relu_2][ONNX Layer: node_linear_1][ONNX Layer: node_softmax][ONNX Layer: node_argmax]
[09/08/2026-10:19:18] [V] [TRT] *************** Autotuning format combination: Float(784,784,28,1) -> Float(10,1), Int64(1) ***************
[09/08/2026-10:19:18] [V] [TRT] --------------- Timing Runner: {ForeignNode[node_conv2d...ONNXTRT_castHelper_9]} (Myelin[0x80000023])
[09/08/2026-10:19:18] [I] [TRT] Compiler backend is used during engine build.
[09/08/2026-10:19:23] [V] [TRT]  (foreignNode) Set user's cuda kernel library
[09/08/2026-10:19:23] [V] [TRT]  (foreignNode) Using legacy CPU-only mode.
[09/08/2026-10:19:23] [V] [TRT]  (foreignNode) Autotuning op node_conv2d: [ONNX Layer: node_conv2d][ONNX Layer: node_relu]
[09/08/2026-10:19:23] [V] [TRT]  (foreignNode) Sorted table of all evaluated tactics:
[09/08/2026-10:19:23] [V] [TRT]  (foreignNode) tactic_id, cost(in ms), cost/fastest_cost, prediction_correlation, kernel_name, tactic_hash, tunable_parameter, conv_w2c_input_fold
[09/08/2026-10:19:23] [V] [TRT]  (foreignNode)   30, 0.0044000, 1.00000, 117375551.12423, sm80_xmma_fprop_implicit_gemm_f32f32_f32f32_f32_nchwkcrs_nchw_tilesize32x32x8_stage3_warpsize1x2x1_g1_ffma_t1r5s5_aligna4_alignc4, 0x49175fa8b00a3, , 0
[09/08/2026-10:19:23] [V] [TRT]  (foreignNode)    5, 0.0048160, 1.09455, 1.17150, sm80_xmma_fprop_implicit_gemm_f32f32_f32f32_f32_nchwkcrs_nchw_tilesize32x32x8_stage3_warpsize1x2x1_g1_ffma_aligna4_alignc4, 0x513f502151b20, , 0
[09/08/2026-10:19:23] [V] [TRT]  (foreignNode)   12, 0.0050176, 1.14036, 1.57965, sm80_xmma_fprop_implicit_gemm_f32f32_f32f32_f32_nchwkcrs_nchw_tilesize128x16x8_stage3_warpsize4x1x1_g1_ffma_aligna4_alignc4, 0x2e8dce9fdbd0c, , 0
[09/08/2026-10:19:23] [V] [TRT]  (foreignNode)   25, 0.0050176, 1.14036, 74.99459, sm80_xmma_fprop_implicit_gemm_f32f32_f32f32_f32_nchwkcrs_nchw_tilesize64x64x8_stage3_warpsize1x4x1_g1_ffma_t1r5s5_aligna4_alignc4, 0x3f9f91b42a184, , 0
[09/08/2026-10:19:23] [V] [TRT]  (foreignNode)    4, 0.0052288, 1.18836, 1.03982, sm80_xmma_fprop_implicit_gemm_indexed_f32f32_f32f32_f32_nchwkcrs_nchw_tilesize32x32x8_stage3_warpsize1x2x1_g1_ffma_aligna4_alignc4, 0x4e119d1971690, , 0
[09/08/2026-10:19:23] [V] [TRT]  (foreignNode)    6, 0.0058336, 1.32582, 1.03219, sm80_xmma_fprop_implicit_gemm_indexed_f32f32_f32f32_f32_nchwkcrs_nchw_tilesize64x64x8_stage3_warpsize1x4x1_g1_ffma_aligna4_alignc4, 0x6a59d7893795b, , 0
[09/08/2026-10:19:23] [V] [TRT]  (foreignNode)   16, 0.0058368, 1.32655, 1.66112, sm80_xmma_fprop_implicit_gemm_f32f32_f32f32_f32_nchwkcrs_nchw_tilesize64x64x8_stage3_warpsize1x4x1_g1_ffma_aligna4_alignc4, 0x2923a2370869c, , 0
[09/08/2026-10:19:23] [V] [TRT]  (foreignNode)   11, 0.0068576, 1.55855, 1.14417, sm80_xmma_fprop_implicit_gemm_indexed_f32f32_f32f32_f32_nchwkcrs_nchw_tilesize128x16x8_stage3_warpsize4x1x1_g1_ffma_aligna4_alignc4, 0x422d7e61952ac, , 0
[09/08/2026-10:19:23] [V] [TRT]  (foreignNode)   13, 0.0072672, 1.65164, 1.10776, sm80_xmma_fprop_implicit_gemm_indexed_f32f32_f32f32_f32_nchwkcrs_nchw_tilesize128x32x8_stage3_warpsize2x2x1_g1_ffma_aligna4_alignc4, 0x502cf8a691ec3, , 0
[09/08/2026-10:19:23] [V] [TRT]  (foreignNode)   29, 0.0077920, 1.77091, 8750520.99974, sm80_xmma_fprop_implicit_gemm_f32f32_f32f32_f32_nhwckrsc_nhwc_tilesize32x32x8_stage3_warpsize1x2x1_g1_ffma_t1r5s5_aligna4_alignc4, 0x49b8134866a89, , 0
[09/08/2026-10:19:23] [V] [TRT]  (foreignNode)    1, 0.0078848, 1.79200, 0.55455, sm80_xmma_fprop_implicit_gemm_indexed_f32f32_f32f32_f32_nhwckrsc_nhwc_tilesize32x32x8_stage3_warpsize1x2x1_g1_ffma_aligna4_alignc4, 0x2d0901d757d9a, , 0
[09/08/2026-10:19:23] [V] [TRT]  (foreignNode)    3, 0.0081824, 1.85964, 0.63683, sm80_xmma_fprop_implicit_gemm_f32f32_f32f32_f32_nhwckrsc_nhwc_tilesize32x32x8_stage3_warpsize1x2x1_g1_ffma_aligna4_alignc4, 0x6627afc1bead4, , 0
[09/08/2026-10:19:23] [V] [TRT]  (foreignNode)    9, 0.0084928, 1.93018, 0.86938, sm80_xmma_fprop_implicit_gemm_indexed_f32f32_f32f32_f32_nchwkcrs_nchw_tilesize128x64x8_stage2_warpsize1x4x1_g1_ffma_aligna4_alignc4_beta0_packed_stride, 0x5f717cace33d5, , 0
[09/08/2026-10:19:23] [V] [TRT]  (foreignNode)   20, 0.0084960, 1.93091, 2.16082, sm80_xmma_fprop_implicit_gemm_f32f32_f32f32_f32_nchwkcrs_nchw_tilesize128x64x8_stage3_warpsize2x2x1_g1_ffma_aligna4_alignc4, 0x3c97632943f07, , 0
[09/08/2026-10:19:23] [V] [TRT]  (foreignNode)   19, 0.0084992, 1.93164, 2.08230, sm80_xmma_fprop_implicit_gemm_f32f32_f32f32_f32_nchwkcrs_nchw_tilesize64x128x8_stage3_warpsize1x4x1_g1_ffma_aligna4_alignc4, 0x58d48f160d70a, , 0
[09/08/2026-10:19:23] [V] [TRT]  (foreignNode)   14, 0.0087072, 1.97891, 0.92633, sm80_xmma_fprop_implicit_gemm_indexed_f32f32_f32f32_f32_nchwkcrs_nchw_tilesize128x64x8_stage2_warpsize2x2x1_g1_ffma_aligna4_alignc4_beta0_packed_stride, 0x43420cb51b6fa, , 0
[09/08/2026-10:19:23] [V] [TRT]  (foreignNode)   26, 0.0088992, 2.02255, 166.01836, sm80_xmma_fprop_implicit_gemm_f32f32_f32f32_f32_nhwckrsc_nhwc_tilesize128x16x8_stage3_warpsize4x1x1_g1_ffma_t1r5s5_aligna4_alignc4, 0x4c796cd4f2eb5, , 0
[09/08/2026-10:19:23] [V] [TRT]  (foreignNode)   15, 0.0093184, 2.11782, 0.89455, sm80_xmma_fprop_implicit_gemm_indexed_f32f32_f32f32_f32_nchwkcrs_nchw_tilesize128x64x8_stage2_warpsize4x1x1_g1_ffma_aligna4_alignc4_beta0_packed_stride, 0x5c3e66023c93c, , 0
[09/08/2026-10:19:23] [V] [TRT]  (foreignNode)   10, 0.0100352, 2.28073, 0.76726, sm80_xmma_fprop_implicit_gemm_f32f32_f32f32_f32_nhwckrsc_nhwc_tilesize128x16x8_stage3_warpsize4x1x1_g1_ffma_aligna4_alignc4, 0x2e3753e91c37d, , 0
[09/08/2026-10:19:23] [V] [TRT]  (foreignNode)   17, 0.0111616, 2.53673, 0.88885, sm80_xmma_fprop_implicit_gemm_f32f32_f32f32_f32_nhwckrsc_nhwc_tilesize64x64x8_stage3_warpsize1x4x1_g1_ffma_aligna4_alignc4, 0x4ae2f94495ad9, , 0
[09/08/2026-10:19:23] [V] [TRT]  (foreignNode)   27, 0.0115712, 2.62982, 202.96192, sm80_xmma_fprop_implicit_gemm_f32f32_f32f32_f32_nhwckrsc_nhwc_tilesize64x64x8_stage3_warpsize1x4x1_g1_ffma_t1r5s5_aligna4_alignc4, 0x46d22adad9e74, , 0
[09/08/2026-10:19:23] [V] [TRT]  (foreignNode)    2, 0.0126400, 2.87273, 0.38741, sm80_xmma_fprop_implicit_gemm_indexed_f32f32_f32f32_f32_nhwckrsc_nhwc_tilesize128x16x8_stage3_warpsize4x1x1_g1_ffma_aligna4_alignc4, 0x496f15aef5d1c, , 0
[09/08/2026-10:19:23] [V] [TRT]  (foreignNode)    7, 0.0128000, 2.90909, 0.48029, sm80_xmma_fprop_implicit_gemm_indexed_f32f32_f32f32_f32_nhwckrsc_nhwc_tilesize64x64x8_stage3_warpsize1x4x1_g1_ffma_aligna4_alignc4, 0x414248187ae43, , 0
[09/08/2026-10:19:23] [V] [TRT]  (foreignNode)    8, 0.0138240, 3.14182, 0.50997, sm80_xmma_fprop_implicit_gemm_indexed_f32f32_f32f32_f32_nhwckrsc_nhwc_tilesize128x32x8_stage3_warpsize2x2x1_g1_ffma_aligna4_alignc4, 0x310a06fec6bc5, , 0
[09/08/2026-10:19:23] [V] [TRT]  (foreignNode)   23, 0.0150496, 3.42036, 3.28130, sm80_xmma_fprop_implicit_gemm_f32f32_f32f32_f32_nchwkcrs_nchw_tilesize256x128x8_stage3_warpsize4x2x1_g1_ffma_aligna4_alignc4, 0x4a530afba1737, , 0
[09/08/2026-10:19:23] [V] [TRT]  (foreignNode)   21, 0.0183296, 4.16582, 1.04492, sm80_xmma_fprop_implicit_gemm_f32f32_f32f32_f32_nhwckrsc_nhwc_tilesize128x64x8_stage3_warpsize2x2x1_g1_ffma_aligna4_alignc4, 0x6505ea159e48c, , 0
[09/08/2026-10:19:23] [V] [TRT]  (foreignNode)   28, 0.0218080, 4.95636, 265.43131, sm80_xmma_fprop_implicit_gemm_f32f32_f32f32_f32_nhwckrsc_nhwc_tilesize64x16x16_stage3_warpsize1x1x1_g1_ffma_t1r5s5_aligna4_alignc4, 0x3e1a352cfdccf, , 0
[09/08/2026-10:19:23] [V] [TRT]  (foreignNode)   18, 0.0265248, 6.02836, 0.63472, sm80_xmma_fprop_implicit_gemm_f32f32_f32f32_f32_nhwckrsc_nhwc_tilesize64x16x16_stage3_warpsize1x1x1_g1_ffma_aligna4_alignc4, 0x614f7936a4235, , 0
[09/08/2026-10:19:23] [V] [TRT]  (foreignNode)   22, 0.0355360, 8.07636, 1.13040, sm80_xmma_fprop_implicit_gemm_f32f32_f32f32_f32_nhwckrsc_nhwc_tilesize256x64x8_stage3_warpsize2x2x1_g1_ffma_aligna4_alignc4, 0x4bec620cf3b31, , 0
[09/08/2026-10:19:23] [V] [TRT]  (foreignNode)    0, 0.1410048, 32.04655, 0.00009, sm80_xmma_fprop_implicit_gemm_f32f32_f32f32_f32_nhwckrsc_nhwc_tilesize64x32x32_stage3_warpsize1x1x1_g1_ffma_t1r5s5_aligna4_alignc4, 0x5b0d590f132b5, , 0
[09/08/2026-10:19:23] [V] [TRT]  (foreignNode)   24, 0.1452800, 33.01818, 0.73349, sm80_xmma_fprop_implicit_gemm_f32f32_f32f32_f32_nhwckrsc_nhwc_tilesize64x32x32_stage3_warpsize1x1x1_g1_ffma_aligna4_alignc4, 0x3e3b46f351d7f, , 0
[09/08/2026-10:19:23] [V] [TRT]  (foreignNode) Autotuning op node_max_pool2d: [ONNX Layer: node_max_pool2d]
[09/08/2026-10:19:23] [V] [TRT]  (foreignNode) Sorted table of all evaluated tactics:
[09/08/2026-10:19:23] [V] [TRT]  (foreignNode) tactic_id, cost(in ms), cost/fastest_cost, prediction_correlation, kernel_name, tactic_hash, tunable_parameter
[09/08/2026-10:19:23] [V] [TRT]  (foreignNode)   14, 0.0025600, 1.00000, 0.00000, sm50_xmma_pooling_tiled_FP32NCHW_kMAX_tP2_tQ16_tR2_tS2_tU2_tV2_tUnroll4_tThreads128, 0x552cfa6a8183a,
[09/08/2026-10:19:23] [V] [TRT]  (foreignNode)   13, 0.0025664, 1.00250, 0.00000, sm50_xmma_pooling_tiled_FP32NCHW_kMAX_tP2_tQ16_tR2_tS2_tU2_tV2_tUnroll2_tThreads128, 0x33cc93441a199,
[09/08/2026-10:19:23] [V] [TRT]  (foreignNode)    7, 0.0026592, 1.03875, 0.00000, sm50_xmma_pooling_tiled_FP32NCHW_kMAX_tP2_tQ32_tR2_tS2_tU2_tV2_tUnroll3_tThreads256, 0x3d730323d9849,
[09/08/2026-10:19:23] [V] [TRT]  (foreignNode)    4, 0.0026624, 1.04000, 0.00000, sm50_xmma_pooling_tiled_FP32NCHW_kMAX_tP2_tQ16_tR2_tS2_tU2_tV2_tUnroll7_tThreads128, 0x383a2fa429b55,
[09/08/2026-10:19:23] [V] [TRT]  (foreignNode)    5, 0.0026624, 1.04000, 0.00000, sm50_xmma_pooling_tiled_FP32NCHW_kMAX_tP2_tQ16_tR2_tS2_tU2_tV2_tUnroll6_tThreads128, 0x487119ac8d289,
[09/08/2026-10:19:23] [V] [TRT]  (foreignNode)    6, 0.0026624, 1.04000, 0.00000, sm50_xmma_pooling_tiled_FP32NCHW_kMAX_tP2_tQ16_tR2_tS2_tU2_tV2_tUnroll5_tThreads128, 0x324446ca47472,
[09/08/2026-10:19:23] [V] [TRT]  (foreignNode)   10, 0.0026624, 1.04000, 0.00000, sm50_xmma_pooling_tiled_FP32NCHW_kMAX_tP2_tQ32_tR2_tS2_tU2_tV2_tUnroll7_tThreads256, 0x4908a1fd5878f,
[09/08/2026-10:19:23] [V] [TRT]  (foreignNode)   12, 0.0026624, 1.04000, 0.00000, sm50_xmma_pooling_tiled_FP32NCHW_kMAX_tP2_tQ32_tR2_tS2_tU2_tV2_tUnroll2_tThreads256, 0x2c247ad84d2d6,
[09/08/2026-10:19:23] [V] [TRT]  (foreignNode)   16, 0.0026656, 1.04125, 0.00000, sm50_xmma_pooling_tiled_FP32NCHW_kMAX_tP2_tQ32_tR2_tS2_tU2_tV2_tUnroll6_tThreads256, 0x30b8fec4e14b4,
[09/08/2026-10:19:23] [V] [TRT]  (foreignNode)   11, 0.0026816, 1.04750, 0.00000, sm50_xmma_pooling_tiled_FP32NCHW_kMAX_tP2_tQ16_tR2_tS2_tU2_tV2_tUnroll3_tThreads128, 0x6a57dd7e73699,
[09/08/2026-10:19:23] [V] [TRT]  (foreignNode)    8, 0.0027648, 1.08000, 0.00000, sm50_xmma_pooling_tiled_FP32NCHW_kMAX_tP2_tQ32_tR2_tS2_tU2_tV2_tUnroll5_tThreads256, 0x4237b79f85cae,
[09/08/2026-10:19:23] [V] [TRT]  (foreignNode)    9, 0.0027648, 1.08000, 0.00000, sm50_xmma_pooling_tiled_FP32NCHW_kMAX_tP2_tQ32_tR2_tS2_tU2_tV2_tUnroll4_tThreads256, 0x454fdf1d2a755,
[09/08/2026-10:19:23] [V] [TRT]  (foreignNode)   15, 0.0027680, 1.08125, 0.00000, sm50_xmma_pooling_tiled_FP32NCHW_kMAX_tP2_tQ16_tR2_tS2_tU2_tV2_tUnroll1_tThreads128, 0x61467af86eddf,
[09/08/2026-10:19:23] [V] [TRT]  (foreignNode)    2, 0.0028704, 1.12125, 0.00000, sm50_xmma_pooling_tiled_FP32NCHW_kMAX_tP2_tQ32_tR2_tS2_tU2_tV2_tUnroll8_tThreads256, 0x5e157698c3434,
[09/08/2026-10:19:23] [V] [TRT]  (foreignNode)    3, 0.0028704, 1.12125, 0.00000, sm50_xmma_pooling_tiled_FP32NCHW_kMAX_tP2_tQ16_tR2_tS2_tU2_tV2_tUnroll8_tThreads128, 0x6d8458efd8257,
[09/08/2026-10:19:23] [V] [TRT]  (foreignNode)   22, 0.0028704, 1.12125, 0.00000, sm50_xmma_pooling_max_nhwc_FP32FP32_WINDOWSIZE_0_PROPAGATE_NAN_2D, 0x3e60bf4bbcfaf,
[09/08/2026-10:19:23] [V] [TRT]  (foreignNode)   17, 0.0028768, 1.12375, 0.00000, sm50_xmma_pooling_tiled_FP32NCHW_kMAX_tP2_tQ32_tR2_tS2_tU2_tV2_tUnroll1_tThreads256, 0x662b3edda5ca0,
[09/08/2026-10:19:23] [V] [TRT]  (foreignNode)   20, 0.0029664, 1.15875, 0.00000, sm50_xmma_pooling_max_nhwc_FP32FP32_WINDOWSIZE_0_PROPAGATE_NAN_3D, 0x37b68142ee8db,
[09/08/2026-10:19:23] [V] [TRT]  (foreignNode)    1, 0.0029696, 1.16000, 0.00000, sm50_xmma_pooling_nd_NCDHW_kMAX_kGENERIC_3D_POOLING_MODE_kFLOAT_0, 0x2bc2beee972bb,
[09/08/2026-10:19:23] [V] [TRT]  (foreignNode)    0, 0.0030656, 1.19750, 0.00000, sm50_xmma_pooling_fw_4d_FP32FP32NCHW_Max, 0x4cadc39ddc95a,
[09/08/2026-10:19:23] [V] [TRT]  (foreignNode)   18, 0.0032640, 1.27500, 0.00000, sm50_xmma_pooling_max_nhwc_FP32FP32_WINDOWSIZE_0_NOT_PROPAGATE_NAN_3D, 0x69bb1f6d478fa,
[09/08/2026-10:19:23] [V] [TRT]  (foreignNode)   19, 0.0032832, 1.28250, 0.00000, sm50_xmma_pooling_max_nhwc_FP32FP32_WINDOWSIZE_0_NOT_PROPAGATE_NAN_2D, 0x4e2012b92a1ff,
[09/08/2026-10:19:23] [V] [TRT]  (foreignNode)   21, 0.0033792, 1.32000, 0.00000, sm50_xmma_pooling_fw_4d_FP32FP32NHWC_Max_CAlign4, 0x6170230c9f41b,
[09/08/2026-10:19:23] [V] [TRT]  (foreignNode) Autotuning op node_conv2d_1: [ONNX Layer: node_conv2d_1][ONNX Layer: node_relu_1]
[09/08/2026-10:19:23] [V] [TRT]  (foreignNode) Sorted table of all evaluated tactics:
[09/08/2026-10:19:23] [V] [TRT]  (foreignNode) tactic_id, cost(in ms), cost/fastest_cost, prediction_correlation, kernel_name, tactic_hash, tunable_parameter, conv_w2c_input_fold
[09/08/2026-10:19:23] [V] [TRT]  (foreignNode)    1, 0.0199712, 1.00000, 0.42946, sm80_xmma_fprop_implicit_gemm_f32f32_f32f32_f32_nhwckrsc_nhwc_tilesize32x32x8_stage3_warpsize1x2x1_g1_ffma_aligna4_alignc4, 0x32cff7686bdf7, , 0
[09/08/2026-10:19:23] [V] [TRT]  (foreignNode)   29, 0.0203776, 1.02035, 17759791.39292, sm80_xmma_fprop_implicit_gemm_f32f32_f32f32_f32_nhwckrsc_nhwc_tilesize32x32x8_stage3_warpsize1x2x1_g1_ffma_t1r5s5_aligna4_alignc4, 0x49b4371e03d80, , 0
[09/08/2026-10:19:23] [V] [TRT]  (foreignNode)    3, 0.0211936, 1.06121, 0.43988, sm80_xmma_fprop_implicit_gemm_indexed_f32f32_f32f32_f32_nhwckrsc_nhwc_tilesize32x32x8_stage3_warpsize1x2x1_g1_ffma_aligna4_alignc4, 0x4c1010dc31fa5, , 0
[09/08/2026-10:19:23] [V] [TRT]  (foreignNode)   30, 0.0220128, 1.10223, 142085934.44132, sm80_xmma_fprop_implicit_gemm_f32f32_f32f32_f32_nchwkcrs_nchw_tilesize32x32x8_stage3_warpsize1x2x1_g1_ffma_t1r5s5_aligna4_alignc4, 0x50bec68c45b7f, , 0
[09/08/2026-10:19:23] [V] [TRT]  (foreignNode)    2, 0.0222240, 1.11280, 0.41173, sm80_xmma_fprop_implicit_gemm_f32f32_f32f32_f32_nchwkcrs_nchw_tilesize32x32x8_stage3_warpsize1x2x1_g1_ffma_aligna4_alignc4, 0x2f155fb2e7093, , 0
[09/08/2026-10:19:23] [V] [TRT]  (foreignNode)   26, 0.0263168, 1.31774, 198.23646, sm80_xmma_fprop_implicit_gemm_f32f32_f32f32_f32_nhwckrsc_nhwc_tilesize128x16x8_stage3_warpsize4x1x1_g1_ffma_t1r5s5_aligna4_alignc4, 0x43bdaaed307de, , 0
[09/08/2026-10:19:23] [V] [TRT]  (foreignNode)    5, 0.0265216, 1.32799, 0.61229, sm80_xmma_fprop_implicit_gemm_f32f32_f32f32_f32_nhwckrsc_nhwc_tilesize128x16x8_stage3_warpsize4x1x1_g1_ffma_aligna4_alignc4, 0x4163d0aaf736e, , 0
[09/08/2026-10:19:23] [V] [TRT]  (foreignNode)    6, 0.0289792, 1.45105, 0.58822, sm80_xmma_fprop_implicit_gemm_f32f32_f32f32_f32_nchwkcrs_nchw_tilesize128x16x8_stage3_warpsize4x1x1_g1_ffma_aligna4_alignc4, 0x3807c394f49e6, , 0
[09/08/2026-10:19:23] [V] [TRT]  (foreignNode)    9, 0.0306144, 1.53293, 0.75691, sm80_xmma_fprop_implicit_gemm_f32f32_f32f32_f32_nhwckrsc_nhwc_tilesize64x64x8_stage3_warpsize1x4x1_g1_ffma_aligna4_alignc4, 0x294cf3861909c, , 0
[09/08/2026-10:19:23] [V] [TRT]  (foreignNode)   25, 0.0313312, 1.56882, 44.12967, sm80_xmma_fprop_implicit_gemm_f32f32_f32f32_f32_nchwkcrs_nchw_tilesize64x64x8_stage3_warpsize1x4x1_g1_ffma_t1r5s5_aligna4_alignc4, 0x3dede879c1cea, , 0
[09/08/2026-10:19:23] [V] [TRT]  (foreignNode)   28, 0.0314368, 1.57411, 327.43243, sm80_xmma_fprop_implicit_gemm_f32f32_f32f32_f32_nhwckrsc_nhwc_tilesize64x64x8_stage3_warpsize1x4x1_g1_ffma_t1r5s5_aligna4_alignc4, 0x323fb77502fa1, , 0
[09/08/2026-10:19:23] [V] [TRT]  (foreignNode)   10, 0.0321376, 1.60920, 0.72912, sm80_xmma_fprop_implicit_gemm_f32f32_f32f32_f32_nchwkcrs_nchw_tilesize64x64x8_stage3_warpsize1x4x1_g1_ffma_aligna4_alignc4, 0x60e2da4e141f3, , 0
[09/08/2026-10:19:23] [V] [TRT]  (foreignNode)    4, 0.0338944, 1.69716, 0.34006, sm80_xmma_fprop_implicit_gemm_indexed_f32f32_f32f32_f32_nchwkcrs_nchw_tilesize32x32x8_stage3_warpsize1x2x1_g1_ffma_aligna4_alignc4, 0x30bf3573dc8e4, , 0
[09/08/2026-10:19:23] [V] [TRT]  (foreignNode)   27, 0.0346176, 1.73338, 263.07113, sm80_xmma_fprop_implicit_gemm_f32f32_f32f32_f32_nhwckrsc_nhwc_tilesize64x16x16_stage3_warpsize1x1x1_g1_ffma_t1r5s5_aligna4_alignc4, 0x573da3981dbab, , 0
[09/08/2026-10:19:23] [V] [TRT]  (foreignNode)   11, 0.0371712, 1.86124, 0.69893, sm80_xmma_fprop_implicit_gemm_indexed_f32f32_f32f32_f32_nhwckrsc_nhwc_tilesize64x64x8_stage3_warpsize1x4x1_g1_ffma_aligna4_alignc4, 0x40142422cc891, , 0
[09/08/2026-10:19:23] [V] [TRT]  (foreignNode)   12, 0.0402400, 2.01490, 0.68041, sm80_xmma_fprop_implicit_gemm_indexed_f32f32_f32f32_f32_nchwkcrs_nchw_tilesize64x64x8_stage3_warpsize1x4x1_g1_ffma_aligna4_alignc4, 0x39ae8561fd842, , 0
[09/08/2026-10:19:23] [V] [TRT]  (foreignNode)   14, 0.0404480, 2.02532, 0.72456, sm80_xmma_fprop_implicit_gemm_indexed_f32f32_f32f32_f32_nhwckrsc_nhwc_tilesize128x32x8_stage3_warpsize2x2x1_g1_ffma_aligna4_alignc4, 0x468f8305b8ea5, , 0
[09/08/2026-10:19:23] [V] [TRT]  (foreignNode)    7, 0.0431104, 2.15863, 0.40258, sm80_xmma_fprop_implicit_gemm_indexed_f32f32_f32f32_f32_nhwckrsc_nhwc_tilesize128x16x8_stage3_warpsize4x1x1_g1_ffma_aligna4_alignc4, 0x4513d51fb7b02, , 0
[09/08/2026-10:19:23] [V] [TRT]  (foreignNode)    8, 0.0449536, 2.25092, 0.45336, sm80_xmma_fprop_implicit_gemm_f32f32_f32f32_f32_nhwckrsc_nhwc_tilesize64x16x16_stage3_warpsize1x1x1_g1_ffma_aligna4_alignc4, 0x53d9222a3d437, , 0
[09/08/2026-10:19:23] [V] [TRT]  (foreignNode)   20, 0.0482272, 2.41484, 1.14278, sm80_xmma_fprop_implicit_gemm_f32f32_f32f32_f32_nhwckrsc_nhwc_tilesize128x64x8_stage3_warpsize2x2x1_g1_ffma_aligna4_alignc4, 0x4d44036ac904c, , 0
[09/08/2026-10:19:23] [V] [TRT]  (foreignNode)   19, 0.0509920, 2.55328, 1.07335, sm80_xmma_fprop_implicit_gemm_f32f32_f32f32_f32_nchwkcrs_nchw_tilesize128x64x8_stage3_warpsize2x2x1_g1_ffma_aligna4_alignc4, 0x4e922b75dfad1, , 0
[09/08/2026-10:19:23] [V] [TRT]  (foreignNode)   18, 0.0517120, 2.58933, 1.01453, sm80_xmma_fprop_implicit_gemm_f32f32_f32f32_f32_nchwkcrs_nchw_tilesize64x128x8_stage3_warpsize1x4x1_g1_ffma_aligna4_alignc4, 0x356098e660144, , 0
[09/08/2026-10:19:23] [V] [TRT]  (foreignNode)   15, 0.0560128, 2.80468, 0.64868, sm80_xmma_fprop_implicit_gemm_indexed_f32f32_f32f32_f32_nchwkcrs_nchw_tilesize128x32x8_stage3_warpsize2x2x1_g1_ffma_aligna4_alignc4, 0x404340e90f971, , 0
[09/08/2026-10:19:23] [V] [TRT]  (foreignNode)   13, 0.0607136, 3.04006, 0.45867, sm80_xmma_fprop_implicit_gemm_indexed_f32f32_f32f32_f32_nchwkcrs_nchw_tilesize128x16x8_stage3_warpsize4x1x1_g1_ffma_aligna4_alignc4, 0x4cb07fa0a5071, , 0
[09/08/2026-10:19:23] [V] [TRT]  (foreignNode)   16, 0.0668672, 3.34818, 0.77495, sm80_xmma_fprop_implicit_gemm_indexed_f32f32_f32f32_f32_nchwkcrs_nchw_tilesize128x64x8_stage2_warpsize1x4x1_g1_ffma_aligna4_alignc4_beta0_packed_stride, 0x4b155bb73b585, , 0
[09/08/2026-10:19:23] [V] [TRT]  (foreignNode)   17, 0.0693248, 3.47124, 0.74849, sm80_xmma_fprop_implicit_gemm_indexed_f32f32_f32f32_f32_nchwkcrs_nchw_tilesize128x64x8_stage2_warpsize2x2x1_g1_ffma_aligna4_alignc4_beta0_packed_stride, 0x2fff9c3ba1403, , 0
[09/08/2026-10:19:23] [V] [TRT]  (foreignNode)   21, 0.0867200, 4.34225, 0.66389, sm80_xmma_fprop_implicit_gemm_indexed_f32f32_f32f32_f32_nchwkcrs_nchw_tilesize128x64x8_stage2_warpsize4x1x1_g1_ffma_aligna4_alignc4_beta0_packed_stride, 0x5c8a24b69c001, , 0
[09/08/2026-10:19:23] [V] [TRT]  (foreignNode)   23, 0.0906240, 4.53773, 1.31827, sm80_xmma_fprop_implicit_gemm_f32f32_f32f32_f32_nhwckrsc_nhwc_tilesize256x64x8_stage3_warpsize2x2x1_g1_ffma_aligna4_alignc4, 0x4ccf3401f125d, , 0
[09/08/2026-10:19:23] [V] [TRT]  (foreignNode)   24, 0.1556480, 7.79362, 1.11423, sm80_xmma_fprop_implicit_gemm_f32f32_f32f32_f32_nchwkcrs_nchw_tilesize256x128x8_stage3_warpsize4x2x1_g1_ffma_aligna4_alignc4, 0x4f2a277ab4e97, , 0
[09/08/2026-10:19:23] [V] [TRT]  (foreignNode)    0, 0.1744896, 8.73706, 0.00007, sm80_xmma_fprop_implicit_gemm_f32f32_f32f32_f32_nhwckrsc_nhwc_tilesize64x32x32_stage3_warpsize1x1x1_g1_ffma_t1r5s5_aligna4_alignc4, 0x39baead559e14, , 0
[09/08/2026-10:19:23] [V] [TRT]  (foreignNode)   22, 0.1863040, 9.32863, 0.57330, sm80_xmma_fprop_implicit_gemm_f32f32_f32f32_f32_nhwckrsc_nhwc_tilesize64x32x32_stage3_warpsize1x1x1_g1_ffma_aligna4_alignc4, 0x415e46075a087, , 0
[09/08/2026-10:19:23] [V] [TRT]  (foreignNode) Autotuning op node_max_pool2d_1: [ONNX Layer: node_max_pool2d_1]
[09/08/2026-10:19:23] [V] [TRT]  (foreignNode) Sorted table of all evaluated tactics:
[09/08/2026-10:19:23] [V] [TRT]  (foreignNode) tactic_id, cost(in ms), cost/fastest_cost, prediction_correlation, kernel_name, tactic_hash, tunable_parameter
[09/08/2026-10:19:23] [V] [TRT]  (foreignNode)   14, 0.0025600, 1.00000, 0.00000, sm50_xmma_pooling_tiled_FP32NCHW_kMAX_tP2_tQ16_tR2_tS2_tU2_tV2_tUnroll4_tThreads128, 0x4fa4dc5e5e445,
[09/08/2026-10:19:23] [V] [TRT]  (foreignNode)    6, 0.0026496, 1.03500, 0.00000, sm50_xmma_pooling_tiled_FP32NCHW_kMAX_tP2_tQ16_tR2_tS2_tU2_tV2_tUnroll5_tThreads128, 0x29ed546e60fad,
[09/08/2026-10:19:23] [V] [TRT]  (foreignNode)    9, 0.0026624, 1.04000, 0.00000, sm50_xmma_pooling_tiled_FP32NCHW_kMAX_tP2_tQ32_tR2_tS2_tU2_tV2_tUnroll4_tThreads256, 0x55026dc4af31e,
[09/08/2026-10:19:23] [V] [TRT]  (foreignNode)   11, 0.0026624, 1.04000, 0.00000, sm50_xmma_pooling_tiled_FP32NCHW_kMAX_tP2_tQ16_tR2_tS2_tU2_tV2_tUnroll3_tThreads128, 0x480c5d78e9daa,
[09/08/2026-10:19:23] [V] [TRT]  (foreignNode)   13, 0.0027616, 1.07875, 0.00000, sm50_xmma_pooling_tiled_FP32NCHW_kMAX_tP2_tQ16_tR2_tS2_tU2_tV2_tUnroll2_tThreads128, 0x293e7bb4866db,
[09/08/2026-10:19:23] [V] [TRT]  (foreignNode)    5, 0.0027648, 1.08000, 0.00000, sm50_xmma_pooling_tiled_FP32NCHW_kMAX_tP2_tQ16_tR2_tS2_tU2_tV2_tUnroll6_tThreads128, 0x52c60d92c7018,
[09/08/2026-10:19:23] [V] [TRT]  (foreignNode)    8, 0.0027648, 1.08000, 0.00000, sm50_xmma_pooling_tiled_FP32NCHW_kMAX_tP2_tQ32_tR2_tS2_tU2_tV2_tUnroll5_tThreads256, 0x4e7ed3ee03958,
[09/08/2026-10:19:23] [V] [TRT]  (foreignNode)   15, 0.0028640, 1.11875, 0.00000, sm50_xmma_pooling_tiled_FP32NCHW_kMAX_tP2_tQ16_tR2_tS2_tU2_tV2_tUnroll1_tThreads128, 0x3ebbf05adf4c9,
[09/08/2026-10:19:23] [V] [TRT]  (foreignNode)    4, 0.0028672, 1.12000, 0.00000, sm50_xmma_pooling_tiled_FP32NCHW_kMAX_tP2_tQ16_tR2_tS2_tU2_tV2_tUnroll7_tThreads128, 0x57b6f6cf937e9,
[09/08/2026-10:19:23] [V] [TRT]  (foreignNode)    7, 0.0028672, 1.12000, 0.00000, sm50_xmma_pooling_tiled_FP32NCHW_kMAX_tP2_tQ32_tR2_tS2_tU2_tV2_tUnroll3_tThreads256, 0x574a53e0917d7,
[09/08/2026-10:19:23] [V] [TRT]  (foreignNode)   10, 0.0028672, 1.12000, 0.00000, sm50_xmma_pooling_tiled_FP32NCHW_kMAX_tP2_tQ32_tR2_tS2_tU2_tV2_tUnroll7_tThreads256, 0x4486fe35bb9b6,
[09/08/2026-10:19:23] [V] [TRT]  (foreignNode)   12, 0.0028672, 1.12000, 0.00000, sm50_xmma_pooling_tiled_FP32NCHW_kMAX_tP2_tQ32_tR2_tS2_tU2_tV2_tUnroll2_tThreads256, 0x3e100f7852d5b,
[09/08/2026-10:19:23] [V] [TRT]  (foreignNode)   16, 0.0028672, 1.12000, 0.00000, sm50_xmma_pooling_tiled_FP32NCHW_kMAX_tP2_tQ32_tR2_tS2_tU2_tV2_tUnroll6_tThreads256, 0x4d3fe9a680037,
[09/08/2026-10:19:23] [V] [TRT]  (foreignNode)    1, 0.0029696, 1.16000, 0.00000, sm50_xmma_pooling_nd_NCDHW_kMAX_kGENERIC_3D_POOLING_MODE_kFLOAT_0, 0x4585def8cc74a,
[09/08/2026-10:19:23] [V] [TRT]  (foreignNode)    2, 0.0029696, 1.16000, 0.00000, sm50_xmma_pooling_tiled_FP32NCHW_kMAX_tP2_tQ32_tR2_tS2_tU2_tV2_tUnroll8_tThreads256, 0x31b490e5dd561,
[09/08/2026-10:19:23] [V] [TRT]  (foreignNode)   20, 0.0029696, 1.16000, 0.00000, sm50_xmma_pooling_max_nhwc_FP32FP32_WINDOWSIZE_0_PROPAGATE_NAN_3D, 0x5a97b3ce9553f,
[09/08/2026-10:19:23] [V] [TRT]  (foreignNode)    3, 0.0029728, 1.16125, 0.00000, sm50_xmma_pooling_tiled_FP32NCHW_kMAX_tP2_tQ16_tR2_tS2_tU2_tV2_tUnroll8_tThreads128, 0x35b619daa9695,
[09/08/2026-10:19:23] [V] [TRT]  (foreignNode)   22, 0.0030528, 1.19250, 0.00000, sm50_xmma_pooling_max_nhwc_FP32FP32_WINDOWSIZE_0_PROPAGATE_NAN_2D, 0x6222d97cbef13,
[09/08/2026-10:19:23] [V] [TRT]  (foreignNode)    0, 0.0030720, 1.20000, 0.00000, sm50_xmma_pooling_fw_4d_FP32FP32NCHW_Max, 0x5f406932461bd,
[09/08/2026-10:19:23] [V] [TRT]  (foreignNode)   17, 0.0030720, 1.20000, 0.00000, sm50_xmma_pooling_tiled_FP32NCHW_kMAX_tP2_tQ32_tR2_tS2_tU2_tV2_tUnroll1_tThreads256, 0x48d0c454acd5e,
[09/08/2026-10:19:23] [V] [TRT]  (foreignNode)   19, 0.0031776, 1.24125, 0.00000, sm50_xmma_pooling_max_nhwc_FP32FP32_WINDOWSIZE_0_NOT_PROPAGATE_NAN_2D, 0x298e8c7446c89,
[09/08/2026-10:19:23] [V] [TRT]  (foreignNode)   18, 0.0032704, 1.27750, 0.00000, sm50_xmma_pooling_max_nhwc_FP32FP32_WINDOWSIZE_0_NOT_PROPAGATE_NAN_3D, 0x4e880e5e13f78,
[09/08/2026-10:19:23] [V] [TRT]  (foreignNode)   21, 0.0033824, 1.32125, 0.00000, sm50_xmma_pooling_fw_4d_FP32FP32NHWC_Max_CAlign4, 0x3015edcf5c706,
[09/08/2026-10:19:23] [V] [TRT]  (foreignNode) Autotuning op node_linear: [ONNX Layer: node_linear][ONNX Layer: node_relu_2]
[09/08/2026-10:19:23] [V] [TRT]  (foreignNode) Sorted table of all evaluated tactics:
[09/08/2026-10:19:23] [V] [TRT]  (foreignNode) tactic_id, cost(in ms), cost/fastest_cost, prediction_correlation, kernel_name, tactic_hash, tunable_parameter
[09/08/2026-10:19:23] [V] [TRT]  (foreignNode)    5, 0.0162816, 1.00000, 0.53077, sm80_xmma_gemm_f32f32_f32f32_f32_nn_n_tilesize32x32x8_stage3_warpsize1x2x1_ffma_aligna4_alignc4, 0x6d82cd955c68d,
[09/08/2026-10:19:23] [V] [TRT]  (foreignNode)   24, 0.0171008, 1.05031, 0.53928, sm80_xmma_gemm_f32f32_f32f32_f32_nn_n_tilesize32x32x8_stage3_warpsize1x2x1_ffma_aligna4_alignc4, 0x2ad971a993d84,
[09/08/2026-10:19:23] [V] [TRT]  (foreignNode)   13, 0.0179168, 1.10043, 0.49019, sm80_xmma_gemm_f32f32_f32f32_f32_tn_n_tilesize32x32x8_stage3_warpsize1x2x1_ffma_aligna4_alignc4, 0x37a2cf0e099d7,
[09/08/2026-10:19:23] [V] [TRT]  (foreignNode)   15, 0.0185376, 1.13856, 0.47562, sm80_xmma_gemm_f32f32_f32f32_f32_nn_n_tilesize32x32x8_stage3_warpsize1x2x1_ffma_aligna4_alignc4, 0x4ecae463c3d31,
[09/08/2026-10:19:23] [V] [TRT]  (foreignNode)   28, 0.0187424, 1.15114, 0.50144, sm80_xmma_gemm_f32f32_f32f32_f32_tn_n_tilesize32x32x8_stage3_warpsize1x2x1_ffma_aligna4_alignc4, 0x55a482ce2d617,
[09/08/2026-10:19:23] [V] [TRT]  (foreignNode)   21, 0.0197664, 1.21403, 0.45358, sm80_xmma_gemm_f32f32_f32f32_f32_tn_n_tilesize32x32x8_stage3_warpsize1x2x1_ffma_aligna4_alignc4, 0x535ebba3c0265,
[09/08/2026-10:19:23] [V] [TRT]  (foreignNode)   33, 0.0199680, 1.22641, 0.58031, sm80_xmma_gemm_f32f32_f32f32_f32_nn_n_tilesize64x64x8_stage3_warpsize1x4x1_ffma_aligna4_alignc4, 0x403b49d2f998b,
[09/08/2026-10:19:23] [V] [TRT]  (foreignNode)   35, 0.0201728, 1.23899, 0.58595, sm80_xmma_gemm_f32f32_f32f32_f32_tn_n_tilesize64x64x8_stage3_warpsize1x4x1_ffma_aligna4_alignc4, 0x3191d7c5a5a66,
[09/08/2026-10:19:23] [V] [TRT]  (foreignNode)   48, 0.0211968, 1.30189, 0.59635, sm80_xmma_gemm_f32f32_f32f32_f32_nn_n_tilesize64x64x8_stage3_warpsize1x4x1_ffma_aligna4_alignc4, 0x36f3a98086010,
[09/08/2026-10:19:23] [V] [TRT]  (foreignNode)   57, 0.0213888, 1.31368, 0.60360, sm80_xmma_gemm_f32f32_f32f32_f32_tn_n_tilesize64x64x8_stage3_warpsize1x4x1_ffma_aligna4_alignc4, 0x6bbc9973a174c,
[09/08/2026-10:19:23] [V] [TRT]  (foreignNode)    3, 0.0216032, 1.32685, 0.39771, sm80_xmma_gemm_f32f32_f32f32_f32_nn_n_tilesize32x32x8_stage3_warpsize1x2x1_ffma_aligna4_alignc4, 0x4e963d5847c15,
[09/08/2026-10:19:23] [V] [TRT]  (foreignNode)    7, 0.0218112, 1.33962, 0.39831, sm80_xmma_gemm_f32f32_f32f32_f32_nn_n_tilesize32x64x8_stage3_warpsize1x2x1_ffma_aligna4_alignc4, 0x4c5aa37363eea,
[09/08/2026-10:19:23] [V] [TRT]  (foreignNode)   37, 0.0220160, 1.35220, 0.54129, sm80_xmma_gemm_f32f32_f32f32_f32_nn_n_tilesize64x64x8_stage3_warpsize1x4x1_ffma_aligna4_alignc4, 0x5f5eeb5124264,
[09/08/2026-10:19:23] [V] [TRT]  (foreignNode)   39, 0.0224288, 1.37755, 0.54236, sm80_xmma_gemm_f32f32_f32f32_f32_tn_n_tilesize64x64x8_stage3_warpsize1x4x1_ffma_aligna4_alignc4, 0x50ab8185912e3,
[09/08/2026-10:19:23] [V] [TRT]  (foreignNode)   17, 0.0226336, 1.39013, 0.39266, sm80_xmma_gemm_f32f32_f32f32_f32_nn_n_tilesize32x64x8_stage3_warpsize1x2x1_ffma_aligna4_alignc4, 0x370a8a55335bd,
[09/08/2026-10:19:23] [V] [TRT]  (foreignNode)   25, 0.0230464, 1.41549, 0.40027, sm80_xmma_gemm_f32f32_f32f32_f32_nn_n_tilesize32x64x8_stage3_warpsize1x2x1_ffma_aligna4_alignc4, 0x54e1551862b58,
[09/08/2026-10:19:23] [V] [TRT]  (foreignNode)   11, 0.0232448, 1.42767, 0.37548, sm80_xmma_gemm_f32f32_f32f32_f32_tn_n_tilesize32x32x8_stage3_warpsize1x2x1_ffma_aligna4_alignc4, 0x67c8b9b40a712,
[09/08/2026-10:19:23] [V] [TRT]  (foreignNode)   19, 0.0234560, 1.44064, 0.37968, sm80_xmma_gemm_f32f32_f32f32_f32_tn_n_tilesize32x64x8_stage3_warpsize1x2x1_ffma_aligna4_alignc4, 0x2a09e59031cb5,
[09/08/2026-10:19:23] [V] [TRT]  (foreignNode)    1, 0.0236544, 1.45283, 0.36272, sm80_xmma_gemm_f32f32_f32f32_f32_nn_n_tilesize32x32x8_stage3_warpsize1x2x1_ffma_aligna4_alignc4, 0x58395b37071a2,
[09/08/2026-10:19:23] [V] [TRT]  (foreignNode)   23, 0.0240640, 1.47799, 0.37914, sm80_xmma_gemm_f32f32_f32f32_f32_tn_n_tilesize32x64x8_stage3_warpsize1x2x1_ffma_aligna4_alignc4, 0x502bddc1ad6aa,
[09/08/2026-10:19:23] [V] [TRT]  (foreignNode)   69, 0.0244704, 1.50295, 0.53873, sm80_xmma_gemm_f32f32_f32f32_f32_nn_n_tilesize64x32x8_stage3_warpsize1x2x1_ffma_aligna4_alignc4, 0x346ce9d9d656d,
[09/08/2026-10:19:23] [V] [TRT]  (foreignNode)    9, 0.0250880, 1.54088, 0.34738, sm80_xmma_gemm_f32f32_f32f32_f32_tn_n_tilesize32x32x8_stage3_warpsize1x2x1_ffma_aligna4_alignc4, 0x3bf2329ae5805,
[09/08/2026-10:19:23] [V] [TRT]  (foreignNode)   29, 0.0250880, 1.54088, 0.37797, sm80_xmma_gemm_f32f32_f32f32_f32_tn_n_tilesize32x64x8_stage3_warpsize1x2x1_ffma_aligna4_alignc4, 0x6dae82eff29f2,
[09/08/2026-10:19:23] [V] [TRT]  (foreignNode)   67, 0.0250944, 1.54127, 0.52209, sm80_xmma_gemm_f32f32_f32f32_f32_tn_n_tilesize64x32x8_stage3_warpsize1x2x1_ffma_aligna4_alignc4, 0x4e6c5a2230ca2,
[09/08/2026-10:19:23] [V] [TRT]  (foreignNode)   75, 0.0259072, 1.59119, 0.52130, sm80_xmma_gemm_f32f32_f32f32_f32_nn_n_tilesize64x32x8_stage3_warpsize1x2x1_ffma_aligna4_alignc4, 0x2cac13452e25c,
[09/08/2026-10:19:23] [V] [TRT]  (foreignNode)   71, 0.0261088, 1.60358, 0.51428, sm80_xmma_gemm_f32f32_f32f32_f32_tn_n_tilesize64x32x8_stage3_warpsize1x2x1_ffma_aligna4_alignc4, 0x517973744dedd,
[09/08/2026-10:19:23] [V] [TRT]  (foreignNode)    4, 0.0263168, 1.61635, 0.32833, sm80_xmma_gemm_f32f32_f32f32_f32_nn_n_tilesize32x32x8_stage3_warpsize1x2x1_ffma_aligna4_alignc4, 0x46558939c5834,
[09/08/2026-10:19:23] [V] [TRT]  (foreignNode)   79, 0.0263168, 1.61635, 0.54108, sm80_xmma_gemm_f32f32_f32f32_f32_nn_n_tilesize64x32x8_stage3_warpsize1x2x1_ffma_aligna4_alignc4, 0x37a6f8b3d0597,
[09/08/2026-10:19:23] [V] [TRT]  (foreignNode)   78, 0.0269312, 1.65409, 0.52652, sm80_xmma_gemm_f32f32_f32f32_f32_tn_n_tilesize64x32x8_stage3_warpsize1x2x1_ffma_aligna4_alignc4, 0x679e23d8b2284,
[09/08/2026-10:19:23] [V] [TRT]  (foreignNode)    2, 0.0269344, 1.65428, 0.31895, sm80_xmma_gemm_f32f32_f32f32_f32_nn_n_tilesize32x32x8_stage3_warpsize1x2x1_ffma_aligna4_alignc4, 0x3e2b79b808f90,
[09/08/2026-10:19:23] [V] [TRT]  (foreignNode)   12, 0.0271360, 1.66667, 0.32360, sm80_xmma_gemm_f32f32_f32f32_f32_tn_n_tilesize32x32x8_stage3_warpsize1x2x1_ffma_aligna4_alignc4, 0x31669e2aa4e25,
[09/08/2026-10:19:23] [V] [TRT]  (foreignNode)   81, 0.0277504, 1.70440, 0.57869, sm80_xmma_gemm_f32f32_f32f32_f32_nn_n_tilesize64x128x8_stage3_warpsize1x4x1_ffma_aligna4_alignc4, 0x3fceb3247bee1,
[09/08/2026-10:19:23] [V] [TRT]  (foreignNode)   73, 0.0279584, 1.71718, 0.48238, sm80_xmma_gemm_f32f32_f32f32_f32_nn_n_tilesize32x128x8_stage3_warpsize1x2x1_ffma_aligna4_alignc4, 0x47688ffad0dc4,
[09/08/2026-10:19:23] [V] [TRT]  (foreignNode)   43, 0.0281600, 1.72956, 0.44352, sm80_xmma_gemm_f32f32_f32f32_f32_tn_n_tilesize32x128x8_stage3_warpsize1x2x1_ffma_aligna4_alignc4, 0x3ec758198d1b4,
[09/08/2026-10:19:23] [V] [TRT]  (foreignNode)   47, 0.0281696, 1.73015, 0.44532, sm80_xmma_gemm_f32f32_f32f32_f32_nn_n_tilesize64x64x8_stage3_warpsize1x4x1_ffma_aligna4_alignc4, 0x47678712d58c0,
[09/08/2026-10:19:23] [V] [TRT]  (foreignNode)   50, 0.0285696, 1.75472, 0.44831, sm80_xmma_gemm_f32f32_f32f32_f32_tn_n_tilesize64x64x8_stage3_warpsize1x4x1_ffma_aligna4_alignc4, 0x65d1e87cb8f7c,
[09/08/2026-10:19:23] [V] [TRT]  (foreignNode)   85, 0.0285728, 1.75491, 0.59482, sm80_xmma_gemm_f32f32_f32f32_f32_tn_n_tilesize64x128x8_stage3_warpsize1x4x1_ffma_aligna4_alignc4, 0x6005feb03b208,
[09/08/2026-10:19:23] [V] [TRT]  (foreignNode)   10, 0.0287712, 1.76710, 0.30331, sm80_xmma_gemm_f32f32_f32f32_f32_tn_n_tilesize32x32x8_stage3_warpsize1x2x1_ffma_aligna4_alignc4, 0x499a34feffdc8,
[09/08/2026-10:19:23] [V] [TRT]  (foreignNode)   95, 0.0291808, 1.79226, 0.64634, sm80_xmma_gemm_f32f32_f32f32_f32_nn_n_tilesize64x64x8_stage3_warpsize1x4x1_ffma_aligna4_alignc4, 0x416665b491226,
[09/08/2026-10:19:23] [V] [TRT]  (foreignNode)    6, 0.0291872, 1.79265, 0.29760, sm80_xmma_gemm_f32f32_f32f32_f32_nn_n_tilesize32x64x8_stage3_warpsize1x2x1_ffma_aligna4_alignc4, 0x4414f36cb3a92,
[09/08/2026-10:19:23] [V] [TRT]  (foreignNode)   41, 0.0302144, 1.85574, 0.40860, sm80_xmma_gemm_f32f32_f32f32_f32_nn_n_tilesize32x64x8_stage3_warpsize1x2x1_ffma_aligna4_alignc4, 0x61635c245e221,
[09/08/2026-10:19:23] [V] [TRT]  (foreignNode)   18, 0.0312320, 1.91824, 0.28510, sm80_xmma_gemm_f32f32_f32f32_f32_tn_n_tilesize32x64x8_stage3_warpsize1x2x1_ffma_aligna4_alignc4, 0x6022d48ed36d6,
[09/08/2026-10:19:23] [V] [TRT]  (foreignNode)   63, 0.0318464, 1.95597, 0.41064, sm80_xmma_gemm_f32f32_f32f32_f32_nn_n_tilesize64x32x8_stage3_warpsize1x2x1_ffma_aligna4_alignc4, 0x39320b1e10c74,
[09/08/2026-10:19:23] [V] [TRT]  (foreignNode)   59, 0.0320512, 1.96855, 0.40534, sm80_xmma_gemm_f32f32_f32f32_f32_tn_n_tilesize64x32x8_stage3_warpsize1x2x1_ffma_aligna4_alignc4, 0x4ffb91b3b41bc,
[09/08/2026-10:19:23] [V] [TRT]  (foreignNode)   91, 0.0322560, 1.98113, 0.55824, sm80_xmma_gemm_f32f32_f32f32_f32_tn_n_tilesize32x128x8_stage3_warpsize1x2x1_ffma_aligna4_alignc4, 0x5d157ee472a25,
[09/08/2026-10:19:23] [V] [TRT]  (foreignNode)   93, 0.0324608, 1.99371, 0.57960, sm80_xmma_gemm_f32f32_f32f32_f32_nn_n_tilesize32x128x8_stage3_warpsize1x2x1_ffma_aligna4_alignc4, 0x5a5910f06bbca,
[09/08/2026-10:19:23] [V] [TRT]  (foreignNode)   27, 0.0328736, 2.01906, 0.28143, sm80_xmma_gemm_f32f32_f32f32_f32_nn_n_tilesize32x64x8_stage3_warpsize1x2x1_ffma_aligna4_alignc4, 0x66fb8a441acf0,
[09/08/2026-10:19:23] [V] [TRT]  (foreignNode)   34, 0.0330752, 2.03145, 0.35733, sm80_xmma_gemm_f32f32_f32f32_f32_tn_n_tilesize64x64x8_stage3_warpsize1x4x1_ffma_aligna4_alignc4, 0x4f404faf7999e,
[09/08/2026-10:19:23] [V] [TRT]  (foreignNode)   32, 0.0332800, 2.04402, 0.34814, sm80_xmma_gemm_f32f32_f32f32_f32_nn_n_tilesize64x64x8_stage3_warpsize1x4x1_ffma_aligna4_alignc4, 0x5666f2427231f,
[09/08/2026-10:19:23] [V] [TRT]  (foreignNode)   54, 0.0334720, 2.05582, 0.38395, sm80_xmma_gemm_f32f32_f32f32_f32_tn_n_tilesize32x64x8_stage3_warpsize1x2x1_ffma_aligna4_alignc4, 0x5d8cddb313752,
[09/08/2026-10:19:23] [V] [TRT]  (foreignNode)   40, 0.0345088, 2.11950, 0.35771, sm80_xmma_gemm_f32f32_f32f32_f32_nn_n_tilesize32x64x8_stage3_warpsize1x2x1_ffma_aligna4_alignc4, 0x3ff4c37c40729,
[09/08/2026-10:19:23] [V] [TRT]  (foreignNode)   45, 0.0349056, 2.14387, 0.35836, sm80_xmma_gemm_f32f32_f32f32_f32_nn_n_tilesize32x32x8_stage3_warpsize1x2x1_ffma_aligna4_alignc4, 0x4300afbf8d6ce,
[09/08/2026-10:19:23] [V] [TRT]  (foreignNode)   31, 0.0349184, 2.14465, 0.27237, sm80_xmma_gemm_f32f32_f32f32_f32_tn_n_tilesize32x64x8_stage3_warpsize1x2x1_ffma_aligna4_alignc4, 0x2c6f6711d78f9,
[09/08/2026-10:19:23] [V] [TRT]  (foreignNode)   77, 0.0351232, 2.15723, 0.39316, sm80_xmma_gemm_f32f32_f32f32_f32_nn_n_tilesize32x128x8_stage3_warpsize1x2x1_ffma_aligna4_alignc4, 0x43f827697ef18,
[09/08/2026-10:19:23] [V] [TRT]  (foreignNode)   94, 0.0357312, 2.19458, 0.52781, sm80_xmma_gemm_f32f32_f32f32_f32_nn_n_tilesize64x64x8_stage3_warpsize1x4x1_ffma_aligna4_alignc4, 0x662ed2e5fb610,
[09/08/2026-10:19:23] [V] [TRT]  (foreignNode)   52, 0.0359424, 2.20755, 0.35657, sm80_xmma_gemm_f32f32_f32f32_f32_tn_n_tilesize32x128x8_stage3_warpsize1x2x1_ffma_aligna4_alignc4, 0x4f43a9b04391f,
[09/08/2026-10:19:23] [V] [TRT]  (foreignNode)   99, 0.0363520, 2.23270, 0.53252, sm80_xmma_gemm_f32f32_f32f32_f32_tn_n_tilesize64x64x8_stage3_warpsize1x4x1_ffma_aligna4_alignc4, 0x3a2ffc80b8582,
[09/08/2026-10:19:23] [V] [TRT]  (foreignNode)   68, 0.0369664, 2.27044, 0.35658, sm80_xmma_gemm_f32f32_f32f32_f32_nn_n_tilesize64x32x8_stage3_warpsize1x2x1_ffma_aligna4_alignc4, 0x2fd80be19664b,
[09/08/2026-10:19:23] [V] [TRT]  (foreignNode)   66, 0.0371712, 2.28302, 0.35243, sm80_xmma_gemm_f32f32_f32f32_f32_tn_n_tilesize64x32x8_stage3_warpsize1x2x1_ffma_aligna4_alignc4, 0x4660d3d2f3a70,
[09/08/2026-10:19:23] [V] [TRT]  (foreignNode)   65, 0.0371744, 2.28322, 0.35227, sm80_xmma_gemm_f32f32_f32f32_f32_nn_n_tilesize64x32x8_stage3_warpsize1x2x1_ffma_aligna4_alignc4, 0x35a50d9b9d9e3,
[09/08/2026-10:19:23] [V] [TRT]  (foreignNode)   16, 0.0373760, 2.29560, 0.23774, sm80_xmma_gemm_f32f32_f32f32_f32_nn_n_tilesize32x64x8_stage3_warpsize1x2x1_ffma_aligna4_alignc4, 0x2c1217a74827f,
[09/08/2026-10:19:23] [V] [TRT]  (foreignNode)   44, 0.0373792, 2.29579, 0.33463, sm80_xmma_gemm_f32f32_f32f32_f32_nn_n_tilesize32x32x8_stage3_warpsize1x2x1_ffma_aligna4_alignc4, 0x4dd829acdf3ed,
[09/08/2026-10:19:23] [V] [TRT]  (foreignNode)   53, 0.0374752, 2.30169, 0.34290, sm80_xmma_gemm_f32f32_f32f32_f32_tn_n_tilesize32x64x8_stage3_warpsize1x2x1_ffma_aligna4_alignc4, 0x30019d3168401,
[09/08/2026-10:19:23] [V] [TRT]  (foreignNode)   14, 0.0375808, 2.30818, 0.23458, sm80_xmma_gemm_f32f32_f32f32_f32_nn_n_tilesize32x32x8_stage3_warpsize1x2x1_ffma_aligna4_alignc4, 0x38207f0b16feb,
[09/08/2026-10:19:23] [V] [TRT]  (foreignNode)   61, 0.0379872, 2.33314, 0.34249, sm80_xmma_gemm_f32f32_f32f32_f32_tn_n_tilesize64x32x8_stage3_warpsize1x2x1_ffma_aligna4_alignc4, 0x5ade1c7730cc9,
[09/08/2026-10:19:23] [V] [TRT]  (foreignNode)   83, 0.0379936, 2.33353, 0.43655, sm80_xmma_gemm_f32f32_f32f32_f32_nn_n_tilesize64x128x8_stage3_warpsize1x4x1_ffma_aligna4_alignc4, 0x4cc3cf267019e,
[09/08/2026-10:19:23] [V] [TRT]  (foreignNode)   56, 0.0381952, 2.34591, 0.33761, sm80_xmma_gemm_f32f32_f32f32_f32_tn_n_tilesize32x32x8_stage3_warpsize1x2x1_ffma_aligna4_alignc4, 0x6359a24b247b5,
[09/08/2026-10:19:23] [V] [TRT]  (foreignNode)   89, 0.0381952, 2.34591, 0.46004, sm80_xmma_gemm_f32f32_f32f32_f32_tn_n_tilesize64x128x8_stage3_warpsize1x4x1_ffma_aligna4_alignc4, 0x55a498a525afe,
[09/08/2026-10:19:23] [V] [TRT]  (foreignNode)   20, 0.0386208, 2.37205, 0.23211, sm80_xmma_gemm_f32f32_f32f32_f32_tn_n_tilesize32x32x8_stage3_warpsize1x2x1_ffma_aligna4_alignc4, 0x56f9a9b1ebc66,
[09/08/2026-10:19:23] [V] [TRT]  (foreignNode)   22, 0.0392224, 2.40900, 0.23257, sm80_xmma_gemm_f32f32_f32f32_f32_tn_n_tilesize32x64x8_stage3_warpsize1x2x1_ffma_aligna4_alignc4, 0x4d088d1d0753c,
[09/08/2026-10:19:23] [V] [TRT]  (foreignNode)   90, 0.0394240, 2.42138, 0.45668, sm80_xmma_gemm_f32f32_f32f32_f32_tn_n_tilesize32x128x8_stage3_warpsize1x2x1_ffma_aligna4_alignc4, 0x68489445757c4,
[09/08/2026-10:19:23] [V] [TRT]  (foreignNode)   92, 0.0394240, 2.42138, 0.47717, sm80_xmma_gemm_f32f32_f32f32_f32_nn_n_tilesize32x128x8_stage3_warpsize1x2x1_ffma_aligna4_alignc4, 0x61085aa529232,
[09/08/2026-10:19:23] [V] [TRT]  (foreignNode)   87, 0.0394400, 2.42237, 0.44137, sm80_xmma_gemm_f32f32_f32f32_f32_nn_n_tilesize64x256x8_stage3_warpsize1x4x1_ffma_aligna4_alignc4, 0x66f9afa091402,
[09/08/2026-10:19:23] [V] [TRT]  (foreignNode)   55, 0.0412704, 2.53479, 0.31243, sm80_xmma_gemm_f32f32_f32f32_f32_tn_n_tilesize32x32x8_stage3_warpsize1x2x1_ffma_aligna4_alignc4, 0x38b53ffd5e6f2,
[09/08/2026-10:19:23] [V] [TRT]  (foreignNode)   72, 0.0429056, 2.63522, 0.31428, sm80_xmma_gemm_f32f32_f32f32_f32_nn_n_tilesize32x128x8_stage3_warpsize1x2x1_ffma_aligna4_alignc4, 0x3e5b3a75a1a8c,
[09/08/2026-10:19:23] [V] [TRT]  (foreignNode)   42, 0.0433184, 2.66057, 0.28826, sm80_xmma_gemm_f32f32_f32f32_f32_tn_n_tilesize32x128x8_stage3_warpsize1x2x1_ffma_aligna4_alignc4, 0x48a9925bbbad3,
[09/08/2026-10:19:23] [V] [TRT]  (foreignNode)   64, 0.0435200, 2.67296, 0.30087, sm80_xmma_gemm_f32f32_f32f32_f32_nn_n_tilesize64x32x8_stage3_warpsize1x2x1_ffma_aligna4_alignc4, 0x69d1a2cae29cb,
[09/08/2026-10:19:23] [V] [TRT]  (foreignNode)   60, 0.0437216, 2.68534, 0.29754, sm80_xmma_gemm_f32f32_f32f32_f32_tn_n_tilesize64x32x8_stage3_warpsize1x2x1_ffma_aligna4_alignc4, 0x29561118f29d3,
[09/08/2026-10:19:23] [V] [TRT]  (foreignNode)   36, 0.0476128, 2.92433, 0.25026, sm80_xmma_gemm_f32f32_f32f32_f32_nn_n_tilesize64x64x8_stage3_warpsize1x4x1_ffma_aligna4_alignc4, 0x4473ab63599ec,
[09/08/2026-10:19:23] [V] [TRT]  (foreignNode)   38, 0.0478176, 2.93691, 0.25436, sm80_xmma_gemm_f32f32_f32f32_f32_tn_n_tilesize64x64x8_stage3_warpsize1x4x1_ffma_aligna4_alignc4, 0x6b9f4c0beb63d,
[09/08/2026-10:19:23] [V] [TRT]  (foreignNode)   98, 0.0506880, 3.11321, 0.37761, sm80_xmma_gemm_f32f32_f32f32_f32_nn_n_tilesize32x64x8_stage3_warpsize1x2x1_ffma_aligna4_alignc4, 0x470641267f24f,
[09/08/2026-10:19:23] [V] [TRT]  (foreignNode)   70, 0.0508896, 3.12559, 0.26382, sm80_xmma_gemm_f32f32_f32f32_f32_tn_n_tilesize64x32x8_stage3_warpsize1x2x1_ffma_aligna4_alignc4, 0x333586b578bcc,
[09/08/2026-10:19:23] [V] [TRT]  (foreignNode)   74, 0.0512800, 3.14957, 0.26334, sm80_xmma_gemm_f32f32_f32f32_f32_nn_n_tilesize64x32x8_stage3_warpsize1x2x1_ffma_aligna4_alignc4, 0x4ddaef3c641b6,
[09/08/2026-10:19:23] [V] [TRT]  (foreignNode)   80, 0.0521216, 3.20126, 0.30806, sm80_xmma_gemm_f32f32_f32f32_f32_nn_n_tilesize64x128x8_stage3_warpsize1x4x1_ffma_aligna4_alignc4, 0x3fdc2768a966d,
[09/08/2026-10:19:23] [V] [TRT]  (foreignNode)   97, 0.0529408, 3.25157, 0.36151, sm80_xmma_gemm_f32f32_f32f32_f32_nn_n_tilesize32x64x8_stage3_warpsize1x2x1_ffma_aligna4_alignc4, 0x4f9659464974f,
[09/08/2026-10:19:23] [V] [TRT]  (foreignNode)   84, 0.0535360, 3.28813, 0.31742, sm80_xmma_gemm_f32f32_f32f32_f32_tn_n_tilesize64x128x8_stage3_warpsize1x4x1_ffma_aligna4_alignc4, 0x6a58bd0adbba3,
[09/08/2026-10:19:23] [V] [TRT]  (foreignNode)   96, 0.0603200, 3.70480, 0.31592, sm80_xmma_gemm_f32f32_f32f32_f32_nn_n_tilesize32x32x8_stage3_warpsize1x2x1_ffma_aligna4_alignc4, 0x3d588300e3f93,
[09/08/2026-10:19:23] [V] [TRT]  (foreignNode)   26, 0.0633856, 3.89308, 0.14593, sm80_xmma_gemm_f32f32_f32f32_f32_nn_n_tilesize32x64x8_stage3_warpsize1x2x1_ffma_aligna4_alignc4, 0x2b919abc807d1,
[09/08/2026-10:19:23] [V] [TRT]  (foreignNode)   76, 0.0656352, 4.03125, 0.21034, sm80_xmma_gemm_f32f32_f32f32_f32_nn_n_tilesize32x128x8_stage3_warpsize1x2x1_ffma_aligna4_alignc4, 0x69ac32b65dbfc,
[09/08/2026-10:19:23] [V] [TRT]  (foreignNode)   51, 0.0660480, 4.05660, 0.19400, sm80_xmma_gemm_f32f32_f32f32_f32_tn_n_tilesize32x128x8_stage3_warpsize1x2x1_ffma_aligna4_alignc4, 0x36bd35d727f8c,
[09/08/2026-10:19:23] [V] [TRT]  (foreignNode)   30, 0.0662496, 4.06899, 0.14353, sm80_xmma_gemm_f32f32_f32f32_f32_tn_n_tilesize32x64x8_stage3_warpsize1x2x1_ffma_aligna4_alignc4, 0x32d541cef01a4,
[09/08/2026-10:19:23] [V] [TRT]  (foreignNode)    0, 0.0701440, 4.30818, 0.12230, sm80_xmma_gemm_f32f32_f32f32_f32_nn_n_tilesize32x32x8_stage3_warpsize1x2x1_ffma_aligna4_alignc4, 0x35c4b157a016d,
[09/08/2026-10:19:23] [V] [TRT]  (foreignNode)    8, 0.0707552, 4.34572, 0.12315, sm80_xmma_gemm_f32f32_f32f32_f32_tn_n_tilesize32x32x8_stage3_warpsize1x2x1_ffma_aligna4_alignc4, 0x4c6cca9ee63e9,
[09/08/2026-10:19:23] [V] [TRT]  (foreignNode)   46, 0.0807936, 4.96226, 0.15524, sm80_xmma_gemm_f32f32_f32f32_f32_nn_n_tilesize64x64x8_stage3_warpsize1x4x1_ffma_aligna4_alignc4, 0x2cb66816b4f39,
[09/08/2026-10:19:23] [V] [TRT]  (foreignNode)   49, 0.0807936, 4.96226, 0.15850, sm80_xmma_gemm_f32f32_f32f32_f32_tn_n_tilesize64x64x8_stage3_warpsize1x4x1_ffma_aligna4_alignc4, 0x5b966e3477506,
[09/08/2026-10:19:23] [V] [TRT]  (foreignNode)   82, 0.0867328, 5.32704, 0.19120, sm80_xmma_gemm_f32f32_f32f32_f32_nn_n_tilesize64x128x8_stage3_warpsize1x4x1_ffma_aligna4_alignc4, 0x2ed2ddcdd68f5,
[09/08/2026-10:19:23] [V] [TRT]  (foreignNode)   88, 0.0885760, 5.44025, 0.19834, sm80_xmma_gemm_f32f32_f32f32_f32_tn_n_tilesize64x128x8_stage3_warpsize1x4x1_ffma_aligna4_alignc4, 0x2d81d06f16b22,
[09/08/2026-10:19:23] [V] [TRT]  (foreignNode)   58, 0.0898080, 5.51592, 0.14464, sm80_xmma_gemm_f32f32_f32f32_f32_tn_n_tilesize64x32x8_stage3_warpsize1x2x1_ffma_aligna4_alignc4, 0x2c42b43bb1794,
[09/08/2026-10:19:23] [V] [TRT]  (foreignNode)   62, 0.0902208, 5.54127, 0.14493, sm80_xmma_gemm_f32f32_f32f32_f32_nn_n_tilesize64x32x8_stage3_warpsize1x2x1_ffma_aligna4_alignc4, 0x302ea418890aa,
[09/08/2026-10:19:23] [V] [TRT]  (foreignNode)   86, 0.1115840, 6.85338, 0.15598, sm80_xmma_gemm_f32f32_f32f32_f32_nn_n_tilesize64x256x8_stage3_warpsize1x4x1_ffma_aligna4_alignc4, 0x488109957e152,
[09/08/2026-10:19:23] [V] [TRT]  (foreignNode) Autotuning op node_linear_1_2: [ONNX Layer: node_linear_1]
[09/08/2026-10:19:23] [V] [TRT]  (foreignNode) Sorted table of all evaluated tactics:
[09/08/2026-10:19:23] [V] [TRT]  (foreignNode) tactic_id, cost(in ms), cost/fastest_cost, prediction_correlation, kernel_name, tactic_hash, tunable_parameter
[09/08/2026-10:19:23] [V] [TRT]  (foreignNode)    1, 0.0089088, 1.00000, 0.55222, sm80_xmma_gemm_f32f32_f32f32_f32_nn_n_tilesize32x32x8_stage3_warpsize1x2x1_ffma_aligna4_alignc4, 0x375c64d280503,
[09/08/2026-10:19:23] [V] [TRT]  (foreignNode)    3, 0.0093088, 1.04490, 0.54481, sm80_xmma_gemm_f32f32_f32f32_f32_nn_n_tilesize32x32x8_stage3_warpsize1x2x1_ffma_aligna4_alignc4, 0x2d95d49a3e318,
[09/08/2026-10:19:23] [V] [TRT]  (foreignNode)    0, 0.0093184, 1.04598, 0.52501, sm80_xmma_gemm_f32f32_f32f32_f32_tn_n_tilesize32x32x8_stage3_warpsize1x2x1_ffma_aligna4_alignc4, 0x3130e586a6bec,
[09/08/2026-10:19:23] [V] [TRT]  (foreignNode)    2, 0.0095232, 1.06897, 0.53019, sm80_xmma_gemm_f32f32_f32f32_f32_tn_n_tilesize32x32x8_stage3_warpsize1x2x1_ffma_aligna4_alignc4, 0x36d2521bef05c,
[09/08/2026-10:19:23] [V] [TRT]  (foreignNode)   14, 0.0105376, 1.18283, 0.62877, sm80_xmma_gemm_f32f32_f32f32_f32_tn_n_tilesize64x64x8_stage3_warpsize1x4x1_ffma_aligna4_alignc4, 0x689e052c04bb8,
[09/08/2026-10:19:23] [V] [TRT]  (foreignNode)    4, 0.0105472, 1.18391, 0.54170, sm80_xmma_gemm_f32f32_f32f32_f32_nn_n_tilesize32x32x8_stage3_warpsize1x2x1_ffma_aligna4_alignc4, 0x5fe9b1e1a411f,
[09/08/2026-10:19:23] [V] [TRT]  (foreignNode)   13, 0.0107520, 1.20690, 0.60807, sm80_xmma_gemm_f32f32_f32f32_f32_nn_n_tilesize64x64x8_stage3_warpsize1x4x1_ffma_aligna4_alignc4, 0x45d244c16a634,
[09/08/2026-10:19:23] [V] [TRT]  (foreignNode)   17, 0.0109568, 1.22988, 0.65045, sm80_xmma_gemm_f32f32_f32f32_f32_tn_n_tilesize64x64x8_stage3_warpsize1x4x1_ffma_aligna4_alignc4, 0x502caaad720b5,
[09/08/2026-10:19:23] [V] [TRT]  (foreignNode)    5, 0.0109600, 1.23024, 0.52137, sm80_xmma_gemm_f32f32_f32f32_f32_tn_n_tilesize32x32x8_stage3_warpsize1x2x1_ffma_aligna4_alignc4, 0x36b47d262798f,
[09/08/2026-10:19:23] [V] [TRT]  (foreignNode)   16, 0.0111648, 1.25323, 0.62936, sm80_xmma_gemm_f32f32_f32f32_f32_nn_n_tilesize64x64x8_stage3_warpsize1x4x1_ffma_aligna4_alignc4, 0x62feb549424e1,
[09/08/2026-10:19:23] [V] [TRT]  (foreignNode)   22, 0.0115712, 1.29885, 0.66214, sm80_xmma_gemm_f32f32_f32f32_f32_nn_n_tilesize128x32x8_stage3_warpsize2x2x1_ffma_aligna4_alignc4, 0x33eec6e6be939,
[09/08/2026-10:19:23] [V] [TRT]  (foreignNode)    8, 0.0117728, 1.32148, 0.53054, sm80_xmma_gemm_f32f32_f32f32_f32_tn_n_tilesize64x32x8_stage3_warpsize1x2x1_ffma_aligna4_alignc4, 0x34cb12f497acb,
[09/08/2026-10:19:23] [V] [TRT]  (foreignNode)   10, 0.0117760, 1.32184, 0.54322, sm80_xmma_gemm_f32f32_f32f32_f32_nn_n_tilesize64x32x8_stage3_warpsize1x2x1_ffma_aligna4_alignc4, 0x45756b5902f85,
[09/08/2026-10:19:23] [V] [TRT]  (foreignNode)    6, 0.0119744, 1.34411, 0.50728, sm80_xmma_gemm_f32f32_f32f32_f32_nn_n_tilesize32x64x8_stage3_warpsize1x2x1_ffma_aligna4_alignc4, 0x613d221e058eb,
[09/08/2026-10:19:23] [V] [TRT]  (foreignNode)   25, 0.0119840, 1.34519, 0.66384, sm80_xmma_gemm_f32f32_f32f32_f32_tn_n_tilesize128x32x8_stage3_warpsize2x2x1_ffma_aligna4_alignc4, 0x650a3e1dfa64f,
[09/08/2026-10:19:23] [V] [TRT]  (foreignNode)   15, 0.0121824, 1.36746, 0.54770, sm80_xmma_gemm_f32f32_f32f32_f32_nn_n_tilesize64x32x8_stage3_warpsize1x2x1_ffma_aligna4_alignc4, 0x66fb30c459800,
[09/08/2026-10:19:23] [V] [TRT]  (foreignNode)   26, 0.0121888, 1.36818, 0.67645, sm80_xmma_gemm_f32f32_f32f32_f32_nn_n_tilesize128x32x8_stage3_warpsize2x2x1_ffma_aligna4_alignc4, 0x4e9efa83b5a1f,
[09/08/2026-10:19:23] [V] [TRT]  (foreignNode)    9, 0.0123904, 1.39080, 0.51179, sm80_xmma_gemm_f32f32_f32f32_f32_nn_n_tilesize32x64x8_stage3_warpsize1x2x1_ffma_aligna4_alignc4, 0x5607f7a4f38e4,
[09/08/2026-10:19:23] [V] [TRT]  (foreignNode)   12, 0.0123936, 1.39116, 0.52619, sm80_xmma_gemm_f32f32_f32f32_f32_tn_n_tilesize64x32x8_stage3_warpsize1x2x1_ffma_aligna4_alignc4, 0x450c2fd8f29fc,
[09/08/2026-10:19:23] [V] [TRT]  (foreignNode)   27, 0.0125984, 1.41415, 0.67960, sm80_xmma_gemm_f32f32_f32f32_f32_tn_n_tilesize128x32x8_stage3_warpsize2x2x1_ffma_aligna4_alignc4, 0x43e099d12feef,
[09/08/2026-10:19:23] [V] [TRT]  (foreignNode)    7, 0.0128000, 1.43678, 0.47943, sm80_xmma_gemm_f32f32_f32f32_f32_tn_n_tilesize32x64x8_stage3_warpsize1x2x1_ffma_aligna4_alignc4, 0x401ae8eca20c9,
[09/08/2026-10:19:23] [V] [TRT]  (foreignNode)   29, 0.0132032, 1.48204, 0.70222, sm80_xmma_gemm_f32f32_f32f32_f32_tn_n_tilesize64x64x8_stage3_warpsize1x4x1_ffma_aligna4_alignc4, 0x5f958a96bf2de,
[09/08/2026-10:19:23] [V] [TRT]  (foreignNode)   11, 0.0132128, 1.48312, 0.48572, sm80_xmma_gemm_f32f32_f32f32_f32_tn_n_tilesize32x64x8_stage3_warpsize1x2x1_ffma_aligna4_alignc4, 0x2b7a3f080d8a7,
[09/08/2026-10:19:23] [V] [TRT]  (foreignNode)   28, 0.0132128, 1.48312, 0.68979, sm80_xmma_gemm_f32f32_f32f32_f32_nn_n_tilesize64x64x8_stage3_warpsize1x4x1_ffma_aligna4_alignc4, 0x662109cb652ba,
[09/08/2026-10:19:23] [V] [TRT]  (foreignNode)   20, 0.0140320, 1.57507, 0.53236, sm80_xmma_gemm_f32f32_f32f32_f32_nn_n_tilesize32x64x8_stage3_warpsize1x2x1_ffma_aligna4_alignc4, 0x3c49972dd6ea2,
[09/08/2026-10:19:23] [V] [TRT]  (foreignNode)   18, 0.0146432, 1.64368, 0.49329, sm80_xmma_gemm_f32f32_f32f32_f32_nn_n_tilesize32x32x8_stage3_warpsize1x2x1_ffma_aligna4_alignc4, 0x52918114cb0bf,
[09/08/2026-10:19:23] [V] [TRT]  (foreignNode)   21, 0.0152576, 1.71264, 0.49882, sm80_xmma_gemm_f32f32_f32f32_f32_tn_n_tilesize32x64x8_stage3_warpsize1x2x1_ffma_aligna4_alignc4, 0x67f4a6869417f,
[09/08/2026-10:19:23] [V] [TRT]  (foreignNode)   24, 0.0152576, 1.71264, 0.51345, sm80_xmma_gemm_f32f32_f32f32_f32_nn_n_tilesize64x32x8_stage3_warpsize1x2x1_ffma_aligna4_alignc4, 0x4f71511891fcc,
[09/08/2026-10:19:23] [V] [TRT]  (foreignNode)   37, 0.0152576, 1.71264, 0.70413, sm80_xmma_gemm_f32f32_f32f32_f32_nn_n_tilesize128x32x8_stage3_warpsize2x2x1_ffma_aligna4_alignc4, 0x48050e8716440,
[09/08/2026-10:19:23] [V] [TRT]  (foreignNode)   44, 0.0154592, 1.73527, 0.81406, sm80_xmma_gemm_f32f32_f32f32_f32_nn_n_tilesize128x64x8_stage3_warpsize2x2x1_ffma_aligna4_alignc4, 0x409dd7bed51b8,
[09/08/2026-10:19:23] [V] [TRT]  (foreignNode)   43, 0.0154656, 1.73599, 0.81174, sm80_xmma_gemm_f32f32_f32f32_f32_tn_n_tilesize128x64x8_stage3_warpsize2x2x1_ffma_aligna4_alignc4, 0x381478c75fef6,
[09/08/2026-10:19:23] [V] [TRT]  (foreignNode)   23, 0.0156576, 1.75754, 0.49092, sm80_xmma_gemm_f32f32_f32f32_f32_tn_n_tilesize64x32x8_stage3_warpsize1x2x1_ffma_aligna4_alignc4, 0x4cbbdb471212e,
[09/08/2026-10:19:23] [V] [TRT]  (foreignNode)   19, 0.0158720, 1.78161, 0.45925, sm80_xmma_gemm_f32f32_f32f32_f32_tn_n_tilesize32x32x8_stage3_warpsize1x2x1_ffma_aligna4_alignc4, 0x2d257d90c4698,
[09/08/2026-10:19:23] [V] [TRT]  (foreignNode)   39, 0.0158720, 1.78161, 0.70306, sm80_xmma_gemm_f32f32_f32f32_f32_tn_n_tilesize128x32x8_stage3_warpsize2x2x1_ffma_aligna4_alignc4, 0x5a5546b2c3ceb,
[09/08/2026-10:19:23] [V] [TRT]  (foreignNode)   42, 0.0160896, 1.80603, 0.75885, sm80_xmma_gemm_f32f32_f32f32_f32_nn_n_tilesize64x128x8_stage3_warpsize1x4x1_ffma_aligna4_alignc4, 0x54a86bd42e014,
[09/08/2026-10:19:23] [V] [TRT]  (foreignNode)   48, 0.0164832, 1.85022, 0.84369, sm80_xmma_gemm_f32f32_f32f32_f32_nn_n_tilesize128x64x8_stage3_warpsize2x2x1_ffma_aligna4_alignc4, 0x4afdca2cf39d6,
[09/08/2026-10:19:23] [V] [TRT]  (foreignNode)   45, 0.0166912, 1.87356, 0.76761, sm80_xmma_gemm_f32f32_f32f32_f32_tn_n_tilesize64x128x8_stage3_warpsize1x4x1_ffma_aligna4_alignc4, 0x66c2c20c3535e,
[09/08/2026-10:19:23] [V] [TRT]  (foreignNode)   47, 0.0166944, 1.87392, 0.83203, sm80_xmma_gemm_f32f32_f32f32_f32_tn_n_tilesize128x64x8_stage3_warpsize2x2x1_ffma_aligna4_alignc4, 0x5e990ff49f4f2,
[09/08/2026-10:19:23] [V] [TRT]  (foreignNode)   46, 0.0168960, 1.89655, 0.79685, sm80_xmma_gemm_f32f32_f32f32_f32_nn_n_tilesize64x128x8_stage3_warpsize1x4x1_ffma_aligna4_alignc4, 0x5995c39373691,
[09/08/2026-10:19:23] [V] [TRT]  (foreignNode)   40, 0.0168992, 1.89691, 0.66473, sm80_xmma_gemm_f32f32_f32f32_f32_nn_n_tilesize32x128x8_stage3_warpsize1x2x1_ffma_aligna4_alignc4, 0x3a2d56608611f,
[09/08/2026-10:19:23] [V] [TRT]  (foreignNode)   33, 0.0170912, 1.91846, 0.59844, sm80_xmma_gemm_f32f32_f32f32_f32_tn_n_tilesize32x128x8_stage3_warpsize1x2x1_ffma_aligna4_alignc4, 0x4e29a79eb665e,
[09/08/2026-10:19:23] [V] [TRT]  (foreignNode)   51, 0.0175104, 1.96552, 0.80930, sm80_xmma_gemm_f32f32_f32f32_f32_tn_n_tilesize64x128x8_stage3_warpsize1x4x1_ffma_aligna4_alignc4, 0x2aaaa7eae3e53,
[09/08/2026-10:19:23] [V] [TRT]  (foreignNode)   38, 0.0177120, 1.98815, 0.61794, sm80_xmma_gemm_f32f32_f32f32_f32_tn_n_tilesize32x128x8_stage3_warpsize1x2x1_ffma_aligna4_alignc4, 0x5f109d2e912b7,
[09/08/2026-10:19:23] [V] [TRT]  (foreignNode)   41, 0.0177152, 1.98851, 0.67467, sm80_xmma_gemm_f32f32_f32f32_f32_nn_n_tilesize32x128x8_stage3_warpsize1x2x1_ffma_aligna4_alignc4, 0x59741f4b012d7,
[09/08/2026-10:19:23] [V] [TRT]  (foreignNode)   53, 0.0195584, 2.19540, 0.73851, sm80_xmma_gemm_f32f32_f32f32_f32_tn_n_tilesize64x64x8_stage3_warpsize1x4x1_ffma_aligna4_alignc4, 0x5da159609cd8f,
[09/08/2026-10:19:23] [V] [TRT]  (foreignNode)   50, 0.0199648, 2.24102, 0.70763, sm80_xmma_gemm_f32f32_f32f32_f32_nn_n_tilesize64x64x8_stage3_warpsize1x4x1_ffma_aligna4_alignc4, 0x42d591c7d394a,
[09/08/2026-10:19:23] [V] [TRT]  (foreignNode)   32, 0.0201728, 2.26437, 0.50183, sm80_xmma_gemm_f32f32_f32f32_f32_nn_n_tilesize32x64x8_stage3_warpsize1x2x1_ffma_aligna4_alignc4, 0x6678c98a39d72,
[09/08/2026-10:19:23] [V] [TRT]  (foreignNode)   60, 0.0209920, 2.35632, 0.89728, sm80_xmma_gemm_f32f32_f32f32_f32_nn_n_tilesize64x128x8_stage3_warpsize1x4x1_ffma_aligna4_alignc4, 0x6040b352bdd53,
[09/08/2026-10:19:23] [V] [TRT]  (foreignNode)   64, 0.0211936, 2.37895, 0.94526, sm80_xmma_gemm_f32f32_f32f32_f32_tn_n_tilesize64x128x8_stage3_warpsize1x4x1_ffma_aligna4_alignc4, 0x3765cecf1ff5a,
[09/08/2026-10:19:23] [V] [TRT]  (foreignNode)   56, 0.0211968, 2.37931, 0.70645, sm80_xmma_gemm_f32f32_f32f32_f32_nn_n_tilesize32x128x8_stage3_warpsize1x2x1_ffma_aligna4_alignc4, 0x3db1b5da0931f,
[09/08/2026-10:19:23] [V] [TRT]  (foreignNode)   61, 0.0213984, 2.40194, 0.91602, sm80_xmma_gemm_f32f32_f32f32_f32_nn_n_tilesize128x64x8_stage3_warpsize2x2x1_ffma_aligna4_alignc4, 0x2f4778ced3c90,
[09/08/2026-10:19:23] [V] [TRT]  (foreignNode)   62, 0.0214016, 2.40230, 0.91874, sm80_xmma_gemm_f32f32_f32f32_f32_tn_n_tilesize128x64x8_stage3_warpsize2x2x1_ffma_aligna4_alignc4, 0x42cc42270a540,
[09/08/2026-10:19:23] [V] [TRT]  (foreignNode)   30, 0.0214048, 2.40266, 0.44038, sm80_xmma_gemm_f32f32_f32f32_f32_nn_n_tilesize32x32x8_stage3_warpsize1x2x1_ffma_aligna4_alignc4, 0x318dc4e4ac43d,
[09/08/2026-10:19:23] [V] [TRT]  (foreignNode)   49, 0.0214112, 2.40338, 0.65399, sm80_xmma_gemm_f32f32_f32f32_f32_tn_n_tilesize32x128x8_stage3_warpsize1x2x1_ffma_aligna4_alignc4, 0x40b41f2e2e3a4,
[09/08/2026-10:19:23] [V] [TRT]  (foreignNode)   35, 0.0226112, 2.53807, 0.46183, sm80_xmma_gemm_f32f32_f32f32_f32_tn_n_tilesize32x64x8_stage3_warpsize1x2x1_ffma_aligna4_alignc4, 0x64deb12f32c99,
[09/08/2026-10:19:23] [V] [TRT]  (foreignNode)   65, 0.0228352, 2.56322, 0.91254, sm80_xmma_gemm_f32f32_f32f32_f32_nn_n_tilesize128x128x8_stage3_warpsize2x2x1_ffma_aligna4_alignc4, 0x2ba50688e867e,
[09/08/2026-10:19:23] [V] [TRT]  (foreignNode)   71, 0.0230400, 2.58621, 0.97425, sm80_xmma_gemm_f32f32_f32f32_f32_nn_n_tilesize256x64x8_stage3_warpsize2x2x1_ffma_aligna4_alignc4, 0x5ef528f06d566,
[09/08/2026-10:19:23] [V] [TRT]  (foreignNode)   58, 0.0234528, 2.63254, 0.71467, sm80_xmma_gemm_f32f32_f32f32_f32_nn_n_tilesize128x32x8_stage3_warpsize2x2x1_ffma_aligna4_alignc4, 0x3c8ce15849055,
[09/08/2026-10:19:23] [V] [TRT]  (foreignNode)   31, 0.0236352, 2.65302, 0.40655, sm80_xmma_gemm_f32f32_f32f32_f32_tn_n_tilesize32x32x8_stage3_warpsize1x2x1_ffma_aligna4_alignc4, 0x5b54556b8cbde,
[09/08/2026-10:19:23] [V] [TRT]  (foreignNode)   70, 0.0236544, 2.65517, 0.93996, sm80_xmma_gemm_f32f32_f32f32_f32_tn_n_tilesize128x128x8_stage3_warpsize2x2x1_ffma_aligna4_alignc4, 0x501f380e1f427,
[09/08/2026-10:19:23] [V] [TRT]  (foreignNode)   74, 0.0238592, 2.67816, 0.98658, sm80_xmma_gemm_f32f32_f32f32_f32_tn_n_tilesize256x64x8_stage3_warpsize2x2x1_ffma_aligna4_alignc4, 0x44f341d950fbb,
[09/08/2026-10:19:23] [V] [TRT]  (foreignNode)   36, 0.0238624, 2.67852, 0.44217, sm80_xmma_gemm_f32f32_f32f32_f32_nn_n_tilesize64x32x8_stage3_warpsize1x2x1_ffma_aligna4_alignc4, 0x37fc6ada1dda4,
[09/08/2026-10:19:23] [V] [TRT]  (foreignNode)   34, 0.0242688, 2.72414, 0.42968, sm80_xmma_gemm_f32f32_f32f32_f32_tn_n_tilesize64x32x8_stage3_warpsize1x2x1_ffma_aligna4_alignc4, 0x6bc0d70a557bb,
[09/08/2026-10:19:23] [V] [TRT]  (foreignNode)   63, 0.0242688, 2.72414, 0.81200, sm80_xmma_gemm_f32f32_f32f32_f32_nn_n_tilesize64x256x8_stage3_warpsize1x4x1_ffma_aligna4_alignc4, 0x6a582054fdddc,
[09/08/2026-10:19:23] [V] [TRT]  (foreignNode)   73, 0.0246784, 2.77011, 0.95191, sm80_xmma_gemm_f32f32_f32f32_f32_nn_n_tilesize128x128x8_stage3_warpsize2x2x1_ffma_aligna4_alignc4, 0x40b2e9fdaaf1b,
[09/08/2026-10:19:23] [V] [TRT]  (foreignNode)   59, 0.0246880, 2.77119, 0.70550, sm80_xmma_gemm_f32f32_f32f32_f32_tn_n_tilesize128x32x8_stage3_warpsize2x2x1_ffma_aligna4_alignc4, 0x36642492460c3,
[09/08/2026-10:19:23] [V] [TRT]  (foreignNode)   69, 0.0252896, 2.83872, 0.87807, sm80_xmma_gemm_f32f32_f32f32_f32_nn_n_tilesize64x256x8_stage3_warpsize1x4x1_ffma_aligna4_alignc4, 0x4febf8dc1ac65,
[09/08/2026-10:19:23] [V] [TRT]  (foreignNode)   78, 0.0252928, 2.83908, 1.00194, sm80_xmma_gemm_f32f32_f32f32_f32_nn_n_tilesize256x64x8_stage3_warpsize2x2x1_ffma_aligna4_alignc4, 0x4cb4ffab10fe7,
[09/08/2026-10:19:23] [V] [TRT]  (foreignNode)   77, 0.0255008, 2.86243, 0.98177, sm80_xmma_gemm_f32f32_f32f32_f32_tn_n_tilesize128x128x8_stage3_warpsize2x2x1_ffma_aligna4_alignc4, 0x47bc440df52af,
[09/08/2026-10:19:23] [V] [TRT]  (foreignNode)   68, 0.0255040, 2.86279, 0.86297, sm80_xmma_gemm_f32f32_f32f32_f32_tn_n_tilesize64x256x8_stage3_warpsize1x4x1_ffma_aligna4_alignc4, 0x3311d3945e2b2,
[09/08/2026-10:19:23] [V] [TRT]  (foreignNode)   79, 0.0263168, 2.95402, 1.01053, sm80_xmma_gemm_f32f32_f32f32_f32_tn_n_tilesize256x64x8_stage3_warpsize2x2x1_ffma_aligna4_alignc4, 0x441a73f687447,
[09/08/2026-10:19:23] [V] [TRT]  (foreignNode)   76, 0.0275456, 3.09195, 0.90393, sm80_xmma_gemm_f32f32_f32f32_f32_tn_n_tilesize64x256x8_stage3_warpsize1x4x1_ffma_aligna4_alignc4, 0x3a1d14edf0c2f,
[09/08/2026-10:19:23] [V] [TRT]  (foreignNode)   75, 0.0304096, 3.41343, 0.78108, sm80_xmma_gemm_f32f32_f32f32_f32_tn_n_tilesize64x64x8_stage3_warpsize1x4x1_ffma_aligna4_alignc4, 0x5b14695c1c30a,
[09/08/2026-10:19:23] [V] [TRT]  (foreignNode)   72, 0.0310240, 3.48240, 0.74463, sm80_xmma_gemm_f32f32_f32f32_f32_nn_n_tilesize64x64x8_stage3_warpsize1x4x1_ffma_aligna4_alignc4, 0x2f2aca771899b,
[09/08/2026-10:19:23] [V] [TRT]  (foreignNode)   52, 0.0314368, 3.52874, 0.45705, sm80_xmma_gemm_f32f32_f32f32_f32_nn_n_tilesize32x64x8_stage3_warpsize1x2x1_ffma_aligna4_alignc4, 0x5d15e8c223835,
[09/08/2026-10:19:23] [V] [TRT]  (foreignNode)   66, 0.0316416, 3.55172, 0.67274, sm80_xmma_gemm_f32f32_f32f32_f32_tn_n_tilesize32x128x8_stage3_warpsize1x2x1_ffma_aligna4_alignc4, 0x5a70723845100,
[09/08/2026-10:19:23] [V] [TRT]  (foreignNode)   67, 0.0316416, 3.55172, 0.69431, sm80_xmma_gemm_f32f32_f32f32_f32_nn_n_tilesize32x128x8_stage3_warpsize1x2x1_ffma_aligna4_alignc4, 0x552ba98e2d1df,
[09/08/2026-10:19:23] [V] [TRT]  (foreignNode)   86, 0.0324608, 3.64368, 0.97905, sm80_xmma_gemm_f32f32_f32f32_f32_nn_n_tilesize64x128x8_stage3_warpsize1x4x1_ffma_aligna4_alignc4, 0x617ef09bda25a,
[09/08/2026-10:19:23] [V] [TRT]  (foreignNode)   95, 0.0328704, 3.68966, 1.05938, sm80_xmma_gemm_f32f32_f32f32_f32_nn_n_tilesize128x128x8_stage3_warpsize2x2x1_ffma_aligna4_alignc4, 0x3512d31980075,
[09/08/2026-10:19:23] [V] [TRT]  (foreignNode)   88, 0.0334848, 3.75862, 0.98157, sm80_xmma_gemm_f32f32_f32f32_f32_nn_n_tilesize64x256x8_stage3_warpsize1x4x1_ffma_aligna4_alignc4, 0x671bbcee39393,
[09/08/2026-10:19:23] [V] [TRT]  (foreignNode)   81, 0.0334880, 3.75898, 0.84774, sm80_xmma_gemm_f32f32_f32f32_f32_nn_n_tilesize128x256x8_stage3_warpsize2x4x1_ffma_aligna4_alignc4, 0x5c740d0ffb27e,
[09/08/2026-10:19:23] [V] [TRT]  (foreignNode)   89, 0.0336896, 3.78161, 0.99311, sm80_xmma_gemm_f32f32_f32f32_f32_nn_n_tilesize128x64x8_stage3_warpsize2x2x1_ffma_aligna4_alignc4, 0x5269a0a10d469,
[09/08/2026-10:19:23] [V] [TRT]  (foreignNode)   90, 0.0341152, 3.82938, 0.99040, sm80_xmma_gemm_f32f32_f32f32_f32_tn_n_tilesize128x64x8_stage3_warpsize2x2x1_ffma_aligna4_alignc4, 0x60c0a03e41352,
[09/08/2026-10:19:23] [V] [TRT]  (foreignNode)   98, 0.0342944, 3.84950, 1.07797, sm80_xmma_gemm_f32f32_f32f32_f32_tn_n_tilesize128x128x8_stage3_warpsize2x2x1_ffma_aligna4_alignc4, 0x60023bec68dd5,
[09/08/2026-10:19:23] [V] [TRT]  (foreignNode)   93, 0.0345120, 3.87392, 0.99547, sm80_xmma_gemm_f32f32_f32f32_f32_tn_n_tilesize64x128x8_stage3_warpsize1x4x1_ffma_aligna4_alignc4, 0x4b762c3520be0,
[09/08/2026-10:19:23] [V] [TRT]  (foreignNode)   84, 0.0347168, 3.89691, 0.87455, sm80_xmma_gemm_f32f32_f32f32_f32_tn_n_tilesize256x128x8_stage3_warpsize4x2x1_ffma_aligna4_alignc4, 0x55d98feb0c249,
[09/08/2026-10:19:23] [V] [TRT]  (foreignNode)   85, 0.0347296, 3.89835, 0.89026, sm80_xmma_gemm_f32f32_f32f32_f32_tn_n_tilesize128x256x8_stage3_warpsize2x4x1_ffma_aligna4_alignc4, 0x343e957135f7a,
[09/08/2026-10:19:23] [V] [TRT]  (foreignNode)   83, 0.0349184, 3.91954, 0.85237, sm80_xmma_gemm_f32f32_f32f32_f32_nn_n_tilesize256x128x8_stage3_warpsize4x2x1_ffma_aligna4_alignc4, 0x529c6f3cb2d0b,
[09/08/2026-10:19:23] [V] [TRT]  (foreignNode)   57, 0.0357408, 4.01185, 0.42066, sm80_xmma_gemm_f32f32_f32f32_f32_tn_n_tilesize32x64x8_stage3_warpsize1x2x1_ffma_aligna4_alignc4, 0x49aba443ec756,
[09/08/2026-10:19:23] [V] [TRT]  (foreignNode)   99, 0.0369664, 4.14943, 1.00998, sm80_xmma_gemm_f32f32_f32f32_f32_tn_n_tilesize64x256x8_stage3_warpsize1x4x1_ffma_aligna4_alignc4, 0x68ebe51cc96fb,
[09/08/2026-10:19:23] [V] [TRT]  (foreignNode)   87, 0.0369696, 4.14978, 0.88706, sm80_xmma_gemm_f32f32_f32f32_f32_nn_n_tilesize128x256x8_stage3_warpsize2x4x1_ffma_aligna4_alignc4, 0x36700849b0e63,
[09/08/2026-10:19:23] [V] [TRT]  (foreignNode)   80, 0.0379872, 4.26401, 0.72639, sm80_xmma_gemm_f32f32_f32f32_f32_nn_n_tilesize128x32x8_stage3_warpsize2x2x1_ffma_aligna4_alignc4, 0x47b0988ded5d5,
[09/08/2026-10:19:23] [V] [TRT]  (foreignNode)   97, 0.0381984, 4.28772, 0.93290, sm80_xmma_gemm_f32f32_f32f32_f32_tn_n_tilesize128x256x8_stage3_warpsize2x4x1_ffma_aligna4_alignc4, 0x55fbd639fe280,
[09/08/2026-10:19:23] [V] [TRT]  (foreignNode)   96, 0.0384192, 4.31250, 0.91291, sm80_xmma_gemm_f32f32_f32f32_f32_tn_n_tilesize256x128x8_stage3_warpsize4x2x1_ffma_aligna4_alignc4, 0x4ab42fd91d299,
[09/08/2026-10:19:23] [V] [TRT]  (foreignNode)   94, 0.0388128, 4.35668, 0.88969, sm80_xmma_gemm_f32f32_f32f32_f32_nn_n_tilesize256x128x8_stage3_warpsize4x2x1_ffma_aligna4_alignc4, 0x40e0589a8a5c7,
[09/08/2026-10:19:23] [V] [TRT]  (foreignNode)   55, 0.0394272, 4.42565, 0.37715, sm80_xmma_gemm_f32f32_f32f32_f32_nn_n_tilesize64x32x8_stage3_warpsize1x2x1_ffma_aligna4_alignc4, 0x452709a05f750,
[09/08/2026-10:19:23] [V] [TRT]  (foreignNode)   54, 0.0402464, 4.51760, 0.36820, sm80_xmma_gemm_f32f32_f32f32_f32_tn_n_tilesize64x32x8_stage3_warpsize1x2x1_ffma_aligna4_alignc4, 0x40ac43865834a,
[09/08/2026-10:19:23] [V] [TRT]  (foreignNode)   82, 0.0404448, 4.53987, 0.70933, sm80_xmma_gemm_f32f32_f32f32_f32_tn_n_tilesize128x32x8_stage3_warpsize2x2x1_ffma_aligna4_alignc4, 0x39740b522e416,
[09/08/2026-10:19:23] [V] [TRT]  (foreignNode)   91, 0.0521248, 5.85093, 0.64889, sm80_xmma_gemm_f32f32_f32f32_f32_nn_n_tilesize32x128x8_stage3_warpsize1x2x1_ffma_aligna4_alignc4, 0x4d238f31c4216,
[09/08/2026-10:19:23] [V] [TRT]  (foreignNode)   92, 0.0525344, 5.89691, 0.64930, sm80_xmma_gemm_f32f32_f32f32_f32_tn_n_tilesize32x128x8_stage3_warpsize1x2x1_ffma_aligna4_alignc4, 0x3d859dcab9d4d,
[09/08/2026-10:19:23] [V] [TRT] Subgraph compilation completed in 4.574 seconds.
[09/08/2026-10:19:23] [V] [TRT] Tactic: 0x0000000000000000 Time: 0
[09/08/2026-10:19:23] [V] [TRT] {ForeignNode[node_conv2d...ONNXTRT_castHelper_9]} (Myelin[0x80000023]) profiling completed in 4.58172 seconds. Fastest Tactic: 0x0000000000000000 Time: 0
[09/08/2026-10:19:23] [V] [TRT] >>>>>>>>>>>>>>> Chose Runner Type: Myelin Tactic: 0x0000000000000000
[09/08/2026-10:19:23] [V] [TRT] =============== Computing reformatting costs for available format set
[09/08/2026-10:19:23] [V] [TRT] =============== Computing reformatting costs for available format set
[09/08/2026-10:19:23] [V] [TRT] =============== Computing reformatting costs for available format set
[09/08/2026-10:19:23] [V] [TRT] Formats and tactics selection completed in 4.58239 seconds.
[09/08/2026-10:19:23] [V] [TRT] After reformat layers: 1 layers
[09/08/2026-10:19:23] [I] [TRT] [MS] Multi stream is disabled as cannot find an opportunity to leverage it
[09/08/2026-10:19:23] [W] [TRT] [MS] Multi stream is disabled because the stream assignment failed.
[09/08/2026-10:19:23] [V] [TRT] Total number of blocks in pre-optimized block assignment: 1
[09/08/2026-10:19:23] [I] [TRT] Detected 1 inputs and 2 output network tensors.
[09/08/2026-10:19:23] [V] [TRT] Layer: {ForeignNode[node_conv2d...ONNXTRT_castHelper_9]} Host Persistent: 80 bytes Device Persistent: 0 bytes Scratch Memory: 2007040 bytes
[09/08/2026-10:19:23] [V] [TRT] Skipped printing memory information for 0 layers with 0 memory size i.e. Host Persistent + Device Persistent + Scratch Memory == 0.
[09/08/2026-10:19:23] [I] [TRT] Total Host Persistent Memory: 80 bytes
[09/08/2026-10:19:23] [I] [TRT] Total Device Persistent Memory: 0 bytes
[09/08/2026-10:19:23] [I] [TRT] Max Scratch Memory: 2007040 bytes
[09/08/2026-10:19:23] [I] [TRT] [BlockAssignment] Started assigning block shifts. This will take 1 steps to complete.
[09/08/2026-10:19:23] [I] [TRT] [BlockAssignment] Algorithm ShiftNTopDown took 0.007321ms to assign 1 blocks to 1 nodes requiring 2007040 bytes.
[09/08/2026-10:19:23] [V] [TRT] Total number of blocks in optimized block assignment: 1
[09/08/2026-10:19:23] [I] [TRT] Total Activation Memory: 2007040 bytes
[09/08/2026-10:19:23] [I] [TRT] Total Weights Memory: 13098880 bytes
[09/08/2026-10:19:23] [V] [TRT] Total number of generated kernels selected for the engine: 0
[09/08/2026-10:19:23] [I] [TRT] Compiler backend is used during engine execution.
[09/08/2026-10:19:23] [V] [TRT] Disabling unused tactic source: EDGE_MASK_CONVOLUTIONS
[09/08/2026-10:19:23] [V] [TRT] Disabling unused tactic source: JIT_CONVOLUTIONS
[09/08/2026-10:19:23] [I] [TRT] Engine generation completed in 4.6051 seconds.
[09/08/2026-10:19:23] [V] [TRT] Engine Layer Information:
Layer(Myelin): {ForeignNode[node_conv2d...ONNXTRT_castHelper_9]}, Tactic: 0x0000000000000000, x (Float[-1,1,28,28]) -> y (Float[-1,10]), z (Int64[-1])
[09/08/2026-10:19:23] [I] [TRT] [MemUsageStats] Peak memory usage of TRT CPU/GPU memory allocators: CPU 0 MiB, GPU 12 MiB
[09/08/2026-10:19:23] [V] [TRT] Adding 1 engine(s) to plan file.
[09/08/2026-10:19:23] [V] [TRT] Adding 1 engine weights(s) to plan file.
[09/08/2026-10:19:23] [I] Created engine with size: 12.6702 MiB
[09/08/2026-10:19:23] [I] Engine built in 5.16791 sec.
[09/08/2026-10:19:23] [V] [TRT] Trying to set exclusive file lock model-trained.TimingCache.lock

[09/08/2026-10:19:23] [W] [TRT] Could not read cache from: model-trained.TimingCache. A new cache will be generated and written.
[09/08/2026-10:19:23] [V] [TRT] Serializing timing cache. UUID = GPU-5de52435-1295-4817-2a4e-60d7896052ea, commit ID = 55cb349e075b3b12
[09/08/2026-10:19:23] [I] [TRT] Serialized 787 bytes of code generator cache.
[09/08/2026-10:19:23] [I] [TRT] Serialized 80760 bytes of compilation cache.
[09/08/2026-10:19:23] [I] [TRT] Serialized 0 timing cache entries
[09/08/2026-10:19:23] [V] [TRT] Trying to set exclusive file lock model-trained.TimingCache.lock

[09/08/2026-10:19:23] [I] [TRT] Saved 81715 bytes of timing cache to model-trained.TimingCache
[09/08/2026-10:19:23] [V] [TRT] Deserialization required 84408 microseconds.
[09/08/2026-10:19:23] [I] Engine deserialized in 0.0889912 sec.
[09/08/2026-10:19:23] [I] Skipped inference phase since --skipInference is added.
&&&& PASSED TensorRT.trtexec [TensorRT v110000] [b114] # trtexec --onnx=/work/trt-samples-for-hackathon-cn-wili/cookbook/00-Data/model/model-trained.onnx --saveEngine=model-trained.trt --timingCacheFile=model-trained.TimingCache --minShapes=x:1x1x28x28 --optShapes=x:4x1x28x28 --maxShapes=x:16x1x28x28 --noTF32 --memPoolSize=workspace:1024MiB --builderOptimizationLevel=5 --maxAuxStreams=4 --skipInference --verbose
