/usr/local/lib/python3.12/dist-packages/polygraphy/tools/sparse.py:333: RuntimeWarning: overflow encountered in cast
  min1_vabs = min(vals_abs)
/usr/local/lib/python3.12/dist-packages/polygraphy/tools/sparse.py:334: RuntimeWarning: overflow encountered in cast
  min1_idx = vals_abs.index(min1_vabs)
[I] RUNNING | Command: /usr/local/bin/polygraphy surgeon weight-strip /work/trt-samples-for-hackathon-cn-wili/cookbook/00-Data/model/model-trained.onnx -o model-trained-WS.onnx
[I] Loading model: /work/trt-samples-for-hackathon-cn-wili/cookbook/00-Data/model/model-trained.onnx
[I] Original Model:
    Name: main_graph | ONNX Opset: 18

    ---- 1 Graph Input(s) ----
    {x [dtype=float32, shape=('nBS', 1, 28, 28)]}

    ---- 2 Graph Output(s) ----
    {y [dtype=float32, shape=('nBS', 10)],
     z [dtype=int64, shape=('nBS',)]}

    ---- 9 Initializer(s) ----

    ---- 12 Node(s) ----

[I] Beginning weight stripping...
[W] The model is expected to be constant folded to successfully capture all weights eligible for stripping
[I] Querying Sparse Initializers in the model
[W] (relu_2) produced by node_relu_2 type: Relu is unsupported!
[I] Found: 3 weight tensor(s) eligible for pruning.
[I] Checking the sparsity pattern of 3 tensors.
[W] Found non-sparse tensor: conv2.weight
[W] Found non-sparse tensor: gemm1.weight
[W] Found non-sparse tensor: gemm2.weight
[I] Finished checking 3 tensors.
[''][I] Start a subgraph matching...
[''][I] 	Checking node: node_conv2d against pattern node: conv_w.
[''][I] 	Single node is matched: Conv, node_conv2d
[''][I] Start a subgraph matching...
[''][I] 	Checking node: node_relu against pattern node: conv_w.
[''][I] 	No match because: Op did not match. Node op was: Relu but pattern op was: Conv.
[''][I] Start a subgraph matching...
[''][I] 	Checking node: node_max_pool2d against pattern node: conv_w.
[''][I] 	No match because: Op did not match. Node op was: MaxPool but pattern op was: Conv.
[''][I] Start a subgraph matching...
[''][I] 	Checking node: node_conv2d_1 against pattern node: conv_w.
[''][I] 	Single node is matched: Conv, node_conv2d_1
[''][I] Start a subgraph matching...
[''][I] 	Checking node: node_relu_1 against pattern node: conv_w.
[''][I] 	No match because: Op did not match. Node op was: Relu but pattern op was: Conv.
[''][I] Start a subgraph matching...
[''][I] 	Checking node: node_max_pool2d_1 against pattern node: conv_w.
[''][I] 	No match because: Op did not match. Node op was: MaxPool but pattern op was: Conv.
[''][I] Start a subgraph matching...
[''][I] 	Checking node: node_view against pattern node: conv_w.
[''][I] 	No match because: Op did not match. Node op was: Reshape but pattern op was: Conv.
[''][I] Start a subgraph matching...
[''][I] 	Checking node: node_linear against pattern node: conv_w.
[''][I] 	No match because: Op did not match. Node op was: Gemm but pattern op was: Conv.
[''][I] Start a subgraph matching...
[''][I] 	Checking node: node_relu_2 against pattern node: conv_w.
[''][I] 	No match because: Op did not match. Node op was: Relu but pattern op was: Conv.
[''][I] Start a subgraph matching...
[''][I] 	Checking node: node_linear_1 against pattern node: conv_w.
[''][I] 	No match because: Op did not match. Node op was: Gemm but pattern op was: Conv.
[''][I] Start a subgraph matching...
[''][I] 	Checking node: node_softmax against pattern node: conv_w.
[''][I] 	No match because: Op did not match. Node op was: Softmax but pattern op was: Conv.
[''][I] Start a subgraph matching...
[''][I] 	Checking node: node_argmax against pattern node: conv_w.
[''][I] 	No match because: Op did not match. Node op was: ArgMax but pattern op was: Conv.
[''][I] Start a subgraph matching...
[''][I] 	Checking node: node_conv2d against pattern node: conv_w_b.
[''][I] 	Single node is matched: Conv, node_conv2d
[''][I] Found a matched subgraph!
[''][I] Start a subgraph matching...
[''][I] 	Checking node: node_relu against pattern node: conv_w_b.
[''][I] 	No match because: Op did not match. Node op was: Relu but pattern op was: Conv.
[''][I] Start a subgraph matching...
[''][I] 	Checking node: node_max_pool2d against pattern node: conv_w_b.
[''][I] 	No match because: Op did not match. Node op was: MaxPool but pattern op was: Conv.
[''][I] Start a subgraph matching...
[''][I] 	Checking node: node_conv2d_1 against pattern node: conv_w_b.
[''][I] 	Single node is matched: Conv, node_conv2d_1
[''][I] Found a matched subgraph!
[''][I] Start a subgraph matching...
[''][I] 	Checking node: node_relu_1 against pattern node: conv_w_b.
[''][I] 	No match because: Op did not match. Node op was: Relu but pattern op was: Conv.
[''][I] Start a subgraph matching...
[''][I] 	Checking node: node_max_pool2d_1 against pattern node: conv_w_b.
[''][I] 	No match because: Op did not match. Node op was: MaxPool but pattern op was: Conv.
[''][I] Start a subgraph matching...
[''][I] 	Checking node: node_view against pattern node: conv_w_b.
[''][I] 	No match because: Op did not match. Node op was: Reshape but pattern op was: Conv.
[''][I] Start a subgraph matching...
[''][I] 	Checking node: node_linear against pattern node: conv_w_b.
[''][I] 	No match because: Op did not match. Node op was: Gemm but pattern op was: Conv.
[''][I] Start a subgraph matching...
[''][I] 	Checking node: node_relu_2 against pattern node: conv_w_b.
[''][I] 	No match because: Op did not match. Node op was: Relu but pattern op was: Conv.
[''][I] Start a subgraph matching...
[''][I] 	Checking node: node_linear_1 against pattern node: conv_w_b.
[''][I] 	No match because: Op did not match. Node op was: Gemm but pattern op was: Conv.
[''][I] Start a subgraph matching...
[''][I] 	Checking node: node_softmax against pattern node: conv_w_b.
[''][I] 	No match because: Op did not match. Node op was: Softmax but pattern op was: Conv.
[''][I] Start a subgraph matching...
[''][I] 	Checking node: node_argmax against pattern node: conv_w_b.
[''][I] 	No match because: Op did not match. Node op was: ArgMax but pattern op was: Conv.
[''][I] Start a subgraph matching...
[''][I] 	Checking node: node_conv2d against pattern node: convt_w.
[''][I] 	No match because: Op did not match. Node op was: Conv but pattern op was: ConvTranspose.
[''][I] Start a subgraph matching...
[''][I] 	Checking node: node_relu against pattern node: convt_w.
[''][I] 	No match because: Op did not match. Node op was: Relu but pattern op was: ConvTranspose.
[''][I] Start a subgraph matching...
[''][I] 	Checking node: node_max_pool2d against pattern node: convt_w.
[''][I] 	No match because: Op did not match. Node op was: MaxPool but pattern op was: ConvTranspose.
[''][I] Start a subgraph matching...
[''][I] 	Checking node: node_conv2d_1 against pattern node: convt_w.
[''][I] 	No match because: Op did not match. Node op was: Conv but pattern op was: ConvTranspose.
[''][I] Start a subgraph matching...
[''][I] 	Checking node: node_relu_1 against pattern node: convt_w.
[''][I] 	No match because: Op did not match. Node op was: Relu but pattern op was: ConvTranspose.
[''][I] Start a subgraph matching...
[''][I] 	Checking node: node_max_pool2d_1 against pattern node: convt_w.
[''][I] 	No match because: Op did not match. Node op was: MaxPool but pattern op was: ConvTranspose.
[''][I] Start a subgraph matching...
[''][I] 	Checking node: node_view against pattern node: convt_w.
[''][I] 	No match because: Op did not match. Node op was: Reshape but pattern op was: ConvTranspose.
[''][I] Start a subgraph matching...
[''][I] 	Checking node: node_linear against pattern node: convt_w.
[''][I] 	No match because: Op did not match. Node op was: Gemm but pattern op was: ConvTranspose.
[''][I] Start a subgraph matching...
[''][I] 	Checking node: node_relu_2 against pattern node: convt_w.
[''][I] 	No match because: Op did not match. Node op was: Relu but pattern op was: ConvTranspose.
[''][I] Start a subgraph matching...
[''][I] 	Checking node: node_linear_1 against pattern node: convt_w.
[''][I] 	No match because: Op did not match. Node op was: Gemm but pattern op was: ConvTranspose.
[''][I] Start a subgraph matching...
[''][I] 	Checking node: node_softmax against pattern node: convt_w.
[''][I] 	No match because: Op did not match. Node op was: Softmax but pattern op was: ConvTranspose.
[''][I] Start a subgraph matching...
[''][I] 	Checking node: node_argmax against pattern node: convt_w.
[''][I] 	No match because: Op did not match. Node op was: ArgMax but pattern op was: ConvTranspose.
[''][I] Start a subgraph matching...
[''][I] 	Checking node: node_conv2d against pattern node: convt_w_b.
[''][I] 	No match because: Op did not match. Node op was: Conv but pattern op was: ConvTranspose.
[''][I] Start a subgraph matching...
[''][I] 	Checking node: node_relu against pattern node: convt_w_b.
[''][I] 	No match because: Op did not match. Node op was: Relu but pattern op was: ConvTranspose.
[''][I] Start a subgraph matching...
[''][I] 	Checking node: node_max_pool2d against pattern node: convt_w_b.
[''][I] 	No match because: Op did not match. Node op was: MaxPool but pattern op was: ConvTranspose.
[''][I] Start a subgraph matching...
[''][I] 	Checking node: node_conv2d_1 against pattern node: convt_w_b.
[''][I] 	No match because: Op did not match. Node op was: Conv but pattern op was: ConvTranspose.
[''][I] Start a subgraph matching...
[''][I] 	Checking node: node_relu_1 against pattern node: convt_w_b.
[''][I] 	No match because: Op did not match. Node op was: Relu but pattern op was: ConvTranspose.
[''][I] Start a subgraph matching...
[''][I] 	Checking node: node_max_pool2d_1 against pattern node: convt_w_b.
[''][I] 	No match because: Op did not match. Node op was: MaxPool but pattern op was: ConvTranspose.
[''][I] Start a subgraph matching...
[''][I] 	Checking node: node_view against pattern node: convt_w_b.
[''][I] 	No match because: Op did not match. Node op was: Reshape but pattern op was: ConvTranspose.
[''][I] Start a subgraph matching...
[''][I] 	Checking node: node_linear against pattern node: convt_w_b.
[''][I] 	No match because: Op did not match. Node op was: Gemm but pattern op was: ConvTranspose.
[''][I] Start a subgraph matching...
[''][I] 	Checking node: node_relu_2 against pattern node: convt_w_b.
[''][I] 	No match because: Op did not match. Node op was: Relu but pattern op was: ConvTranspose.
[''][I] Start a subgraph matching...
[''][I] 	Checking node: node_linear_1 against pattern node: convt_w_b.
[''][I] 	No match because: Op did not match. Node op was: Gemm but pattern op was: ConvTranspose.
[''][I] Start a subgraph matching...
[''][I] 	Checking node: node_softmax against pattern node: convt_w_b.
[''][I] 	No match because: Op did not match. Node op was: Softmax but pattern op was: ConvTranspose.
[''][I] Start a subgraph matching...
[''][I] 	Checking node: node_argmax against pattern node: convt_w_b.
[''][I] 	No match because: Op did not match. Node op was: ArgMax but pattern op was: ConvTranspose.
[''][I] Start a subgraph matching...
[''][I] 	Checking node: node_conv2d against pattern node: gemm_1.
[''][I] 	No match because: Op did not match. Node op was: Conv but pattern op was: Gemm.
[''][I] Start a subgraph matching...
[''][I] 	Checking node: node_relu against pattern node: gemm_1.
[''][I] 	No match because: Op did not match. Node op was: Relu but pattern op was: Gemm.
[''][I] Start a subgraph matching...
[''][I] 	Checking node: node_max_pool2d against pattern node: gemm_1.
[''][I] 	No match because: Op did not match. Node op was: MaxPool but pattern op was: Gemm.
[''][I] Start a subgraph matching...
[''][I] 	Checking node: node_conv2d_1 against pattern node: gemm_1.
[''][I] 	No match because: Op did not match. Node op was: Conv but pattern op was: Gemm.
[''][I] Start a subgraph matching...
[''][I] 	Checking node: node_relu_1 against pattern node: gemm_1.
[''][I] 	No match because: Op did not match. Node op was: Relu but pattern op was: Gemm.
[''][I] Start a subgraph matching...
[''][I] 	Checking node: node_max_pool2d_1 against pattern node: gemm_1.
[''][I] 	No match because: Op did not match. Node op was: MaxPool but pattern op was: Gemm.
[''][I] Start a subgraph matching...
[''][I] 	Checking node: node_view against pattern node: gemm_1.
[''][I] 	No match because: Op did not match. Node op was: Reshape but pattern op was: Gemm.
[''][I] Start a subgraph matching...
[''][I] 	Checking node: node_linear against pattern node: gemm_1.
[''][I] 	Single node is matched: Gemm, node_linear
[''][I] Start a subgraph matching...
[''][I] 	Checking node: node_relu_2 against pattern node: gemm_1.
[''][I] 	No match because: Op did not match. Node op was: Relu but pattern op was: Gemm.
[''][I] Start a subgraph matching...
[''][I] 	Checking node: node_linear_1 against pattern node: gemm_1.
[''][I] 	Single node is matched: Gemm, node_linear_1
[''][I] Start a subgraph matching...
[''][I] 	Checking node: node_softmax against pattern node: gemm_1.
[''][I] 	No match because: Op did not match. Node op was: Softmax but pattern op was: Gemm.
[''][I] Start a subgraph matching...
[''][I] 	Checking node: node_argmax against pattern node: gemm_1.
[''][I] 	No match because: Op did not match. Node op was: ArgMax but pattern op was: Gemm.
[''][I] Start a subgraph matching...
[''][I] 	Checking node: node_conv2d against pattern node: gemm_2.
[''][I] 	No match because: Op did not match. Node op was: Conv but pattern op was: Gemm.
[''][I] Start a subgraph matching...
[''][I] 	Checking node: node_relu against pattern node: gemm_2.
[''][I] 	No match because: Op did not match. Node op was: Relu but pattern op was: Gemm.
[''][I] Start a subgraph matching...
[''][I] 	Checking node: node_max_pool2d against pattern node: gemm_2.
[''][I] 	No match because: Op did not match. Node op was: MaxPool but pattern op was: Gemm.
[''][I] Start a subgraph matching...
[''][I] 	Checking node: node_conv2d_1 against pattern node: gemm_2.
[''][I] 	No match because: Op did not match. Node op was: Conv but pattern op was: Gemm.
[''][I] Start a subgraph matching...
[''][I] 	Checking node: node_relu_1 against pattern node: gemm_2.
[''][I] 	No match because: Op did not match. Node op was: Relu but pattern op was: Gemm.
[''][I] Start a subgraph matching...
[''][I] 	Checking node: node_max_pool2d_1 against pattern node: gemm_2.
[''][I] 	No match because: Op did not match. Node op was: MaxPool but pattern op was: Gemm.
[''][I] Start a subgraph matching...
[''][I] 	Checking node: node_view against pattern node: gemm_2.
[''][I] 	No match because: Op did not match. Node op was: Reshape but pattern op was: Gemm.
[''][I] Start a subgraph matching...
[''][I] 	Checking node: node_linear against pattern node: gemm_2.
[''][I] 	Single node is matched: Gemm, node_linear
[''][I] Found a matched subgraph!
[''][I] Start a subgraph matching...
[''][I] 	Checking node: node_relu_2 against pattern node: gemm_2.
[''][I] 	No match because: Op did not match. Node op was: Relu but pattern op was: Gemm.
[''][I] Start a subgraph matching...
[''][I] 	Checking node: node_linear_1 against pattern node: gemm_2.
[''][I] 	Single node is matched: Gemm, node_linear_1
[''][I] Found a matched subgraph!
[''][I] Start a subgraph matching...
[''][I] 	Checking node: node_softmax against pattern node: gemm_2.
[''][I] 	No match because: Op did not match. Node op was: Softmax but pattern op was: Gemm.
[''][I] Start a subgraph matching...
[''][I] 	Checking node: node_argmax against pattern node: gemm_2.
[''][I] 	No match because: Op did not match. Node op was: ArgMax but pattern op was: Gemm.
[''][I] Start a subgraph matching...
[''][I] 	Checking node: node_conv2d against pattern node: matmul.
[''][I] 	No match because: Op did not match. Node op was: Conv but pattern op was: MatMul.
[''][I] Start a subgraph matching...
[''][I] 	Checking node: node_relu against pattern node: matmul.
[''][I] 	No match because: Op did not match. Node op was: Relu but pattern op was: MatMul.
[''][I] Start a subgraph matching...
[''][I] 	Checking node: node_max_pool2d against pattern node: matmul.
[''][I] 	No match because: Op did not match. Node op was: MaxPool but pattern op was: MatMul.
[''][I] Start a subgraph matching...
[''][I] 	Checking node: node_conv2d_1 against pattern node: matmul.
[''][I] 	No match because: Op did not match. Node op was: Conv but pattern op was: MatMul.
[''][I] Start a subgraph matching...
[''][I] 	Checking node: node_relu_1 against pattern node: matmul.
[''][I] 	No match because: Op did not match. Node op was: Relu but pattern op was: MatMul.
[''][I] Start a subgraph matching...
[''][I] 	Checking node: node_max_pool2d_1 against pattern node: matmul.
[''][I] 	No match because: Op did not match. Node op was: MaxPool but pattern op was: MatMul.
[''][I] Start a subgraph matching...
[''][I] 	Checking node: node_view against pattern node: matmul.
[''][I] 	No match because: Op did not match. Node op was: Reshape but pattern op was: MatMul.
[''][I] Start a subgraph matching...
[''][I] 	Checking node: node_linear against pattern node: matmul.
[''][I] 	No match because: Op did not match. Node op was: Gemm but pattern op was: MatMul.
[''][I] Start a subgraph matching...
[''][I] 	Checking node: node_relu_2 against pattern node: matmul.
[''][I] 	No match because: Op did not match. Node op was: Relu but pattern op was: MatMul.
[''][I] Start a subgraph matching...
[''][I] 	Checking node: node_linear_1 against pattern node: matmul.
[''][I] 	No match because: Op did not match. Node op was: Gemm but pattern op was: MatMul.
[''][I] Start a subgraph matching...
[''][I] 	Checking node: node_softmax against pattern node: matmul.
[''][I] 	No match because: Op did not match. Node op was: Softmax but pattern op was: MatMul.
[''][I] Start a subgraph matching...
[''][I] 	Checking node: node_argmax against pattern node: matmul.
[''][I] 	No match because: Op did not match. Node op was: ArgMax but pattern op was: MatMul.
[''][I] Start a subgraph matching...
[''][I] 	Checking node: node_conv2d against pattern node: gather.
[''][I] 	No match because: Op did not match. Node op was: Conv but pattern op was: Gather.
[''][I] Start a subgraph matching...
[''][I] 	Checking node: node_relu against pattern node: gather.
[''][I] 	No match because: Op did not match. Node op was: Relu but pattern op was: Gather.
[''][I] Start a subgraph matching...
[''][I] 	Checking node: node_max_pool2d against pattern node: gather.
[''][I] 	No match because: Op did not match. Node op was: MaxPool but pattern op was: Gather.
[''][I] Start a subgraph matching...
[''][I] 	Checking node: node_conv2d_1 against pattern node: gather.
[''][I] 	No match because: Op did not match. Node op was: Conv but pattern op was: Gather.
[''][I] Start a subgraph matching...
[''][I] 	Checking node: node_relu_1 against pattern node: gather.
[''][I] 	No match because: Op did not match. Node op was: Relu but pattern op was: Gather.
[''][I] Start a subgraph matching...
[''][I] 	Checking node: node_max_pool2d_1 against pattern node: gather.
[''][I] 	No match because: Op did not match. Node op was: MaxPool but pattern op was: Gather.
[''][I] Start a subgraph matching...
[''][I] 	Checking node: node_view against pattern node: gather.
[''][I] 	No match because: Op did not match. Node op was: Reshape but pattern op was: Gather.
[''][I] Start a subgraph matching...
[''][I] 	Checking node: node_linear against pattern node: gather.
[''][I] 	No match because: Op did not match. Node op was: Gemm but pattern op was: Gather.
[''][I] Start a subgraph matching...
[''][I] 	Checking node: node_relu_2 against pattern node: gather.
[''][I] 	No match because: Op did not match. Node op was: Relu but pattern op was: Gather.
[''][I] Start a subgraph matching...
[''][I] 	Checking node: node_linear_1 against pattern node: gather.
[''][I] 	No match because: Op did not match. Node op was: Gemm but pattern op was: Gather.
[''][I] Start a subgraph matching...
[''][I] 	Checking node: node_softmax against pattern node: gather.
[''][I] 	No match because: Op did not match. Node op was: Softmax but pattern op was: Gather.
[''][I] Start a subgraph matching...
[''][I] 	Checking node: node_argmax against pattern node: gather.
[''][I] 	No match because: Op did not match. Node op was: ArgMax but pattern op was: Gather.
[''][I] Start a subgraph matching...
[''][I] 	Checking node: node_conv2d against pattern node: slice_0.
[''][I] 	No match because: Op did not match. Node op was: Conv but pattern op was: Slice.
[''][I] Start a subgraph matching...
[''][I] 	Checking node: node_relu against pattern node: slice_0.
[''][I] 	No match because: Op did not match. Node op was: Relu but pattern op was: Slice.
[''][I] Start a subgraph matching...
[''][I] 	Checking node: node_max_pool2d against pattern node: slice_0.
[''][I] 	No match because: Op did not match. Node op was: MaxPool but pattern op was: Slice.
[''][I] Start a subgraph matching...
[''][I] 	Checking node: node_conv2d_1 against pattern node: slice_0.
[''][I] 	No match because: Op did not match. Node op was: Conv but pattern op was: Slice.
[''][I] Start a subgraph matching...
[''][I] 	Checking node: node_relu_1 against pattern node: slice_0.
[''][I] 	No match because: Op did not match. Node op was: Relu but pattern op was: Slice.
[''][I] Start a subgraph matching...
[''][I] 	Checking node: node_max_pool2d_1 against pattern node: slice_0.
[''][I] 	No match because: Op did not match. Node op was: MaxPool but pattern op was: Slice.
[''][I] Start a subgraph matching...
[''][I] 	Checking node: node_view against pattern node: slice_0.
[''][I] 	No match because: Op did not match. Node op was: Reshape but pattern op was: Slice.
[''][I] Start a subgraph matching...
[''][I] 	Checking node: node_linear against pattern node: slice_0.
[''][I] 	No match because: Op did not match. Node op was: Gemm but pattern op was: Slice.
[''][I] Start a subgraph matching...
[''][I] 	Checking node: node_relu_2 against pattern node: slice_0.
[''][I] 	No match because: Op did not match. Node op was: Relu but pattern op was: Slice.
[''][I] Start a subgraph matching...
[''][I] 	Checking node: node_linear_1 against pattern node: slice_0.
[''][I] 	No match because: Op did not match. Node op was: Gemm but pattern op was: Slice.
[''][I] Start a subgraph matching...
[''][I] 	Checking node: node_softmax against pattern node: slice_0.
[''][I] 	No match because: Op did not match. Node op was: Softmax but pattern op was: Slice.
[''][I] Start a subgraph matching...
[''][I] 	Checking node: node_argmax against pattern node: slice_0.
[''][I] 	No match because: Op did not match. Node op was: ArgMax but pattern op was: Slice.
[''][I] Start a subgraph matching...
[''][I] 	Checking node: node_conv2d against pattern node: slice_1.
[''][I] 	No match because: Op did not match. Node op was: Conv but pattern op was: Slice.
[''][I] Start a subgraph matching...
[''][I] 	Checking node: node_relu against pattern node: slice_1.
[''][I] 	No match because: Op did not match. Node op was: Relu but pattern op was: Slice.
[''][I] Start a subgraph matching...
[''][I] 	Checking node: node_max_pool2d against pattern node: slice_1.
[''][I] 	No match because: Op did not match. Node op was: MaxPool but pattern op was: Slice.
[''][I] Start a subgraph matching...
[''][I] 	Checking node: node_conv2d_1 against pattern node: slice_1.
[''][I] 	No match because: Op did not match. Node op was: Conv but pattern op was: Slice.
[''][I] Start a subgraph matching...
[''][I] 	Checking node: node_relu_1 against pattern node: slice_1.
[''][I] 	No match because: Op did not match. Node op was: Relu but pattern op was: Slice.
[''][I] Start a subgraph matching...
[''][I] 	Checking node: node_max_pool2d_1 against pattern node: slice_1.
[''][I] 	No match because: Op did not match. Node op was: MaxPool but pattern op was: Slice.
[''][I] Start a subgraph matching...
[''][I] 	Checking node: node_view against pattern node: slice_1.
[''][I] 	No match because: Op did not match. Node op was: Reshape but pattern op was: Slice.
[''][I] Start a subgraph matching...
[''][I] 	Checking node: node_linear against pattern node: slice_1.
[''][I] 	No match because: Op did not match. Node op was: Gemm but pattern op was: Slice.
[''][I] Start a subgraph matching...
[''][I] 	Checking node: node_relu_2 against pattern node: slice_1.
[''][I] 	No match because: Op did not match. Node op was: Relu but pattern op was: Slice.
[''][I] Start a subgraph matching...
[''][I] 	Checking node: node_linear_1 against pattern node: slice_1.
[''][I] 	No match because: Op did not match. Node op was: Gemm but pattern op was: Slice.
[''][I] Start a subgraph matching...
[''][I] 	Checking node: node_softmax against pattern node: slice_1.
[''][I] 	No match because: Op did not match. Node op was: Softmax but pattern op was: Slice.
[''][I] Start a subgraph matching...
[''][I] 	Checking node: node_argmax against pattern node: slice_1.
[''][I] 	No match because: Op did not match. Node op was: ArgMax but pattern op was: Slice.
[''][I] Start a subgraph matching...
[''][I] 	Checking node: node_conv2d against pattern node: slice_2.
[''][I] 	No match because: Op did not match. Node op was: Conv but pattern op was: Slice.
[''][I] Start a subgraph matching...
[''][I] 	Checking node: node_relu against pattern node: slice_2.
[''][I] 	No match because: Op did not match. Node op was: Relu but pattern op was: Slice.
[''][I] Start a subgraph matching...
[''][I] 	Checking node: node_max_pool2d against pattern node: slice_2.
[''][I] 	No match because: Op did not match. Node op was: MaxPool but pattern op was: Slice.
[''][I] Start a subgraph matching...
[''][I] 	Checking node: node_conv2d_1 against pattern node: slice_2.
[''][I] 	No match because: Op did not match. Node op was: Conv but pattern op was: Slice.
[''][I] Start a subgraph matching...
[''][I] 	Checking node: node_relu_1 against pattern node: slice_2.
[''][I] 	No match because: Op did not match. Node op was: Relu but pattern op was: Slice.
[''][I] Start a subgraph matching...
[''][I] 	Checking node: node_max_pool2d_1 against pattern node: slice_2.
[''][I] 	No match because: Op did not match. Node op was: MaxPool but pattern op was: Slice.
[''][I] Start a subgraph matching...
[''][I] 	Checking node: node_view against pattern node: slice_2.
[''][I] 	No match because: Op did not match. Node op was: Reshape but pattern op was: Slice.
[''][I] Start a subgraph matching...
[''][I] 	Checking node: node_linear against pattern node: slice_2.
[''][I] 	No match because: Op did not match. Node op was: Gemm but pattern op was: Slice.
[''][I] Start a subgraph matching...
[''][I] 	Checking node: node_relu_2 against pattern node: slice_2.
[''][I] 	No match because: Op did not match. Node op was: Relu but pattern op was: Slice.
[''][I] Start a subgraph matching...
[''][I] 	Checking node: node_linear_1 against pattern node: slice_2.
[''][I] 	No match because: Op did not match. Node op was: Gemm but pattern op was: Slice.
[''][I] Start a subgraph matching...
[''][I] 	Checking node: node_softmax against pattern node: slice_2.
[''][I] 	No match because: Op did not match. Node op was: Softmax but pattern op was: Slice.
[''][I] Start a subgraph matching...
[''][I] 	Checking node: node_argmax against pattern node: slice_2.
[''][I] 	No match because: Op did not match. Node op was: ArgMax but pattern op was: Slice.
[''][I] Start a subgraph matching...
[''][I] 	Checking node: node_conv2d against pattern node: slice_3.
[''][I] 	No match because: Op did not match. Node op was: Conv but pattern op was: Slice.
[''][I] Start a subgraph matching...
[''][I] 	Checking node: node_relu against pattern node: slice_3.
[''][I] 	No match because: Op did not match. Node op was: Relu but pattern op was: Slice.
[''][I] Start a subgraph matching...
[''][I] 	Checking node: node_max_pool2d against pattern node: slice_3.
[''][I] 	No match because: Op did not match. Node op was: MaxPool but pattern op was: Slice.
[''][I] Start a subgraph matching...
[''][I] 	Checking node: node_conv2d_1 against pattern node: slice_3.
[''][I] 	No match because: Op did not match. Node op was: Conv but pattern op was: Slice.
[''][I] Start a subgraph matching...
[''][I] 	Checking node: node_relu_1 against pattern node: slice_3.
[''][I] 	No match because: Op did not match. Node op was: Relu but pattern op was: Slice.
[''][I] Start a subgraph matching...
[''][I] 	Checking node: node_max_pool2d_1 against pattern node: slice_3.
[''][I] 	No match because: Op did not match. Node op was: MaxPool but pattern op was: Slice.
[''][I] Start a subgraph matching...
[''][I] 	Checking node: node_view against pattern node: slice_3.
[''][I] 	No match because: Op did not match. Node op was: Reshape but pattern op was: Slice.
[''][I] Start a subgraph matching...
[''][I] 	Checking node: node_linear against pattern node: slice_3.
[''][I] 	No match because: Op did not match. Node op was: Gemm but pattern op was: Slice.
[''][I] Start a subgraph matching...
[''][I] 	Checking node: node_relu_2 against pattern node: slice_3.
[''][I] 	No match because: Op did not match. Node op was: Relu but pattern op was: Slice.
[''][I] Start a subgraph matching...
[''][I] 	Checking node: node_linear_1 against pattern node: slice_3.
[''][I] 	No match because: Op did not match. Node op was: Gemm but pattern op was: Slice.
[''][I] Start a subgraph matching...
[''][I] 	Checking node: node_softmax against pattern node: slice_3.
[''][I] 	No match because: Op did not match. Node op was: Softmax but pattern op was: Slice.
[''][I] Start a subgraph matching...
[''][I] 	Checking node: node_argmax against pattern node: slice_3.
[''][I] 	No match because: Op did not match. Node op was: ArgMax but pattern op was: Slice.
[''][I] Start a subgraph matching...
[''][I] 	Checking node: node_conv2d against pattern node: Q.
[''][I] 	Checking node: node_conv2d against pattern node: q_1.
[''][I] 	No match because: Op did not match. Node op was: Conv but pattern op was: QuantizeLinear.
[''][I] Start a subgraph matching...
[''][I] 	Checking node: node_relu against pattern node: Q.
[''][I] 	Checking node: node_relu against pattern node: q_1.
[''][I] 	No match because: Op did not match. Node op was: Relu but pattern op was: QuantizeLinear.
[''][I] Start a subgraph matching...
[''][I] 	Checking node: node_max_pool2d against pattern node: Q.
[''][I] 	Checking node: node_max_pool2d against pattern node: q_1.
[''][I] 	No match because: Op did not match. Node op was: MaxPool but pattern op was: QuantizeLinear.
[''][I] Start a subgraph matching...
[''][I] 	Checking node: node_conv2d_1 against pattern node: Q.
[''][I] 	Checking node: node_conv2d_1 against pattern node: q_1.
[''][I] 	No match because: Op did not match. Node op was: Conv but pattern op was: QuantizeLinear.
[''][I] Start a subgraph matching...
[''][I] 	Checking node: node_relu_1 against pattern node: Q.
[''][I] 	Checking node: node_relu_1 against pattern node: q_1.
[''][I] 	No match because: Op did not match. Node op was: Relu but pattern op was: QuantizeLinear.
[''][I] Start a subgraph matching...
[''][I] 	Checking node: node_max_pool2d_1 against pattern node: Q.
[''][I] 	Checking node: node_max_pool2d_1 against pattern node: q_1.
[''][I] 	No match because: Op did not match. Node op was: MaxPool but pattern op was: QuantizeLinear.
[''][I] Start a subgraph matching...
[''][I] 	Checking node: node_view against pattern node: Q.
[''][I] 	Checking node: node_view against pattern node: q_1.
[''][I] 	No match because: Op did not match. Node op was: Reshape but pattern op was: QuantizeLinear.
[''][I] Start a subgraph matching...
[''][I] 	Checking node: node_linear against pattern node: Q.
[''][I] 	Checking node: node_linear against pattern node: q_1.
[''][I] 	No match because: Op did not match. Node op was: Gemm but pattern op was: QuantizeLinear.
[''][I] Start a subgraph matching...
[''][I] 	Checking node: node_relu_2 against pattern node: Q.
[''][I] 	Checking node: node_relu_2 against pattern node: q_1.
[''][I] 	No match because: Op did not match. Node op was: Relu but pattern op was: QuantizeLinear.
[''][I] Start a subgraph matching...
[''][I] 	Checking node: node_linear_1 against pattern node: Q.
[''][I] 	Checking node: node_linear_1 against pattern node: q_1.
[''][I] 	No match because: Op did not match. Node op was: Gemm but pattern op was: QuantizeLinear.
[''][I] Start a subgraph matching...
[''][I] 	Checking node: node_softmax against pattern node: Q.
[''][I] 	Checking node: node_softmax against pattern node: q_1.
[''][I] 	No match because: Op did not match. Node op was: Softmax but pattern op was: QuantizeLinear.
[''][I] Start a subgraph matching...
[''][I] 	Checking node: node_argmax against pattern node: Q.
[''][I] 	Checking node: node_argmax against pattern node: q_1.
[''][I] 	No match because: Op did not match. Node op was: ArgMax but pattern op was: QuantizeLinear.
[''][I] Start a subgraph matching...
[''][I] 	Checking node: node_conv2d against pattern node: Q.
[''][I] 	Checking node: node_conv2d against pattern node: q_1.
[''][I] 	No match because: Op did not match. Node op was: Conv but pattern op was: QuantizeLinear.
[''][I] Start a subgraph matching...
[''][I] 	Checking node: node_relu against pattern node: Q.
[''][I] 	Checking node: node_relu against pattern node: q_1.
[''][I] 	No match because: Op did not match. Node op was: Relu but pattern op was: QuantizeLinear.
[''][I] Start a subgraph matching...
[''][I] 	Checking node: node_max_pool2d against pattern node: Q.
[''][I] 	Checking node: node_max_pool2d against pattern node: q_1.
[''][I] 	No match because: Op did not match. Node op was: MaxPool but pattern op was: QuantizeLinear.
[''][I] Start a subgraph matching...
[''][I] 	Checking node: node_conv2d_1 against pattern node: Q.
[''][I] 	Checking node: node_conv2d_1 against pattern node: q_1.
[''][I] 	No match because: Op did not match. Node op was: Conv but pattern op was: QuantizeLinear.
[''][I] Start a subgraph matching...
[''][I] 	Checking node: node_relu_1 against pattern node: Q.
[''][I] 	Checking node: node_relu_1 against pattern node: q_1.
[''][I] 	No match because: Op did not match. Node op was: Relu but pattern op was: QuantizeLinear.
[''][I] Start a subgraph matching...
[''][I] 	Checking node: node_max_pool2d_1 against pattern node: Q.
[''][I] 	Checking node: node_max_pool2d_1 against pattern node: q_1.
[''][I] 	No match because: Op did not match. Node op was: MaxPool but pattern op was: QuantizeLinear.
[''][I] Start a subgraph matching...
[''][I] 	Checking node: node_view against pattern node: Q.
[''][I] 	Checking node: node_view against pattern node: q_1.
[''][I] 	No match because: Op did not match. Node op was: Reshape but pattern op was: QuantizeLinear.
[''][I] Start a subgraph matching...
[''][I] 	Checking node: node_linear against pattern node: Q.
[''][I] 	Checking node: node_linear against pattern node: q_1.
[''][I] 	No match because: Op did not match. Node op was: Gemm but pattern op was: QuantizeLinear.
[''][I] Start a subgraph matching...
[''][I] 	Checking node: node_relu_2 against pattern node: Q.
[''][I] 	Checking node: node_relu_2 against pattern node: q_1.
[''][I] 	No match because: Op did not match. Node op was: Relu but pattern op was: QuantizeLinear.
[''][I] Start a subgraph matching...
[''][I] 	Checking node: node_linear_1 against pattern node: Q.
[''][I] 	Checking node: node_linear_1 against pattern node: q_1.
[''][I] 	No match because: Op did not match. Node op was: Gemm but pattern op was: QuantizeLinear.
[''][I] Start a subgraph matching...
[''][I] 	Checking node: node_softmax against pattern node: Q.
[''][I] 	Checking node: node_softmax against pattern node: q_1.
[''][I] 	No match because: Op did not match. Node op was: Softmax but pattern op was: QuantizeLinear.
[''][I] Start a subgraph matching...
[''][I] 	Checking node: node_argmax against pattern node: Q.
[''][I] 	Checking node: node_argmax against pattern node: q_1.
[''][I] 	No match because: Op did not match. Node op was: ArgMax but pattern op was: QuantizeLinear.
[''][I] Start a subgraph matching...
[''][I] 	Checking node: node_conv2d against pattern node: Q.
[''][I] 	Checking node: node_conv2d against pattern node: q_2.
[''][I] 	No match because: Op did not match. Node op was: Conv but pattern op was: QuantizeLinear.
[''][I] Start a subgraph matching...
[''][I] 	Checking node: node_relu against pattern node: Q.
[''][I] 	Checking node: node_relu against pattern node: q_2.
[''][I] 	No match because: Op did not match. Node op was: Relu but pattern op was: QuantizeLinear.
[''][I] Start a subgraph matching...
[''][I] 	Checking node: node_max_pool2d against pattern node: Q.
[''][I] 	Checking node: node_max_pool2d against pattern node: q_2.
[''][I] 	No match because: Op did not match. Node op was: MaxPool but pattern op was: QuantizeLinear.
[''][I] Start a subgraph matching...
[''][I] 	Checking node: node_conv2d_1 against pattern node: Q.
[''][I] 	Checking node: node_conv2d_1 against pattern node: q_2.
[''][I] 	No match because: Op did not match. Node op was: Conv but pattern op was: QuantizeLinear.
[''][I] Start a subgraph matching...
[''][I] 	Checking node: node_relu_1 against pattern node: Q.
[''][I] 	Checking node: node_relu_1 against pattern node: q_2.
[''][I] 	No match because: Op did not match. Node op was: Relu but pattern op was: QuantizeLinear.
[''][I] Start a subgraph matching...
[''][I] 	Checking node: node_max_pool2d_1 against pattern node: Q.
[''][I] 	Checking node: node_max_pool2d_1 against pattern node: q_2.
[''][I] 	No match because: Op did not match. Node op was: MaxPool but pattern op was: QuantizeLinear.
[''][I] Start a subgraph matching...
[''][I] 	Checking node: node_view against pattern node: Q.
[''][I] 	Checking node: node_view against pattern node: q_2.
[''][I] 	No match because: Op did not match. Node op was: Reshape but pattern op was: QuantizeLinear.
[''][I] Start a subgraph matching...
[''][I] 	Checking node: node_linear against pattern node: Q.
[''][I] 	Checking node: node_linear against pattern node: q_2.
[''][I] 	No match because: Op did not match. Node op was: Gemm but pattern op was: QuantizeLinear.
[''][I] Start a subgraph matching...
[''][I] 	Checking node: node_relu_2 against pattern node: Q.
[''][I] 	Checking node: node_relu_2 against pattern node: q_2.
[''][I] 	No match because: Op did not match. Node op was: Relu but pattern op was: QuantizeLinear.
[''][I] Start a subgraph matching...
[''][I] 	Checking node: node_linear_1 against pattern node: Q.
[''][I] 	Checking node: node_linear_1 against pattern node: q_2.
[''][I] 	No match because: Op did not match. Node op was: Gemm but pattern op was: QuantizeLinear.
[''][I] Start a subgraph matching...
[''][I] 	Checking node: node_softmax against pattern node: Q.
[''][I] 	Checking node: node_softmax against pattern node: q_2.
[''][I] 	No match because: Op did not match. Node op was: Softmax but pattern op was: QuantizeLinear.
[''][I] Start a subgraph matching...
[''][I] 	Checking node: node_argmax against pattern node: Q.
[''][I] 	Checking node: node_argmax against pattern node: q_2.
[''][I] 	No match because: Op did not match. Node op was: ArgMax but pattern op was: QuantizeLinear.
[''][I] Start a subgraph matching...
[''][I] 	Checking node: node_conv2d against pattern node: Q.
[''][I] 	Checking node: node_conv2d against pattern node: q_2.
[''][I] 	No match because: Op did not match. Node op was: Conv but pattern op was: QuantizeLinear.
[''][I] Start a subgraph matching...
[''][I] 	Checking node: node_relu against pattern node: Q.
[''][I] 	Checking node: node_relu against pattern node: q_2.
[''][I] 	No match because: Op did not match. Node op was: Relu but pattern op was: QuantizeLinear.
[''][I] Start a subgraph matching...
[''][I] 	Checking node: node_max_pool2d against pattern node: Q.
[''][I] 	Checking node: node_max_pool2d against pattern node: q_2.
[''][I] 	No match because: Op did not match. Node op was: MaxPool but pattern op was: QuantizeLinear.
[''][I] Start a subgraph matching...
[''][I] 	Checking node: node_conv2d_1 against pattern node: Q.
[''][I] 	Checking node: node_conv2d_1 against pattern node: q_2.
[''][I] 	No match because: Op did not match. Node op was: Conv but pattern op was: QuantizeLinear.
[''][I] Start a subgraph matching...
[''][I] 	Checking node: node_relu_1 against pattern node: Q.
[''][I] 	Checking node: node_relu_1 against pattern node: q_2.
[''][I] 	No match because: Op did not match. Node op was: Relu but pattern op was: QuantizeLinear.
[''][I] Start a subgraph matching...
[''][I] 	Checking node: node_max_pool2d_1 against pattern node: Q.
[''][I] 	Checking node: node_max_pool2d_1 against pattern node: q_2.
[''][I] 	No match because: Op did not match. Node op was: MaxPool but pattern op was: QuantizeLinear.
[''][I] Start a subgraph matching...
[''][I] 	Checking node: node_view against pattern node: Q.
[''][I] 	Checking node: node_view against pattern node: q_2.
[''][I] 	No match because: Op did not match. Node op was: Reshape but pattern op was: QuantizeLinear.
[''][I] Start a subgraph matching...
[''][I] 	Checking node: node_linear against pattern node: Q.
[''][I] 	Checking node: node_linear against pattern node: q_2.
[''][I] 	No match because: Op did not match. Node op was: Gemm but pattern op was: QuantizeLinear.
[''][I] Start a subgraph matching...
[''][I] 	Checking node: node_relu_2 against pattern node: Q.
[''][I] 	Checking node: node_relu_2 against pattern node: q_2.
[''][I] 	No match because: Op did not match. Node op was: Relu but pattern op was: QuantizeLinear.
[''][I] Start a subgraph matching...
[''][I] 	Checking node: node_linear_1 against pattern node: Q.
[''][I] 	Checking node: node_linear_1 against pattern node: q_2.
[''][I] 	No match because: Op did not match. Node op was: Gemm but pattern op was: QuantizeLinear.
[''][I] Start a subgraph matching...
[''][I] 	Checking node: node_softmax against pattern node: Q.
[''][I] 	Checking node: node_softmax against pattern node: q_2.
[''][I] 	No match because: Op did not match. Node op was: Softmax but pattern op was: QuantizeLinear.
[''][I] Start a subgraph matching...
[''][I] 	Checking node: node_argmax against pattern node: Q.
[''][I] 	Checking node: node_argmax against pattern node: q_2.
[''][I] 	No match because: Op did not match. Node op was: ArgMax but pattern op was: QuantizeLinear.
[''][I] Start a subgraph matching...
[''][I] 	Checking node: node_conv2d against pattern node: Q.
[''][I] 	Checking node: node_conv2d against pattern node: q_1.
[''][I] 	No match because: Op did not match. Node op was: Conv but pattern op was: QuantizeLinear.
[''][I] Start a subgraph matching...
[''][I] 	Checking node: node_relu against pattern node: Q.
[''][I] 	Checking node: node_relu against pattern node: q_1.
[''][I] 	No match because: Op did not match. Node op was: Relu but pattern op was: QuantizeLinear.
[''][I] Start a subgraph matching...
[''][I] 	Checking node: node_max_pool2d against pattern node: Q.
[''][I] 	Checking node: node_max_pool2d against pattern node: q_1.
[''][I] 	No match because: Op did not match. Node op was: MaxPool but pattern op was: QuantizeLinear.
[''][I] Start a subgraph matching...
[''][I] 	Checking node: node_conv2d_1 against pattern node: Q.
[''][I] 	Checking node: node_conv2d_1 against pattern node: q_1.
[''][I] 	No match because: Op did not match. Node op was: Conv but pattern op was: QuantizeLinear.
[''][I] Start a subgraph matching...
[''][I] 	Checking node: node_relu_1 against pattern node: Q.
[''][I] 	Checking node: node_relu_1 against pattern node: q_1.
[''][I] 	No match because: Op did not match. Node op was: Relu but pattern op was: QuantizeLinear.
[''][I] Start a subgraph matching...
[''][I] 	Checking node: node_max_pool2d_1 against pattern node: Q.
[''][I] 	Checking node: node_max_pool2d_1 against pattern node: q_1.
[''][I] 	No match because: Op did not match. Node op was: MaxPool but pattern op was: QuantizeLinear.
[''][I] Start a subgraph matching...
[''][I] 	Checking node: node_view against pattern node: Q.
[''][I] 	Checking node: node_view against pattern node: q_1.
[''][I] 	No match because: Op did not match. Node op was: Reshape but pattern op was: QuantizeLinear.
[''][I] Start a subgraph matching...
[''][I] 	Checking node: node_linear against pattern node: Q.
[''][I] 	Checking node: node_linear against pattern node: q_1.
[''][I] 	No match because: Op did not match. Node op was: Gemm but pattern op was: QuantizeLinear.
[''][I] Start a subgraph matching...
[''][I] 	Checking node: node_relu_2 against pattern node: Q.
[''][I] 	Checking node: node_relu_2 against pattern node: q_1.
[''][I] 	No match because: Op did not match. Node op was: Relu but pattern op was: QuantizeLinear.
[''][I] Start a subgraph matching...
[''][I] 	Checking node: node_linear_1 against pattern node: Q.
[''][I] 	Checking node: node_linear_1 against pattern node: q_1.
[''][I] 	No match because: Op did not match. Node op was: Gemm but pattern op was: QuantizeLinear.
[''][I] Start a subgraph matching...
[''][I] 	Checking node: node_softmax against pattern node: Q.
[''][I] 	Checking node: node_softmax against pattern node: q_1.
[''][I] 	No match because: Op did not match. Node op was: Softmax but pattern op was: QuantizeLinear.
[''][I] Start a subgraph matching...
[''][I] 	Checking node: node_argmax against pattern node: Q.
[''][I] 	Checking node: node_argmax against pattern node: q_1.
[''][I] 	No match because: Op did not match. Node op was: ArgMax but pattern op was: QuantizeLinear.
[''][I] Start a subgraph matching...
[''][I] 	Checking node: node_conv2d against pattern node: Q.
[''][I] 	Checking node: node_conv2d against pattern node: q_1.
[''][I] 	No match because: Op did not match. Node op was: Conv but pattern op was: QuantizeLinear.
[''][I] Start a subgraph matching...
[''][I] 	Checking node: node_relu against pattern node: Q.
[''][I] 	Checking node: node_relu against pattern node: q_1.
[''][I] 	No match because: Op did not match. Node op was: Relu but pattern op was: QuantizeLinear.
[''][I] Start a subgraph matching...
[''][I] 	Checking node: node_max_pool2d against pattern node: Q.
[''][I] 	Checking node: node_max_pool2d against pattern node: q_1.
[''][I] 	No match because: Op did not match. Node op was: MaxPool but pattern op was: QuantizeLinear.
[''][I] Start a subgraph matching...
[''][I] 	Checking node: node_conv2d_1 against pattern node: Q.
[''][I] 	Checking node: node_conv2d_1 against pattern node: q_1.
[''][I] 	No match because: Op did not match. Node op was: Conv but pattern op was: QuantizeLinear.
[''][I] Start a subgraph matching...
[''][I] 	Checking node: node_relu_1 against pattern node: Q.
[''][I] 	Checking node: node_relu_1 against pattern node: q_1.
[''][I] 	No match because: Op did not match. Node op was: Relu but pattern op was: QuantizeLinear.
[''][I] Start a subgraph matching...
[''][I] 	Checking node: node_max_pool2d_1 against pattern node: Q.
[''][I] 	Checking node: node_max_pool2d_1 against pattern node: q_1.
[''][I] 	No match because: Op did not match. Node op was: MaxPool but pattern op was: QuantizeLinear.
[''][I] Start a subgraph matching...
[''][I] 	Checking node: node_view against pattern node: Q.
[''][I] 	Checking node: node_view against pattern node: q_1.
[''][I] 	No match because: Op did not match. Node op was: Reshape but pattern op was: QuantizeLinear.
[''][I] Start a subgraph matching...
[''][I] 	Checking node: node_linear against pattern node: Q.
[''][I] 	Checking node: node_linear against pattern node: q_1.
[''][I] 	No match because: Op did not match. Node op was: Gemm but pattern op was: QuantizeLinear.
[''][I] Start a subgraph matching...
[''][I] 	Checking node: node_relu_2 against pattern node: Q.
[''][I] 	Checking node: node_relu_2 against pattern node: q_1.
[''][I] 	No match because: Op did not match. Node op was: Relu but pattern op was: QuantizeLinear.
[''][I] Start a subgraph matching...
[''][I] 	Checking node: node_linear_1 against pattern node: Q.
[''][I] 	Checking node: node_linear_1 against pattern node: q_1.
[''][I] 	No match because: Op did not match. Node op was: Gemm but pattern op was: QuantizeLinear.
[''][I] Start a subgraph matching...
[''][I] 	Checking node: node_softmax against pattern node: Q.
[''][I] 	Checking node: node_softmax against pattern node: q_1.
[''][I] 	No match because: Op did not match. Node op was: Softmax but pattern op was: QuantizeLinear.
[''][I] Start a subgraph matching...
[''][I] 	Checking node: node_argmax against pattern node: Q.
[''][I] 	Checking node: node_argmax against pattern node: q_1.
[''][I] 	No match because: Op did not match. Node op was: ArgMax but pattern op was: QuantizeLinear.
[''][I] Start a subgraph matching...
[''][I] 	Checking node: node_conv2d against pattern node: Q.
[''][I] 	Checking node: node_conv2d against pattern node: q_2.
[''][I] 	No match because: Op did not match. Node op was: Conv but pattern op was: QuantizeLinear.
[''][I] Start a subgraph matching...
[''][I] 	Checking node: node_relu against pattern node: Q.
[''][I] 	Checking node: node_relu against pattern node: q_2.
[''][I] 	No match because: Op did not match. Node op was: Relu but pattern op was: QuantizeLinear.
[''][I] Start a subgraph matching...
[''][I] 	Checking node: node_max_pool2d against pattern node: Q.
[''][I] 	Checking node: node_max_pool2d against pattern node: q_2.
[''][I] 	No match because: Op did not match. Node op was: MaxPool but pattern op was: QuantizeLinear.
[''][I] Start a subgraph matching...
[''][I] 	Checking node: node_conv2d_1 against pattern node: Q.
[''][I] 	Checking node: node_conv2d_1 against pattern node: q_2.
[''][I] 	No match because: Op did not match. Node op was: Conv but pattern op was: QuantizeLinear.
[''][I] Start a subgraph matching...
[''][I] 	Checking node: node_relu_1 against pattern node: Q.
[''][I] 	Checking node: node_relu_1 against pattern node: q_2.
[''][I] 	No match because: Op did not match. Node op was: Relu but pattern op was: QuantizeLinear.
[''][I] Start a subgraph matching...
[''][I] 	Checking node: node_max_pool2d_1 against pattern node: Q.
[''][I] 	Checking node: node_max_pool2d_1 against pattern node: q_2.
[''][I] 	No match because: Op did not match. Node op was: MaxPool but pattern op was: QuantizeLinear.
[''][I] Start a subgraph matching...
[''][I] 	Checking node: node_view against pattern node: Q.
[''][I] 	Checking node: node_view against pattern node: q_2.
[''][I] 	No match because: Op did not match. Node op was: Reshape but pattern op was: QuantizeLinear.
[''][I] Start a subgraph matching...
[''][I] 	Checking node: node_linear against pattern node: Q.
[''][I] 	Checking node: node_linear against pattern node: q_2.
[''][I] 	No match because: Op did not match. Node op was: Gemm but pattern op was: QuantizeLinear.
[''][I] Start a subgraph matching...
[''][I] 	Checking node: node_relu_2 against pattern node: Q.
[''][I] 	Checking node: node_relu_2 against pattern node: q_2.
[''][I] 	No match because: Op did not match. Node op was: Relu but pattern op was: QuantizeLinear.
[''][I] Start a subgraph matching...
[''][I] 	Checking node: node_linear_1 against pattern node: Q.
[''][I] 	Checking node: node_linear_1 against pattern node: q_2.
[''][I] 	No match because: Op did not match. Node op was: Gemm but pattern op was: QuantizeLinear.
[''][I] Start a subgraph matching...
[''][I] 	Checking node: node_softmax against pattern node: Q.
[''][I] 	Checking node: node_softmax against pattern node: q_2.
[''][I] 	No match because: Op did not match. Node op was: Softmax but pattern op was: QuantizeLinear.
[''][I] Start a subgraph matching...
[''][I] 	Checking node: node_argmax against pattern node: Q.
[''][I] 	Checking node: node_argmax against pattern node: q_2.
[''][I] 	No match because: Op did not match. Node op was: ArgMax but pattern op was: QuantizeLinear.
[''][I] Start a subgraph matching...
[''][I] 	Checking node: node_conv2d against pattern node: Q.
[''][I] 	Checking node: node_conv2d against pattern node: q_2.
[''][I] 	No match because: Op did not match. Node op was: Conv but pattern op was: QuantizeLinear.
[''][I] Start a subgraph matching...
[''][I] 	Checking node: node_relu against pattern node: Q.
[''][I] 	Checking node: node_relu against pattern node: q_2.
[''][I] 	No match because: Op did not match. Node op was: Relu but pattern op was: QuantizeLinear.
[''][I] Start a subgraph matching...
[''][I] 	Checking node: node_max_pool2d against pattern node: Q.
[''][I] 	Checking node: node_max_pool2d against pattern node: q_2.
[''][I] 	No match because: Op did not match. Node op was: MaxPool but pattern op was: QuantizeLinear.
[''][I] Start a subgraph matching...
[''][I] 	Checking node: node_conv2d_1 against pattern node: Q.
[''][I] 	Checking node: node_conv2d_1 against pattern node: q_2.
[''][I] 	No match because: Op did not match. Node op was: Conv but pattern op was: QuantizeLinear.
[''][I] Start a subgraph matching...
[''][I] 	Checking node: node_relu_1 against pattern node: Q.
[''][I] 	Checking node: node_relu_1 against pattern node: q_2.
[''][I] 	No match because: Op did not match. Node op was: Relu but pattern op was: QuantizeLinear.
[''][I] Start a subgraph matching...
[''][I] 	Checking node: node_max_pool2d_1 against pattern node: Q.
[''][I] 	Checking node: node_max_pool2d_1 against pattern node: q_2.
[''][I] 	No match because: Op did not match. Node op was: MaxPool but pattern op was: QuantizeLinear.
[''][I] Start a subgraph matching...
[''][I] 	Checking node: node_view against pattern node: Q.
[''][I] 	Checking node: node_view against pattern node: q_2.
[''][I] 	No match because: Op did not match. Node op was: Reshape but pattern op was: QuantizeLinear.
[''][I] Start a subgraph matching...
[''][I] 	Checking node: node_linear against pattern node: Q.
[''][I] 	Checking node: node_linear against pattern node: q_2.
[''][I] 	No match because: Op did not match. Node op was: Gemm but pattern op was: QuantizeLinear.
[''][I] Start a subgraph matching...
[''][I] 	Checking node: node_relu_2 against pattern node: Q.
[''][I] 	Checking node: node_relu_2 against pattern node: q_2.
[''][I] 	No match because: Op did not match. Node op was: Relu but pattern op was: QuantizeLinear.
[''][I] Start a subgraph matching...
[''][I] 	Checking node: node_linear_1 against pattern node: Q.
[''][I] 	Checking node: node_linear_1 against pattern node: q_2.
[''][I] 	No match because: Op did not match. Node op was: Gemm but pattern op was: QuantizeLinear.
[''][I] Start a subgraph matching...
[''][I] 	Checking node: node_softmax against pattern node: Q.
[''][I] 	Checking node: node_softmax against pattern node: q_2.
[''][I] 	No match because: Op did not match. Node op was: Softmax but pattern op was: QuantizeLinear.
[''][I] Start a subgraph matching...
[''][I] 	Checking node: node_argmax against pattern node: Q.
[''][I] 	Checking node: node_argmax against pattern node: q_2.
[''][I] 	No match because: Op did not match. Node op was: ArgMax but pattern op was: QuantizeLinear.
[''][I] Start a subgraph matching...
[''][I] 	Checking node: node_conv2d against pattern node: Q.
[''][I] 	Checking node: node_conv2d against pattern node: q_1.
[''][I] 	No match because: Op did not match. Node op was: Conv but pattern op was: QuantizeLinear.
[''][I] Start a subgraph matching...
[''][I] 	Checking node: node_relu against pattern node: Q.
[''][I] 	Checking node: node_relu against pattern node: q_1.
[''][I] 	No match because: Op did not match. Node op was: Relu but pattern op was: QuantizeLinear.
[''][I] Start a subgraph matching...
[''][I] 	Checking node: node_max_pool2d against pattern node: Q.
[''][I] 	Checking node: node_max_pool2d against pattern node: q_1.
[''][I] 	No match because: Op did not match. Node op was: MaxPool but pattern op was: QuantizeLinear.
[''][I] Start a subgraph matching...
[''][I] 	Checking node: node_conv2d_1 against pattern node: Q.
[''][I] 	Checking node: node_conv2d_1 against pattern node: q_1.
[''][I] 	No match because: Op did not match. Node op was: Conv but pattern op was: QuantizeLinear.
[''][I] Start a subgraph matching...
[''][I] 	Checking node: node_relu_1 against pattern node: Q.
[''][I] 	Checking node: node_relu_1 against pattern node: q_1.
[''][I] 	No match because: Op did not match. Node op was: Relu but pattern op was: QuantizeLinear.
[''][I] Start a subgraph matching...
[''][I] 	Checking node: node_max_pool2d_1 against pattern node: Q.
[''][I] 	Checking node: node_max_pool2d_1 against pattern node: q_1.
[''][I] 	No match because: Op did not match. Node op was: MaxPool but pattern op was: QuantizeLinear.
[''][I] Start a subgraph matching...
[''][I] 	Checking node: node_view against pattern node: Q.
[''][I] 	Checking node: node_view against pattern node: q_1.
[''][I] 	No match because: Op did not match. Node op was: Reshape but pattern op was: QuantizeLinear.
[''][I] Start a subgraph matching...
[''][I] 	Checking node: node_linear against pattern node: Q.
[''][I] 	Checking node: node_linear against pattern node: q_1.
[''][I] 	No match because: Op did not match. Node op was: Gemm but pattern op was: QuantizeLinear.
[''][I] Start a subgraph matching...
[''][I] 	Checking node: node_relu_2 against pattern node: Q.
[''][I] 	Checking node: node_relu_2 against pattern node: q_1.
[''][I] 	No match because: Op did not match. Node op was: Relu but pattern op was: QuantizeLinear.
[''][I] Start a subgraph matching...
[''][I] 	Checking node: node_linear_1 against pattern node: Q.
[''][I] 	Checking node: node_linear_1 against pattern node: q_1.
[''][I] 	No match because: Op did not match. Node op was: Gemm but pattern op was: QuantizeLinear.
[''][I] Start a subgraph matching...
[''][I] 	Checking node: node_softmax against pattern node: Q.
[''][I] 	Checking node: node_softmax against pattern node: q_1.
[''][I] 	No match because: Op did not match. Node op was: Softmax but pattern op was: QuantizeLinear.
[''][I] Start a subgraph matching...
[''][I] 	Checking node: node_argmax against pattern node: Q.
[''][I] 	Checking node: node_argmax against pattern node: q_1.
[''][I] 	No match because: Op did not match. Node op was: ArgMax but pattern op was: QuantizeLinear.
[''][I] Start a subgraph matching...
[''][I] 	Checking node: node_conv2d against pattern node: Q.
[''][I] 	Checking node: node_conv2d against pattern node: q_1.
[''][I] 	No match because: Op did not match. Node op was: Conv but pattern op was: QuantizeLinear.
[''][I] Start a subgraph matching...
[''][I] 	Checking node: node_relu against pattern node: Q.
[''][I] 	Checking node: node_relu against pattern node: q_1.
[''][I] 	No match because: Op did not match. Node op was: Relu but pattern op was: QuantizeLinear.
[''][I] Start a subgraph matching...
[''][I] 	Checking node: node_max_pool2d against pattern node: Q.
[''][I] 	Checking node: node_max_pool2d against pattern node: q_1.
[''][I] 	No match because: Op did not match. Node op was: MaxPool but pattern op was: QuantizeLinear.
[''][I] Start a subgraph matching...
[''][I] 	Checking node: node_conv2d_1 against pattern node: Q.
[''][I] 	Checking node: node_conv2d_1 against pattern node: q_1.
[''][I] 	No match because: Op did not match. Node op was: Conv but pattern op was: QuantizeLinear.
[''][I] Start a subgraph matching...
[''][I] 	Checking node: node_relu_1 against pattern node: Q.
[''][I] 	Checking node: node_relu_1 against pattern node: q_1.
[''][I] 	No match because: Op did not match. Node op was: Relu but pattern op was: QuantizeLinear.
[''][I] Start a subgraph matching...
[''][I] 	Checking node: node_max_pool2d_1 against pattern node: Q.
[''][I] 	Checking node: node_max_pool2d_1 against pattern node: q_1.
[''][I] 	No match because: Op did not match. Node op was: MaxPool but pattern op was: QuantizeLinear.
[''][I] Start a subgraph matching...
[''][I] 	Checking node: node_view against pattern node: Q.
[''][I] 	Checking node: node_view against pattern node: q_1.
[''][I] 	No match because: Op did not match. Node op was: Reshape but pattern op was: QuantizeLinear.
[''][I] Start a subgraph matching...
[''][I] 	Checking node: node_linear against pattern node: Q.
[''][I] 	Checking node: node_linear against pattern node: q_1.
[''][I] 	No match because: Op did not match. Node op was: Gemm but pattern op was: QuantizeLinear.
[''][I] Start a subgraph matching...
[''][I] 	Checking node: node_relu_2 against pattern node: Q.
[''][I] 	Checking node: node_relu_2 against pattern node: q_1.
[''][I] 	No match because: Op did not match. Node op was: Relu but pattern op was: QuantizeLinear.
[''][I] Start a subgraph matching...
[''][I] 	Checking node: node_linear_1 against pattern node: Q.
[''][I] 	Checking node: node_linear_1 against pattern node: q_1.
[''][I] 	No match because: Op did not match. Node op was: Gemm but pattern op was: QuantizeLinear.
[''][I] Start a subgraph matching...
[''][I] 	Checking node: node_softmax against pattern node: Q.
[''][I] 	Checking node: node_softmax against pattern node: q_1.
[''][I] 	No match because: Op did not match. Node op was: Softmax but pattern op was: QuantizeLinear.
[''][I] Start a subgraph matching...
[''][I] 	Checking node: node_argmax against pattern node: Q.
[''][I] 	Checking node: node_argmax against pattern node: q_1.
[''][I] 	No match because: Op did not match. Node op was: ArgMax but pattern op was: QuantizeLinear.
[''][I] Start a subgraph matching...
[''][I] 	Checking node: node_conv2d against pattern node: Q.
[''][I] 	Checking node: node_conv2d against pattern node: q_2.
[''][I] 	No match because: Op did not match. Node op was: Conv but pattern op was: QuantizeLinear.
[''][I] Start a subgraph matching...
[''][I] 	Checking node: node_relu against pattern node: Q.
[''][I] 	Checking node: node_relu against pattern node: q_2.
[''][I] 	No match because: Op did not match. Node op was: Relu but pattern op was: QuantizeLinear.
[''][I] Start a subgraph matching...
[''][I] 	Checking node: node_max_pool2d against pattern node: Q.
[''][I] 	Checking node: node_max_pool2d against pattern node: q_2.
[''][I] 	No match because: Op did not match. Node op was: MaxPool but pattern op was: QuantizeLinear.
[''][I] Start a subgraph matching...
[''][I] 	Checking node: node_conv2d_1 against pattern node: Q.
[''][I] 	Checking node: node_conv2d_1 against pattern node: q_2.
[''][I] 	No match because: Op did not match. Node op was: Conv but pattern op was: QuantizeLinear.
[''][I] Start a subgraph matching...
[''][I] 	Checking node: node_relu_1 against pattern node: Q.
[''][I] 	Checking node: node_relu_1 against pattern node: q_2.
[''][I] 	No match because: Op did not match. Node op was: Relu but pattern op was: QuantizeLinear.
[''][I] Start a subgraph matching...
[''][I] 	Checking node: node_max_pool2d_1 against pattern node: Q.
[''][I] 	Checking node: node_max_pool2d_1 against pattern node: q_2.
[''][I] 	No match because: Op did not match. Node op was: MaxPool but pattern op was: QuantizeLinear.
[''][I] Start a subgraph matching...
[''][I] 	Checking node: node_view against pattern node: Q.
[''][I] 	Checking node: node_view against pattern node: q_2.
[''][I] 	No match because: Op did not match. Node op was: Reshape but pattern op was: QuantizeLinear.
[''][I] Start a subgraph matching...
[''][I] 	Checking node: node_linear against pattern node: Q.
[''][I] 	Checking node: node_linear against pattern node: q_2.
[''][I] 	No match because: Op did not match. Node op was: Gemm but pattern op was: QuantizeLinear.
[''][I] Start a subgraph matching...
[''][I] 	Checking node: node_relu_2 against pattern node: Q.
[''][I] 	Checking node: node_relu_2 against pattern node: q_2.
[''][I] 	No match because: Op did not match. Node op was: Relu but pattern op was: QuantizeLinear.
[''][I] Start a subgraph matching...
[''][I] 	Checking node: node_linear_1 against pattern node: Q.
[''][I] 	Checking node: node_linear_1 against pattern node: q_2.
[''][I] 	No match because: Op did not match. Node op was: Gemm but pattern op was: QuantizeLinear.
[''][I] Start a subgraph matching...
[''][I] 	Checking node: node_softmax against pattern node: Q.
[''][I] 	Checking node: node_softmax against pattern node: q_2.
[''][I] 	No match because: Op did not match. Node op was: Softmax but pattern op was: QuantizeLinear.
[''][I] Start a subgraph matching...
[''][I] 	Checking node: node_argmax against pattern node: Q.
[''][I] 	Checking node: node_argmax against pattern node: q_2.
[''][I] 	No match because: Op did not match. Node op was: ArgMax but pattern op was: QuantizeLinear.
[''][I] Start a subgraph matching...
[''][I] 	Checking node: node_conv2d against pattern node: Q.
[''][I] 	Checking node: node_conv2d against pattern node: q_2.
[''][I] 	No match because: Op did not match. Node op was: Conv but pattern op was: QuantizeLinear.
[''][I] Start a subgraph matching...
[''][I] 	Checking node: node_relu against pattern node: Q.
[''][I] 	Checking node: node_relu against pattern node: q_2.
[''][I] 	No match because: Op did not match. Node op was: Relu but pattern op was: QuantizeLinear.
[''][I] Start a subgraph matching...
[''][I] 	Checking node: node_max_pool2d against pattern node: Q.
[''][I] 	Checking node: node_max_pool2d against pattern node: q_2.
[''][I] 	No match because: Op did not match. Node op was: MaxPool but pattern op was: QuantizeLinear.
[''][I] Start a subgraph matching...
[''][I] 	Checking node: node_conv2d_1 against pattern node: Q.
[''][I] 	Checking node: node_conv2d_1 against pattern node: q_2.
[''][I] 	No match because: Op did not match. Node op was: Conv but pattern op was: QuantizeLinear.
[''][I] Start a subgraph matching...
[''][I] 	Checking node: node_relu_1 against pattern node: Q.
[''][I] 	Checking node: node_relu_1 against pattern node: q_2.
[''][I] 	No match because: Op did not match. Node op was: Relu but pattern op was: QuantizeLinear.
[''][I] Start a subgraph matching...
[''][I] 	Checking node: node_max_pool2d_1 against pattern node: Q.
[''][I] 	Checking node: node_max_pool2d_1 against pattern node: q_2.
[''][I] 	No match because: Op did not match. Node op was: MaxPool but pattern op was: QuantizeLinear.
[''][I] Start a subgraph matching...
[''][I] 	Checking node: node_view against pattern node: Q.
[''][I] 	Checking node: node_view against pattern node: q_2.
[''][I] 	No match because: Op did not match. Node op was: Reshape but pattern op was: QuantizeLinear.
[''][I] Start a subgraph matching...
[''][I] 	Checking node: node_linear against pattern node: Q.
[''][I] 	Checking node: node_linear against pattern node: q_2.
[''][I] 	No match because: Op did not match. Node op was: Gemm but pattern op was: QuantizeLinear.
[''][I] Start a subgraph matching...
[''][I] 	Checking node: node_relu_2 against pattern node: Q.
[''][I] 	Checking node: node_relu_2 against pattern node: q_2.
[''][I] 	No match because: Op did not match. Node op was: Relu but pattern op was: QuantizeLinear.
[''][I] Start a subgraph matching...
[''][I] 	Checking node: node_linear_1 against pattern node: Q.
[''][I] 	Checking node: node_linear_1 against pattern node: q_2.
[''][I] 	No match because: Op did not match. Node op was: Gemm but pattern op was: QuantizeLinear.
[''][I] Start a subgraph matching...
[''][I] 	Checking node: node_softmax against pattern node: Q.
[''][I] 	Checking node: node_softmax against pattern node: q_2.
[''][I] 	No match because: Op did not match. Node op was: Softmax but pattern op was: QuantizeLinear.
[''][I] Start a subgraph matching...
[''][I] 	Checking node: node_argmax against pattern node: Q.
[''][I] 	Checking node: node_argmax against pattern node: q_2.
[''][I] 	No match because: Op did not match. Node op was: ArgMax but pattern op was: QuantizeLinear.
[''][I] Start a subgraph matching...
[''][I] 	Checking node: node_conv2d against pattern node: Q.
[''][I] 	Checking node: node_conv2d against pattern node: q_1.
[''][I] 	No match because: Op did not match. Node op was: Conv but pattern op was: QuantizeLinear.
[''][I] Start a subgraph matching...
[''][I] 	Checking node: node_relu against pattern node: Q.
[''][I] 	Checking node: node_relu against pattern node: q_1.
[''][I] 	No match because: Op did not match. Node op was: Relu but pattern op was: QuantizeLinear.
[''][I] Start a subgraph matching...
[''][I] 	Checking node: node_max_pool2d against pattern node: Q.
[''][I] 	Checking node: node_max_pool2d against pattern node: q_1.
[''][I] 	No match because: Op did not match. Node op was: MaxPool but pattern op was: QuantizeLinear.
[''][I] Start a subgraph matching...
[''][I] 	Checking node: node_conv2d_1 against pattern node: Q.
[''][I] 	Checking node: node_conv2d_1 against pattern node: q_1.
[''][I] 	No match because: Op did not match. Node op was: Conv but pattern op was: QuantizeLinear.
[''][I] Start a subgraph matching...
[''][I] 	Checking node: node_relu_1 against pattern node: Q.
[''][I] 	Checking node: node_relu_1 against pattern node: q_1.
[''][I] 	No match because: Op did not match. Node op was: Relu but pattern op was: QuantizeLinear.
[''][I] Start a subgraph matching...
[''][I] 	Checking node: node_max_pool2d_1 against pattern node: Q.
[''][I] 	Checking node: node_max_pool2d_1 against pattern node: q_1.
[''][I] 	No match because: Op did not match. Node op was: MaxPool but pattern op was: QuantizeLinear.
[''][I] Start a subgraph matching...
[''][I] 	Checking node: node_view against pattern node: Q.
[''][I] 	Checking node: node_view against pattern node: q_1.
[''][I] 	No match because: Op did not match. Node op was: Reshape but pattern op was: QuantizeLinear.
[''][I] Start a subgraph matching...
[''][I] 	Checking node: node_linear against pattern node: Q.
[''][I] 	Checking node: node_linear against pattern node: q_1.
[''][I] 	No match because: Op did not match. Node op was: Gemm but pattern op was: QuantizeLinear.
[''][I] Start a subgraph matching...
[''][I] 	Checking node: node_relu_2 against pattern node: Q.
[''][I] 	Checking node: node_relu_2 against pattern node: q_1.
[''][I] 	No match because: Op did not match. Node op was: Relu but pattern op was: QuantizeLinear.
[''][I] Start a subgraph matching...
[''][I] 	Checking node: node_linear_1 against pattern node: Q.
[''][I] 	Checking node: node_linear_1 against pattern node: q_1.
[''][I] 	No match because: Op did not match. Node op was: Gemm but pattern op was: QuantizeLinear.
[''][I] Start a subgraph matching...
[''][I] 	Checking node: node_softmax against pattern node: Q.
[''][I] 	Checking node: node_softmax against pattern node: q_1.
[''][I] 	No match because: Op did not match. Node op was: Softmax but pattern op was: QuantizeLinear.
[''][I] Start a subgraph matching...
[''][I] 	Checking node: node_argmax against pattern node: Q.
[''][I] 	Checking node: node_argmax against pattern node: q_1.
[''][I] 	No match because: Op did not match. Node op was: ArgMax but pattern op was: QuantizeLinear.
[''][I] Start a subgraph matching...
[''][I] 	Checking node: node_conv2d against pattern node: Q.
[''][I] 	Checking node: node_conv2d against pattern node: q_1.
[''][I] 	No match because: Op did not match. Node op was: Conv but pattern op was: QuantizeLinear.
[''][I] Start a subgraph matching...
[''][I] 	Checking node: node_relu against pattern node: Q.
[''][I] 	Checking node: node_relu against pattern node: q_1.
[''][I] 	No match because: Op did not match. Node op was: Relu but pattern op was: QuantizeLinear.
[''][I] Start a subgraph matching...
[''][I] 	Checking node: node_max_pool2d against pattern node: Q.
[''][I] 	Checking node: node_max_pool2d against pattern node: q_1.
[''][I] 	No match because: Op did not match. Node op was: MaxPool but pattern op was: QuantizeLinear.
[''][I] Start a subgraph matching...
[''][I] 	Checking node: node_conv2d_1 against pattern node: Q.
[''][I] 	Checking node: node_conv2d_1 against pattern node: q_1.
[''][I] 	No match because: Op did not match. Node op was: Conv but pattern op was: QuantizeLinear.
[''][I] Start a subgraph matching...
[''][I] 	Checking node: node_relu_1 against pattern node: Q.
[''][I] 	Checking node: node_relu_1 against pattern node: q_1.
[''][I] 	No match because: Op did not match. Node op was: Relu but pattern op was: QuantizeLinear.
[''][I] Start a subgraph matching...
[''][I] 	Checking node: node_max_pool2d_1 against pattern node: Q.
[''][I] 	Checking node: node_max_pool2d_1 against pattern node: q_1.
[''][I] 	No match because: Op did not match. Node op was: MaxPool but pattern op was: QuantizeLinear.
[''][I] Start a subgraph matching...
[''][I] 	Checking node: node_view against pattern node: Q.
[''][I] 	Checking node: node_view against pattern node: q_1.
[''][I] 	No match because: Op did not match. Node op was: Reshape but pattern op was: QuantizeLinear.
[''][I] Start a subgraph matching...
[''][I] 	Checking node: node_linear against pattern node: Q.
[''][I] 	Checking node: node_linear against pattern node: q_1.
[''][I] 	No match because: Op did not match. Node op was: Gemm but pattern op was: QuantizeLinear.
[''][I] Start a subgraph matching...
[''][I] 	Checking node: node_relu_2 against pattern node: Q.
[''][I] 	Checking node: node_relu_2 against pattern node: q_1.
[''][I] 	No match because: Op did not match. Node op was: Relu but pattern op was: QuantizeLinear.
[''][I] Start a subgraph matching...
[''][I] 	Checking node: node_linear_1 against pattern node: Q.
[''][I] 	Checking node: node_linear_1 against pattern node: q_1.
[''][I] 	No match because: Op did not match. Node op was: Gemm but pattern op was: QuantizeLinear.
[''][I] Start a subgraph matching...
[''][I] 	Checking node: node_softmax against pattern node: Q.
[''][I] 	Checking node: node_softmax against pattern node: q_1.
[''][I] 	No match because: Op did not match. Node op was: Softmax but pattern op was: QuantizeLinear.
[''][I] Start a subgraph matching...
[''][I] 	Checking node: node_argmax against pattern node: Q.
[''][I] 	Checking node: node_argmax against pattern node: q_1.
[''][I] 	No match because: Op did not match. Node op was: ArgMax but pattern op was: QuantizeLinear.
[''][I] Start a subgraph matching...
[''][I] 	Checking node: node_conv2d against pattern node: Q.
[''][I] 	Checking node: node_conv2d against pattern node: q_2.
[''][I] 	No match because: Op did not match. Node op was: Conv but pattern op was: QuantizeLinear.
[''][I] Start a subgraph matching...
[''][I] 	Checking node: node_relu against pattern node: Q.
[''][I] 	Checking node: node_relu against pattern node: q_2.
[''][I] 	No match because: Op did not match. Node op was: Relu but pattern op was: QuantizeLinear.
[''][I] Start a subgraph matching...
[''][I] 	Checking node: node_max_pool2d against pattern node: Q.
[''][I] 	Checking node: node_max_pool2d against pattern node: q_2.
[''][I] 	No match because: Op did not match. Node op was: MaxPool but pattern op was: QuantizeLinear.
[''][I] Start a subgraph matching...
[''][I] 	Checking node: node_conv2d_1 against pattern node: Q.
[''][I] 	Checking node: node_conv2d_1 against pattern node: q_2.
[''][I] 	No match because: Op did not match. Node op was: Conv but pattern op was: QuantizeLinear.
[''][I] Start a subgraph matching...
[''][I] 	Checking node: node_relu_1 against pattern node: Q.
[''][I] 	Checking node: node_relu_1 against pattern node: q_2.
[''][I] 	No match because: Op did not match. Node op was: Relu but pattern op was: QuantizeLinear.
[''][I] Start a subgraph matching...
[''][I] 	Checking node: node_max_pool2d_1 against pattern node: Q.
[''][I] 	Checking node: node_max_pool2d_1 against pattern node: q_2.
[''][I] 	No match because: Op did not match. Node op was: MaxPool but pattern op was: QuantizeLinear.
[''][I] Start a subgraph matching...
[''][I] 	Checking node: node_view against pattern node: Q.
[''][I] 	Checking node: node_view against pattern node: q_2.
[''][I] 	No match because: Op did not match. Node op was: Reshape but pattern op was: QuantizeLinear.
[''][I] Start a subgraph matching...
[''][I] 	Checking node: node_linear against pattern node: Q.
[''][I] 	Checking node: node_linear against pattern node: q_2.
[''][I] 	No match because: Op did not match. Node op was: Gemm but pattern op was: QuantizeLinear.
[''][I] Start a subgraph matching...
[''][I] 	Checking node: node_relu_2 against pattern node: Q.
[''][I] 	Checking node: node_relu_2 against pattern node: q_2.
[''][I] 	No match because: Op did not match. Node op was: Relu but pattern op was: QuantizeLinear.
[''][I] Start a subgraph matching...
[''][I] 	Checking node: node_linear_1 against pattern node: Q.
[''][I] 	Checking node: node_linear_1 against pattern node: q_2.
[''][I] 	No match because: Op did not match. Node op was: Gemm but pattern op was: QuantizeLinear.
[''][I] Start a subgraph matching...
[''][I] 	Checking node: node_softmax against pattern node: Q.
[''][I] 	Checking node: node_softmax against pattern node: q_2.
[''][I] 	No match because: Op did not match. Node op was: Softmax but pattern op was: QuantizeLinear.
[''][I] Start a subgraph matching...
[''][I] 	Checking node: node_argmax against pattern node: Q.
[''][I] 	Checking node: node_argmax against pattern node: q_2.
[''][I] 	No match because: Op did not match. Node op was: ArgMax but pattern op was: QuantizeLinear.
[''][I] Start a subgraph matching...
[''][I] 	Checking node: node_conv2d against pattern node: Q.
[''][I] 	Checking node: node_conv2d against pattern node: q_2.
[''][I] 	No match because: Op did not match. Node op was: Conv but pattern op was: QuantizeLinear.
[''][I] Start a subgraph matching...
[''][I] 	Checking node: node_relu against pattern node: Q.
[''][I] 	Checking node: node_relu against pattern node: q_2.
[''][I] 	No match because: Op did not match. Node op was: Relu but pattern op was: QuantizeLinear.
[''][I] Start a subgraph matching...
[''][I] 	Checking node: node_max_pool2d against pattern node: Q.
[''][I] 	Checking node: node_max_pool2d against pattern node: q_2.
[''][I] 	No match because: Op did not match. Node op was: MaxPool but pattern op was: QuantizeLinear.
[''][I] Start a subgraph matching...
[''][I] 	Checking node: node_conv2d_1 against pattern node: Q.
[''][I] 	Checking node: node_conv2d_1 against pattern node: q_2.
[''][I] 	No match because: Op did not match. Node op was: Conv but pattern op was: QuantizeLinear.
[''][I] Start a subgraph matching...
[''][I] 	Checking node: node_relu_1 against pattern node: Q.
[''][I] 	Checking node: node_relu_1 against pattern node: q_2.
[''][I] 	No match because: Op did not match. Node op was: Relu but pattern op was: QuantizeLinear.
[''][I] Start a subgraph matching...
[''][I] 	Checking node: node_max_pool2d_1 against pattern node: Q.
[''][I] 	Checking node: node_max_pool2d_1 against pattern node: q_2.
[''][I] 	No match because: Op did not match. Node op was: MaxPool but pattern op was: QuantizeLinear.
[''][I] Start a subgraph matching...
[''][I] 	Checking node: node_view against pattern node: Q.
[''][I] 	Checking node: node_view against pattern node: q_2.
[''][I] 	No match because: Op did not match. Node op was: Reshape but pattern op was: QuantizeLinear.
[''][I] Start a subgraph matching...
[''][I] 	Checking node: node_linear against pattern node: Q.
[''][I] 	Checking node: node_linear against pattern node: q_2.
[''][I] 	No match because: Op did not match. Node op was: Gemm but pattern op was: QuantizeLinear.
[''][I] Start a subgraph matching...
[''][I] 	Checking node: node_relu_2 against pattern node: Q.
[''][I] 	Checking node: node_relu_2 against pattern node: q_2.
[''][I] 	No match because: Op did not match. Node op was: Relu but pattern op was: QuantizeLinear.
[''][I] Start a subgraph matching...
[''][I] 	Checking node: node_linear_1 against pattern node: Q.
[''][I] 	Checking node: node_linear_1 against pattern node: q_2.
[''][I] 	No match because: Op did not match. Node op was: Gemm but pattern op was: QuantizeLinear.
[''][I] Start a subgraph matching...
[''][I] 	Checking node: node_softmax against pattern node: Q.
[''][I] 	Checking node: node_softmax against pattern node: q_2.
[''][I] 	No match because: Op did not match. Node op was: Softmax but pattern op was: QuantizeLinear.
[''][I] Start a subgraph matching...
[''][I] 	Checking node: node_argmax against pattern node: Q.
[''][I] 	Checking node: node_argmax against pattern node: q_2.
[''][I] 	No match because: Op did not match. Node op was: ArgMax but pattern op was: QuantizeLinear.
[''][I] Start a subgraph matching...
[''][I] 	Checking node: node_conv2d against pattern node: Q.
[''][I] 	Checking node: node_conv2d against pattern node: q_1.
[''][I] 	No match because: Op did not match. Node op was: Conv but pattern op was: QuantizeLinear.
[''][I] Start a subgraph matching...
[''][I] 	Checking node: node_relu against pattern node: Q.
[''][I] 	Checking node: node_relu against pattern node: q_1.
[''][I] 	No match because: Op did not match. Node op was: Relu but pattern op was: QuantizeLinear.
[''][I] Start a subgraph matching...
[''][I] 	Checking node: node_max_pool2d against pattern node: Q.
[''][I] 	Checking node: node_max_pool2d against pattern node: q_1.
[''][I] 	No match because: Op did not match. Node op was: MaxPool but pattern op was: QuantizeLinear.
[''][I] Start a subgraph matching...
[''][I] 	Checking node: node_conv2d_1 against pattern node: Q.
[''][I] 	Checking node: node_conv2d_1 against pattern node: q_1.
[''][I] 	No match because: Op did not match. Node op was: Conv but pattern op was: QuantizeLinear.
[''][I] Start a subgraph matching...
[''][I] 	Checking node: node_relu_1 against pattern node: Q.
[''][I] 	Checking node: node_relu_1 against pattern node: q_1.
[''][I] 	No match because: Op did not match. Node op was: Relu but pattern op was: QuantizeLinear.
[''][I] Start a subgraph matching...
[''][I] 	Checking node: node_max_pool2d_1 against pattern node: Q.
[''][I] 	Checking node: node_max_pool2d_1 against pattern node: q_1.
[''][I] 	No match because: Op did not match. Node op was: MaxPool but pattern op was: QuantizeLinear.
[''][I] Start a subgraph matching...
[''][I] 	Checking node: node_view against pattern node: Q.
[''][I] 	Checking node: node_view against pattern node: q_1.
[''][I] 	No match because: Op did not match. Node op was: Reshape but pattern op was: QuantizeLinear.
[''][I] Start a subgraph matching...
[''][I] 	Checking node: node_linear against pattern node: Q.
[''][I] 	Checking node: node_linear against pattern node: q_1.
[''][I] 	No match because: Op did not match. Node op was: Gemm but pattern op was: QuantizeLinear.
[''][I] Start a subgraph matching...
[''][I] 	Checking node: node_relu_2 against pattern node: Q.
[''][I] 	Checking node: node_relu_2 against pattern node: q_1.
[''][I] 	No match because: Op did not match. Node op was: Relu but pattern op was: QuantizeLinear.
[''][I] Start a subgraph matching...
[''][I] 	Checking node: node_linear_1 against pattern node: Q.
[''][I] 	Checking node: node_linear_1 against pattern node: q_1.
[''][I] 	No match because: Op did not match. Node op was: Gemm but pattern op was: QuantizeLinear.
[''][I] Start a subgraph matching...
[''][I] 	Checking node: node_softmax against pattern node: Q.
[''][I] 	Checking node: node_softmax against pattern node: q_1.
[''][I] 	No match because: Op did not match. Node op was: Softmax but pattern op was: QuantizeLinear.
[''][I] Start a subgraph matching...
[''][I] 	Checking node: node_argmax against pattern node: Q.
[''][I] 	Checking node: node_argmax against pattern node: q_1.
[''][I] 	No match because: Op did not match. Node op was: ArgMax but pattern op was: QuantizeLinear.
[''][I] Start a subgraph matching...
[''][I] 	Checking node: node_conv2d against pattern node: Q.
[''][I] 	Checking node: node_conv2d against pattern node: q_1.
[''][I] 	No match because: Op did not match. Node op was: Conv but pattern op was: QuantizeLinear.
[''][I] Start a subgraph matching...
[''][I] 	Checking node: node_relu against pattern node: Q.
[''][I] 	Checking node: node_relu against pattern node: q_1.
[''][I] 	No match because: Op did not match. Node op was: Relu but pattern op was: QuantizeLinear.
[''][I] Start a subgraph matching...
[''][I] 	Checking node: node_max_pool2d against pattern node: Q.
[''][I] 	Checking node: node_max_pool2d against pattern node: q_1.
[''][I] 	No match because: Op did not match. Node op was: MaxPool but pattern op was: QuantizeLinear.
[''][I] Start a subgraph matching...
[''][I] 	Checking node: node_conv2d_1 against pattern node: Q.
[''][I] 	Checking node: node_conv2d_1 against pattern node: q_1.
[''][I] 	No match because: Op did not match. Node op was: Conv but pattern op was: QuantizeLinear.
[''][I] Start a subgraph matching...
[''][I] 	Checking node: node_relu_1 against pattern node: Q.
[''][I] 	Checking node: node_relu_1 against pattern node: q_1.
[''][I] 	No match because: Op did not match. Node op was: Relu but pattern op was: QuantizeLinear.
[''][I] Start a subgraph matching...
[''][I] 	Checking node: node_max_pool2d_1 against pattern node: Q.
[''][I] 	Checking node: node_max_pool2d_1 against pattern node: q_1.
[''][I] 	No match because: Op did not match. Node op was: MaxPool but pattern op was: QuantizeLinear.
[''][I] Start a subgraph matching...
[''][I] 	Checking node: node_view against pattern node: Q.
[''][I] 	Checking node: node_view against pattern node: q_1.
[''][I] 	No match because: Op did not match. Node op was: Reshape but pattern op was: QuantizeLinear.
[''][I] Start a subgraph matching...
[''][I] 	Checking node: node_linear against pattern node: Q.
[''][I] 	Checking node: node_linear against pattern node: q_1.
[''][I] 	No match because: Op did not match. Node op was: Gemm but pattern op was: QuantizeLinear.
[''][I] Start a subgraph matching...
[''][I] 	Checking node: node_relu_2 against pattern node: Q.
[''][I] 	Checking node: node_relu_2 against pattern node: q_1.
[''][I] 	No match because: Op did not match. Node op was: Relu but pattern op was: QuantizeLinear.
[''][I] Start a subgraph matching...
[''][I] 	Checking node: node_linear_1 against pattern node: Q.
[''][I] 	Checking node: node_linear_1 against pattern node: q_1.
[''][I] 	No match because: Op did not match. Node op was: Gemm but pattern op was: QuantizeLinear.
[''][I] Start a subgraph matching...
[''][I] 	Checking node: node_softmax against pattern node: Q.
[''][I] 	Checking node: node_softmax against pattern node: q_1.
[''][I] 	No match because: Op did not match. Node op was: Softmax but pattern op was: QuantizeLinear.
[''][I] Start a subgraph matching...
[''][I] 	Checking node: node_argmax against pattern node: Q.
[''][I] 	Checking node: node_argmax against pattern node: q_1.
[''][I] 	No match because: Op did not match. Node op was: ArgMax but pattern op was: QuantizeLinear.
[''][I] Start a subgraph matching...
[''][I] 	Checking node: node_conv2d against pattern node: Q.
[''][I] 	Checking node: node_conv2d against pattern node: q_2.
[''][I] 	No match because: Op did not match. Node op was: Conv but pattern op was: QuantizeLinear.
[''][I] Start a subgraph matching...
[''][I] 	Checking node: node_relu against pattern node: Q.
[''][I] 	Checking node: node_relu against pattern node: q_2.
[''][I] 	No match because: Op did not match. Node op was: Relu but pattern op was: QuantizeLinear.
[''][I] Start a subgraph matching...
[''][I] 	Checking node: node_max_pool2d against pattern node: Q.
[''][I] 	Checking node: node_max_pool2d against pattern node: q_2.
[''][I] 	No match because: Op did not match. Node op was: MaxPool but pattern op was: QuantizeLinear.
[''][I] Start a subgraph matching...
[''][I] 	Checking node: node_conv2d_1 against pattern node: Q.
[''][I] 	Checking node: node_conv2d_1 against pattern node: q_2.
[''][I] 	No match because: Op did not match. Node op was: Conv but pattern op was: QuantizeLinear.
[''][I] Start a subgraph matching...
[''][I] 	Checking node: node_relu_1 against pattern node: Q.
[''][I] 	Checking node: node_relu_1 against pattern node: q_2.
[''][I] 	No match because: Op did not match. Node op was: Relu but pattern op was: QuantizeLinear.
[''][I] Start a subgraph matching...
[''][I] 	Checking node: node_max_pool2d_1 against pattern node: Q.
[''][I] 	Checking node: node_max_pool2d_1 against pattern node: q_2.
[''][I] 	No match because: Op did not match. Node op was: MaxPool but pattern op was: QuantizeLinear.
[''][I] Start a subgraph matching...
[''][I] 	Checking node: node_view against pattern node: Q.
[''][I] 	Checking node: node_view against pattern node: q_2.
[''][I] 	No match because: Op did not match. Node op was: Reshape but pattern op was: QuantizeLinear.
[''][I] Start a subgraph matching...
[''][I] 	Checking node: node_linear against pattern node: Q.
[''][I] 	Checking node: node_linear against pattern node: q_2.
[''][I] 	No match because: Op did not match. Node op was: Gemm but pattern op was: QuantizeLinear.
[''][I] Start a subgraph matching...
[''][I] 	Checking node: node_relu_2 against pattern node: Q.
[''][I] 	Checking node: node_relu_2 against pattern node: q_2.
[''][I] 	No match because: Op did not match. Node op was: Relu but pattern op was: QuantizeLinear.
[''][I] Start a subgraph matching...
[''][I] 	Checking node: node_linear_1 against pattern node: Q.
[''][I] 	Checking node: node_linear_1 against pattern node: q_2.
[''][I] 	No match because: Op did not match. Node op was: Gemm but pattern op was: QuantizeLinear.
[''][I] Start a subgraph matching...
[''][I] 	Checking node: node_softmax against pattern node: Q.
[''][I] 	Checking node: node_softmax against pattern node: q_2.
[''][I] 	No match because: Op did not match. Node op was: Softmax but pattern op was: QuantizeLinear.
[''][I] Start a subgraph matching...
[''][I] 	Checking node: node_argmax against pattern node: Q.
[''][I] 	Checking node: node_argmax against pattern node: q_2.
[''][I] 	No match because: Op did not match. Node op was: ArgMax but pattern op was: QuantizeLinear.
[''][I] Start a subgraph matching...
[''][I] 	Checking node: node_conv2d against pattern node: Q.
[''][I] 	Checking node: node_conv2d against pattern node: q_2.
[''][I] 	No match because: Op did not match. Node op was: Conv but pattern op was: QuantizeLinear.
[''][I] Start a subgraph matching...
[''][I] 	Checking node: node_relu against pattern node: Q.
[''][I] 	Checking node: node_relu against pattern node: q_2.
[''][I] 	No match because: Op did not match. Node op was: Relu but pattern op was: QuantizeLinear.
[''][I] Start a subgraph matching...
[''][I] 	Checking node: node_max_pool2d against pattern node: Q.
[''][I] 	Checking node: node_max_pool2d against pattern node: q_2.
[''][I] 	No match because: Op did not match. Node op was: MaxPool but pattern op was: QuantizeLinear.
[''][I] Start a subgraph matching...
[''][I] 	Checking node: node_conv2d_1 against pattern node: Q.
[''][I] 	Checking node: node_conv2d_1 against pattern node: q_2.
[''][I] 	No match because: Op did not match. Node op was: Conv but pattern op was: QuantizeLinear.
[''][I] Start a subgraph matching...
[''][I] 	Checking node: node_relu_1 against pattern node: Q.
[''][I] 	Checking node: node_relu_1 against pattern node: q_2.
[''][I] 	No match because: Op did not match. Node op was: Relu but pattern op was: QuantizeLinear.
[''][I] Start a subgraph matching...
[''][I] 	Checking node: node_max_pool2d_1 against pattern node: Q.
[''][I] 	Checking node: node_max_pool2d_1 against pattern node: q_2.
[''][I] 	No match because: Op did not match. Node op was: MaxPool but pattern op was: QuantizeLinear.
[''][I] Start a subgraph matching...
[''][I] 	Checking node: node_view against pattern node: Q.
[''][I] 	Checking node: node_view against pattern node: q_2.
[''][I] 	No match because: Op did not match. Node op was: Reshape but pattern op was: QuantizeLinear.
[''][I] Start a subgraph matching...
[''][I] 	Checking node: node_linear against pattern node: Q.
[''][I] 	Checking node: node_linear against pattern node: q_2.
[''][I] 	No match because: Op did not match. Node op was: Gemm but pattern op was: QuantizeLinear.
[''][I] Start a subgraph matching...
[''][I] 	Checking node: node_relu_2 against pattern node: Q.
[''][I] 	Checking node: node_relu_2 against pattern node: q_2.
[''][I] 	No match because: Op did not match. Node op was: Relu but pattern op was: QuantizeLinear.
[''][I] Start a subgraph matching...
[''][I] 	Checking node: node_linear_1 against pattern node: Q.
[''][I] 	Checking node: node_linear_1 against pattern node: q_2.
[''][I] 	No match because: Op did not match. Node op was: Gemm but pattern op was: QuantizeLinear.
[''][I] Start a subgraph matching...
[''][I] 	Checking node: node_softmax against pattern node: Q.
[''][I] 	Checking node: node_softmax against pattern node: q_2.
[''][I] 	No match because: Op did not match. Node op was: Softmax but pattern op was: QuantizeLinear.
[''][I] Start a subgraph matching...
[''][I] 	Checking node: node_argmax against pattern node: Q.
[''][I] 	Checking node: node_argmax against pattern node: q_2.
[''][I] 	No match because: Op did not match. Node op was: ArgMax but pattern op was: QuantizeLinear.
[''][I] Start a subgraph matching...
[''][I] 	Checking node: node_conv2d against pattern node: Q.
[''][I] 	Checking node: node_conv2d against pattern node: q_1.
[''][I] 	No match because: Op did not match. Node op was: Conv but pattern op was: QuantizeLinear.
[''][I] Start a subgraph matching...
[''][I] 	Checking node: node_relu against pattern node: Q.
[''][I] 	Checking node: node_relu against pattern node: q_1.
[''][I] 	No match because: Op did not match. Node op was: Relu but pattern op was: QuantizeLinear.
[''][I] Start a subgraph matching...
[''][I] 	Checking node: node_max_pool2d against pattern node: Q.
[''][I] 	Checking node: node_max_pool2d against pattern node: q_1.
[''][I] 	No match because: Op did not match. Node op was: MaxPool but pattern op was: QuantizeLinear.
[''][I] Start a subgraph matching...
[''][I] 	Checking node: node_conv2d_1 against pattern node: Q.
[''][I] 	Checking node: node_conv2d_1 against pattern node: q_1.
[''][I] 	No match because: Op did not match. Node op was: Conv but pattern op was: QuantizeLinear.
[''][I] Start a subgraph matching...
[''][I] 	Checking node: node_relu_1 against pattern node: Q.
[''][I] 	Checking node: node_relu_1 against pattern node: q_1.
[''][I] 	No match because: Op did not match. Node op was: Relu but pattern op was: QuantizeLinear.
[''][I] Start a subgraph matching...
[''][I] 	Checking node: node_max_pool2d_1 against pattern node: Q.
[''][I] 	Checking node: node_max_pool2d_1 against pattern node: q_1.
[''][I] 	No match because: Op did not match. Node op was: MaxPool but pattern op was: QuantizeLinear.
[''][I] Start a subgraph matching...
[''][I] 	Checking node: node_view against pattern node: Q.
[''][I] 	Checking node: node_view against pattern node: q_1.
[''][I] 	No match because: Op did not match. Node op was: Reshape but pattern op was: QuantizeLinear.
[''][I] Start a subgraph matching...
[''][I] 	Checking node: node_linear against pattern node: Q.
[''][I] 	Checking node: node_linear against pattern node: q_1.
[''][I] 	No match because: Op did not match. Node op was: Gemm but pattern op was: QuantizeLinear.
[''][I] Start a subgraph matching...
[''][I] 	Checking node: node_relu_2 against pattern node: Q.
[''][I] 	Checking node: node_relu_2 against pattern node: q_1.
[''][I] 	No match because: Op did not match. Node op was: Relu but pattern op was: QuantizeLinear.
[''][I] Start a subgraph matching...
[''][I] 	Checking node: node_linear_1 against pattern node: Q.
[''][I] 	Checking node: node_linear_1 against pattern node: q_1.
[''][I] 	No match because: Op did not match. Node op was: Gemm but pattern op was: QuantizeLinear.
[''][I] Start a subgraph matching...
[''][I] 	Checking node: node_softmax against pattern node: Q.
[''][I] 	Checking node: node_softmax against pattern node: q_1.
[''][I] 	No match because: Op did not match. Node op was: Softmax but pattern op was: QuantizeLinear.
[''][I] Start a subgraph matching...
[''][I] 	Checking node: node_argmax against pattern node: Q.
[''][I] 	Checking node: node_argmax against pattern node: q_1.
[''][I] 	No match because: Op did not match. Node op was: ArgMax but pattern op was: QuantizeLinear.
[''][I] Start a subgraph matching...
[''][I] 	Checking node: node_conv2d against pattern node: Q.
[''][I] 	Checking node: node_conv2d against pattern node: q_1.
[''][I] 	No match because: Op did not match. Node op was: Conv but pattern op was: QuantizeLinear.
[''][I] Start a subgraph matching...
[''][I] 	Checking node: node_relu against pattern node: Q.
[''][I] 	Checking node: node_relu against pattern node: q_1.
[''][I] 	No match because: Op did not match. Node op was: Relu but pattern op was: QuantizeLinear.
[''][I] Start a subgraph matching...
[''][I] 	Checking node: node_max_pool2d against pattern node: Q.
[''][I] 	Checking node: node_max_pool2d against pattern node: q_1.
[''][I] 	No match because: Op did not match. Node op was: MaxPool but pattern op was: QuantizeLinear.
[''][I] Start a subgraph matching...
[''][I] 	Checking node: node_conv2d_1 against pattern node: Q.
[''][I] 	Checking node: node_conv2d_1 against pattern node: q_1.
[''][I] 	No match because: Op did not match. Node op was: Conv but pattern op was: QuantizeLinear.
[''][I] Start a subgraph matching...
[''][I] 	Checking node: node_relu_1 against pattern node: Q.
[''][I] 	Checking node: node_relu_1 against pattern node: q_1.
[''][I] 	No match because: Op did not match. Node op was: Relu but pattern op was: QuantizeLinear.
[''][I] Start a subgraph matching...
[''][I] 	Checking node: node_max_pool2d_1 against pattern node: Q.
[''][I] 	Checking node: node_max_pool2d_1 against pattern node: q_1.
[''][I] 	No match because: Op did not match. Node op was: MaxPool but pattern op was: QuantizeLinear.
[''][I] Start a subgraph matching...
[''][I] 	Checking node: node_view against pattern node: Q.
[''][I] 	Checking node: node_view against pattern node: q_1.
[''][I] 	No match because: Op did not match. Node op was: Reshape but pattern op was: QuantizeLinear.
[''][I] Start a subgraph matching...
[''][I] 	Checking node: node_linear against pattern node: Q.
[''][I] 	Checking node: node_linear against pattern node: q_1.
[''][I] 	No match because: Op did not match. Node op was: Gemm but pattern op was: QuantizeLinear.
[''][I] Start a subgraph matching...
[''][I] 	Checking node: node_relu_2 against pattern node: Q.
[''][I] 	Checking node: node_relu_2 against pattern node: q_1.
[''][I] 	No match because: Op did not match. Node op was: Relu but pattern op was: QuantizeLinear.
[''][I] Start a subgraph matching...
[''][I] 	Checking node: node_linear_1 against pattern node: Q.
[''][I] 	Checking node: node_linear_1 against pattern node: q_1.
[''][I] 	No match because: Op did not match. Node op was: Gemm but pattern op was: QuantizeLinear.
[''][I] Start a subgraph matching...
[''][I] 	Checking node: node_softmax against pattern node: Q.
[''][I] 	Checking node: node_softmax against pattern node: q_1.
[''][I] 	No match because: Op did not match. Node op was: Softmax but pattern op was: QuantizeLinear.
[''][I] Start a subgraph matching...
[''][I] 	Checking node: node_argmax against pattern node: Q.
[''][I] 	Checking node: node_argmax against pattern node: q_1.
[''][I] 	No match because: Op did not match. Node op was: ArgMax but pattern op was: QuantizeLinear.
[''][I] Start a subgraph matching...
[''][I] 	Checking node: node_conv2d against pattern node: Q.
[''][I] 	Checking node: node_conv2d against pattern node: q_2.
[''][I] 	No match because: Op did not match. Node op was: Conv but pattern op was: QuantizeLinear.
[''][I] Start a subgraph matching...
[''][I] 	Checking node: node_relu against pattern node: Q.
[''][I] 	Checking node: node_relu against pattern node: q_2.
[''][I] 	No match because: Op did not match. Node op was: Relu but pattern op was: QuantizeLinear.
[''][I] Start a subgraph matching...
[''][I] 	Checking node: node_max_pool2d against pattern node: Q.
[''][I] 	Checking node: node_max_pool2d against pattern node: q_2.
[''][I] 	No match because: Op did not match. Node op was: MaxPool but pattern op was: QuantizeLinear.
[''][I] Start a subgraph matching...
[''][I] 	Checking node: node_conv2d_1 against pattern node: Q.
[''][I] 	Checking node: node_conv2d_1 against pattern node: q_2.
[''][I] 	No match because: Op did not match. Node op was: Conv but pattern op was: QuantizeLinear.
[''][I] Start a subgraph matching...
[''][I] 	Checking node: node_relu_1 against pattern node: Q.
[''][I] 	Checking node: node_relu_1 against pattern node: q_2.
[''][I] 	No match because: Op did not match. Node op was: Relu but pattern op was: QuantizeLinear.
[''][I] Start a subgraph matching...
[''][I] 	Checking node: node_max_pool2d_1 against pattern node: Q.
[''][I] 	Checking node: node_max_pool2d_1 against pattern node: q_2.
[''][I] 	No match because: Op did not match. Node op was: MaxPool but pattern op was: QuantizeLinear.
[''][I] Start a subgraph matching...
[''][I] 	Checking node: node_view against pattern node: Q.
[''][I] 	Checking node: node_view against pattern node: q_2.
[''][I] 	No match because: Op did not match. Node op was: Reshape but pattern op was: QuantizeLinear.
[''][I] Start a subgraph matching...
[''][I] 	Checking node: node_linear against pattern node: Q.
[''][I] 	Checking node: node_linear against pattern node: q_2.
[''][I] 	No match because: Op did not match. Node op was: Gemm but pattern op was: QuantizeLinear.
[''][I] Start a subgraph matching...
[''][I] 	Checking node: node_relu_2 against pattern node: Q.
[''][I] 	Checking node: node_relu_2 against pattern node: q_2.
[''][I] 	No match because: Op did not match. Node op was: Relu but pattern op was: QuantizeLinear.
[''][I] Start a subgraph matching...
[''][I] 	Checking node: node_linear_1 against pattern node: Q.
[''][I] 	Checking node: node_linear_1 against pattern node: q_2.
[''][I] 	No match because: Op did not match. Node op was: Gemm but pattern op was: QuantizeLinear.
[''][I] Start a subgraph matching...
[''][I] 	Checking node: node_softmax against pattern node: Q.
[''][I] 	Checking node: node_softmax against pattern node: q_2.
[''][I] 	No match because: Op did not match. Node op was: Softmax but pattern op was: QuantizeLinear.
[''][I] Start a subgraph matching...
[''][I] 	Checking node: node_argmax against pattern node: Q.
[''][I] 	Checking node: node_argmax against pattern node: q_2.
[''][I] 	No match because: Op did not match. Node op was: ArgMax but pattern op was: QuantizeLinear.
[''][I] Start a subgraph matching...
[''][I] 	Checking node: node_conv2d against pattern node: Q.
[''][I] 	Checking node: node_conv2d against pattern node: q_2.
[''][I] 	No match because: Op did not match. Node op was: Conv but pattern op was: QuantizeLinear.
[''][I] Start a subgraph matching...
[''][I] 	Checking node: node_relu against pattern node: Q.
[''][I] 	Checking node: node_relu against pattern node: q_2.
[''][I] 	No match because: Op did not match. Node op was: Relu but pattern op was: QuantizeLinear.
[''][I] Start a subgraph matching...
[''][I] 	Checking node: node_max_pool2d against pattern node: Q.
[''][I] 	Checking node: node_max_pool2d against pattern node: q_2.
[''][I] 	No match because: Op did not match. Node op was: MaxPool but pattern op was: QuantizeLinear.
[''][I] Start a subgraph matching...
[''][I] 	Checking node: node_conv2d_1 against pattern node: Q.
[''][I] 	Checking node: node_conv2d_1 against pattern node: q_2.
[''][I] 	No match because: Op did not match. Node op was: Conv but pattern op was: QuantizeLinear.
[''][I] Start a subgraph matching...
[''][I] 	Checking node: node_relu_1 against pattern node: Q.
[''][I] 	Checking node: node_relu_1 against pattern node: q_2.
[''][I] 	No match because: Op did not match. Node op was: Relu but pattern op was: QuantizeLinear.
[''][I] Start a subgraph matching...
[''][I] 	Checking node: node_max_pool2d_1 against pattern node: Q.
[''][I] 	Checking node: node_max_pool2d_1 against pattern node: q_2.
[''][I] 	No match because: Op did not match. Node op was: MaxPool but pattern op was: QuantizeLinear.
[''][I] Start a subgraph matching...
[''][I] 	Checking node: node_view against pattern node: Q.
[''][I] 	Checking node: node_view against pattern node: q_2.
[''][I] 	No match because: Op did not match. Node op was: Reshape but pattern op was: QuantizeLinear.
[''][I] Start a subgraph matching...
[''][I] 	Checking node: node_linear against pattern node: Q.
[''][I] 	Checking node: node_linear against pattern node: q_2.
[''][I] 	No match because: Op did not match. Node op was: Gemm but pattern op was: QuantizeLinear.
[''][I] Start a subgraph matching...
[''][I] 	Checking node: node_relu_2 against pattern node: Q.
[''][I] 	Checking node: node_relu_2 against pattern node: q_2.
[''][I] 	No match because: Op did not match. Node op was: Relu but pattern op was: QuantizeLinear.
[''][I] Start a subgraph matching...
[''][I] 	Checking node: node_linear_1 against pattern node: Q.
[''][I] 	Checking node: node_linear_1 against pattern node: q_2.
[''][I] 	No match because: Op did not match. Node op was: Gemm but pattern op was: QuantizeLinear.
[''][I] Start a subgraph matching...
[''][I] 	Checking node: node_softmax against pattern node: Q.
[''][I] 	Checking node: node_softmax against pattern node: q_2.
[''][I] 	No match because: Op did not match. Node op was: Softmax but pattern op was: QuantizeLinear.
[''][I] Start a subgraph matching...
[''][I] 	Checking node: node_argmax against pattern node: Q.
[''][I] 	Checking node: node_argmax against pattern node: q_2.
[''][I] 	No match because: Op did not match. Node op was: ArgMax but pattern op was: QuantizeLinear.
[''][I] Start a subgraph matching...
[''][I] 	Checking node: node_conv2d against pattern node: Q.
[''][I] 	Checking node: node_conv2d against pattern node: q_1.
[''][I] 	No match because: Op did not match. Node op was: Conv but pattern op was: QuantizeLinear.
[''][I] Start a subgraph matching...
[''][I] 	Checking node: node_relu against pattern node: Q.
[''][I] 	Checking node: node_relu against pattern node: q_1.
[''][I] 	No match because: Op did not match. Node op was: Relu but pattern op was: QuantizeLinear.
[''][I] Start a subgraph matching...
[''][I] 	Checking node: node_max_pool2d against pattern node: Q.
[''][I] 	Checking node: node_max_pool2d against pattern node: q_1.
[''][I] 	No match because: Op did not match. Node op was: MaxPool but pattern op was: QuantizeLinear.
[''][I] Start a subgraph matching...
[''][I] 	Checking node: node_conv2d_1 against pattern node: Q.
[''][I] 	Checking node: node_conv2d_1 against pattern node: q_1.
[''][I] 	No match because: Op did not match. Node op was: Conv but pattern op was: QuantizeLinear.
[''][I] Start a subgraph matching...
[''][I] 	Checking node: node_relu_1 against pattern node: Q.
[''][I] 	Checking node: node_relu_1 against pattern node: q_1.
[''][I] 	No match because: Op did not match. Node op was: Relu but pattern op was: QuantizeLinear.
[''][I] Start a subgraph matching...
[''][I] 	Checking node: node_max_pool2d_1 against pattern node: Q.
[''][I] 	Checking node: node_max_pool2d_1 against pattern node: q_1.
[''][I] 	No match because: Op did not match. Node op was: MaxPool but pattern op was: QuantizeLinear.
[''][I] Start a subgraph matching...
[''][I] 	Checking node: node_view against pattern node: Q.
[''][I] 	Checking node: node_view against pattern node: q_1.
[''][I] 	No match because: Op did not match. Node op was: Reshape but pattern op was: QuantizeLinear.
[''][I] Start a subgraph matching...
[''][I] 	Checking node: node_linear against pattern node: Q.
[''][I] 	Checking node: node_linear against pattern node: q_1.
[''][I] 	No match because: Op did not match. Node op was: Gemm but pattern op was: QuantizeLinear.
[''][I] Start a subgraph matching...
[''][I] 	Checking node: node_relu_2 against pattern node: Q.
[''][I] 	Checking node: node_relu_2 against pattern node: q_1.
[''][I] 	No match because: Op did not match. Node op was: Relu but pattern op was: QuantizeLinear.
[''][I] Start a subgraph matching...
[''][I] 	Checking node: node_linear_1 against pattern node: Q.
[''][I] 	Checking node: node_linear_1 against pattern node: q_1.
[''][I] 	No match because: Op did not match. Node op was: Gemm but pattern op was: QuantizeLinear.
[''][I] Start a subgraph matching...
[''][I] 	Checking node: node_softmax against pattern node: Q.
[''][I] 	Checking node: node_softmax against pattern node: q_1.
[''][I] 	No match because: Op did not match. Node op was: Softmax but pattern op was: QuantizeLinear.
[''][I] Start a subgraph matching...
[''][I] 	Checking node: node_argmax against pattern node: Q.
[''][I] 	Checking node: node_argmax against pattern node: q_1.
[''][I] 	No match because: Op did not match. Node op was: ArgMax but pattern op was: QuantizeLinear.
[''][I] Start a subgraph matching...
[''][I] 	Checking node: node_conv2d against pattern node: Q.
[''][I] 	Checking node: node_conv2d against pattern node: q_1.
[''][I] 	No match because: Op did not match. Node op was: Conv but pattern op was: QuantizeLinear.
[''][I] Start a subgraph matching...
[''][I] 	Checking node: node_relu against pattern node: Q.
[''][I] 	Checking node: node_relu against pattern node: q_1.
[''][I] 	No match because: Op did not match. Node op was: Relu but pattern op was: QuantizeLinear.
[''][I] Start a subgraph matching...
[''][I] 	Checking node: node_max_pool2d against pattern node: Q.
[''][I] 	Checking node: node_max_pool2d against pattern node: q_1.
[''][I] 	No match because: Op did not match. Node op was: MaxPool but pattern op was: QuantizeLinear.
[''][I] Start a subgraph matching...
[''][I] 	Checking node: node_conv2d_1 against pattern node: Q.
[''][I] 	Checking node: node_conv2d_1 against pattern node: q_1.
[''][I] 	No match because: Op did not match. Node op was: Conv but pattern op was: QuantizeLinear.
[''][I] Start a subgraph matching...
[''][I] 	Checking node: node_relu_1 against pattern node: Q.
[''][I] 	Checking node: node_relu_1 against pattern node: q_1.
[''][I] 	No match because: Op did not match. Node op was: Relu but pattern op was: QuantizeLinear.
[''][I] Start a subgraph matching...
[''][I] 	Checking node: node_max_pool2d_1 against pattern node: Q.
[''][I] 	Checking node: node_max_pool2d_1 against pattern node: q_1.
[''][I] 	No match because: Op did not match. Node op was: MaxPool but pattern op was: QuantizeLinear.
[''][I] Start a subgraph matching...
[''][I] 	Checking node: node_view against pattern node: Q.
[''][I] 	Checking node: node_view against pattern node: q_1.
[''][I] 	No match because: Op did not match. Node op was: Reshape but pattern op was: QuantizeLinear.
[''][I] Start a subgraph matching...
[''][I] 	Checking node: node_linear against pattern node: Q.
[''][I] 	Checking node: node_linear against pattern node: q_1.
[''][I] 	No match because: Op did not match. Node op was: Gemm but pattern op was: QuantizeLinear.
[''][I] Start a subgraph matching...
[''][I] 	Checking node: node_relu_2 against pattern node: Q.
[''][I] 	Checking node: node_relu_2 against pattern node: q_1.
[''][I] 	No match because: Op did not match. Node op was: Relu but pattern op was: QuantizeLinear.
[''][I] Start a subgraph matching...
[''][I] 	Checking node: node_linear_1 against pattern node: Q.
[''][I] 	Checking node: node_linear_1 against pattern node: q_1.
[''][I] 	No match because: Op did not match. Node op was: Gemm but pattern op was: QuantizeLinear.
[''][I] Start a subgraph matching...
[''][I] 	Checking node: node_softmax against pattern node: Q.
[''][I] 	Checking node: node_softmax against pattern node: q_1.
[''][I] 	No match because: Op did not match. Node op was: Softmax but pattern op was: QuantizeLinear.
[''][I] Start a subgraph matching...
[''][I] 	Checking node: node_argmax against pattern node: Q.
[''][I] 	Checking node: node_argmax against pattern node: q_1.
[''][I] 	No match because: Op did not match. Node op was: ArgMax but pattern op was: QuantizeLinear.
[''][I] Start a subgraph matching...
[''][I] 	Checking node: node_conv2d against pattern node: Q.
[''][I] 	Checking node: node_conv2d against pattern node: q_2.
[''][I] 	No match because: Op did not match. Node op was: Conv but pattern op was: QuantizeLinear.
[''][I] Start a subgraph matching...
[''][I] 	Checking node: node_relu against pattern node: Q.
[''][I] 	Checking node: node_relu against pattern node: q_2.
[''][I] 	No match because: Op did not match. Node op was: Relu but pattern op was: QuantizeLinear.
[''][I] Start a subgraph matching...
[''][I] 	Checking node: node_max_pool2d against pattern node: Q.
[''][I] 	Checking node: node_max_pool2d against pattern node: q_2.
[''][I] 	No match because: Op did not match. Node op was: MaxPool but pattern op was: QuantizeLinear.
[''][I] Start a subgraph matching...
[''][I] 	Checking node: node_conv2d_1 against pattern node: Q.
[''][I] 	Checking node: node_conv2d_1 against pattern node: q_2.
[''][I] 	No match because: Op did not match. Node op was: Conv but pattern op was: QuantizeLinear.
[''][I] Start a subgraph matching...
[''][I] 	Checking node: node_relu_1 against pattern node: Q.
[''][I] 	Checking node: node_relu_1 against pattern node: q_2.
[''][I] 	No match because: Op did not match. Node op was: Relu but pattern op was: QuantizeLinear.
[''][I] Start a subgraph matching...
[''][I] 	Checking node: node_max_pool2d_1 against pattern node: Q.
[''][I] 	Checking node: node_max_pool2d_1 against pattern node: q_2.
[''][I] 	No match because: Op did not match. Node op was: MaxPool but pattern op was: QuantizeLinear.
[''][I] Start a subgraph matching...
[''][I] 	Checking node: node_view against pattern node: Q.
[''][I] 	Checking node: node_view against pattern node: q_2.
[''][I] 	No match because: Op did not match. Node op was: Reshape but pattern op was: QuantizeLinear.
[''][I] Start a subgraph matching...
[''][I] 	Checking node: node_linear against pattern node: Q.
[''][I] 	Checking node: node_linear against pattern node: q_2.
[''][I] 	No match because: Op did not match. Node op was: Gemm but pattern op was: QuantizeLinear.
[''][I] Start a subgraph matching...
[''][I] 	Checking node: node_relu_2 against pattern node: Q.
[''][I] 	Checking node: node_relu_2 against pattern node: q_2.
[''][I] 	No match because: Op did not match. Node op was: Relu but pattern op was: QuantizeLinear.
[''][I] Start a subgraph matching...
[''][I] 	Checking node: node_linear_1 against pattern node: Q.
[''][I] 	Checking node: node_linear_1 against pattern node: q_2.
[''][I] 	No match because: Op did not match. Node op was: Gemm but pattern op was: QuantizeLinear.
[''][I] Start a subgraph matching...
[''][I] 	Checking node: node_softmax against pattern node: Q.
[''][I] 	Checking node: node_softmax against pattern node: q_2.
[''][I] 	No match because: Op did not match. Node op was: Softmax but pattern op was: QuantizeLinear.
[''][I] Start a subgraph matching...
[''][I] 	Checking node: node_argmax against pattern node: Q.
[''][I] 	Checking node: node_argmax against pattern node: q_2.
[''][I] 	No match because: Op did not match. Node op was: ArgMax but pattern op was: QuantizeLinear.
[''][I] Start a subgraph matching...
[''][I] 	Checking node: node_conv2d against pattern node: Q.
[''][I] 	Checking node: node_conv2d against pattern node: q_2.
[''][I] 	No match because: Op did not match. Node op was: Conv but pattern op was: QuantizeLinear.
[''][I] Start a subgraph matching...
[''][I] 	Checking node: node_relu against pattern node: Q.
[''][I] 	Checking node: node_relu against pattern node: q_2.
[''][I] 	No match because: Op did not match. Node op was: Relu but pattern op was: QuantizeLinear.
[''][I] Start a subgraph matching...
[''][I] 	Checking node: node_max_pool2d against pattern node: Q.
[''][I] 	Checking node: node_max_pool2d against pattern node: q_2.
[''][I] 	No match because: Op did not match. Node op was: MaxPool but pattern op was: QuantizeLinear.
[''][I] Start a subgraph matching...
[''][I] 	Checking node: node_conv2d_1 against pattern node: Q.
[''][I] 	Checking node: node_conv2d_1 against pattern node: q_2.
[''][I] 	No match because: Op did not match. Node op was: Conv but pattern op was: QuantizeLinear.
[''][I] Start a subgraph matching...
[''][I] 	Checking node: node_relu_1 against pattern node: Q.
[''][I] 	Checking node: node_relu_1 against pattern node: q_2.
[''][I] 	No match because: Op did not match. Node op was: Relu but pattern op was: QuantizeLinear.
[''][I] Start a subgraph matching...
[''][I] 	Checking node: node_max_pool2d_1 against pattern node: Q.
[''][I] 	Checking node: node_max_pool2d_1 against pattern node: q_2.
[''][I] 	No match because: Op did not match. Node op was: MaxPool but pattern op was: QuantizeLinear.
[''][I] Start a subgraph matching...
[''][I] 	Checking node: node_view against pattern node: Q.
[''][I] 	Checking node: node_view against pattern node: q_2.
[''][I] 	No match because: Op did not match. Node op was: Reshape but pattern op was: QuantizeLinear.
[''][I] Start a subgraph matching...
[''][I] 	Checking node: node_linear against pattern node: Q.
[''][I] 	Checking node: node_linear against pattern node: q_2.
[''][I] 	No match because: Op did not match. Node op was: Gemm but pattern op was: QuantizeLinear.
[''][I] Start a subgraph matching...
[''][I] 	Checking node: node_relu_2 against pattern node: Q.
[''][I] 	Checking node: node_relu_2 against pattern node: q_2.
[''][I] 	No match because: Op did not match. Node op was: Relu but pattern op was: QuantizeLinear.
[''][I] Start a subgraph matching...
[''][I] 	Checking node: node_linear_1 against pattern node: Q.
[''][I] 	Checking node: node_linear_1 against pattern node: q_2.
[''][I] 	No match because: Op did not match. Node op was: Gemm but pattern op was: QuantizeLinear.
[''][I] Start a subgraph matching...
[''][I] 	Checking node: node_softmax against pattern node: Q.
[''][I] 	Checking node: node_softmax against pattern node: q_2.
[''][I] 	No match because: Op did not match. Node op was: Softmax but pattern op was: QuantizeLinear.
[''][I] Start a subgraph matching...
[''][I] 	Checking node: node_argmax against pattern node: Q.
[''][I] 	Checking node: node_argmax against pattern node: q_2.
[''][I] 	No match because: Op did not match. Node op was: ArgMax but pattern op was: QuantizeLinear.
[''][I] Start a subgraph matching...
[''][I] 	Checking node: node_conv2d against pattern node: Q.
[''][I] 	Checking node: node_conv2d against pattern node: q_1.
[''][I] 	No match because: Op did not match. Node op was: Conv but pattern op was: QuantizeLinear.
[''][I] Start a subgraph matching...
[''][I] 	Checking node: node_relu against pattern node: Q.
[''][I] 	Checking node: node_relu against pattern node: q_1.
[''][I] 	No match because: Op did not match. Node op was: Relu but pattern op was: QuantizeLinear.
[''][I] Start a subgraph matching...
[''][I] 	Checking node: node_max_pool2d against pattern node: Q.
[''][I] 	Checking node: node_max_pool2d against pattern node: q_1.
[''][I] 	No match because: Op did not match. Node op was: MaxPool but pattern op was: QuantizeLinear.
[''][I] Start a subgraph matching...
[''][I] 	Checking node: node_conv2d_1 against pattern node: Q.
[''][I] 	Checking node: node_conv2d_1 against pattern node: q_1.
[''][I] 	No match because: Op did not match. Node op was: Conv but pattern op was: QuantizeLinear.
[''][I] Start a subgraph matching...
[''][I] 	Checking node: node_relu_1 against pattern node: Q.
[''][I] 	Checking node: node_relu_1 against pattern node: q_1.
[''][I] 	No match because: Op did not match. Node op was: Relu but pattern op was: QuantizeLinear.
[''][I] Start a subgraph matching...
[''][I] 	Checking node: node_max_pool2d_1 against pattern node: Q.
[''][I] 	Checking node: node_max_pool2d_1 against pattern node: q_1.
[''][I] 	No match because: Op did not match. Node op was: MaxPool but pattern op was: QuantizeLinear.
[''][I] Start a subgraph matching...
[''][I] 	Checking node: node_view against pattern node: Q.
[''][I] 	Checking node: node_view against pattern node: q_1.
[''][I] 	No match because: Op did not match. Node op was: Reshape but pattern op was: QuantizeLinear.
[''][I] Start a subgraph matching...
[''][I] 	Checking node: node_linear against pattern node: Q.
[''][I] 	Checking node: node_linear against pattern node: q_1.
[''][I] 	No match because: Op did not match. Node op was: Gemm but pattern op was: QuantizeLinear.
[''][I] Start a subgraph matching...
[''][I] 	Checking node: node_relu_2 against pattern node: Q.
[''][I] 	Checking node: node_relu_2 against pattern node: q_1.
[''][I] 	No match because: Op did not match. Node op was: Relu but pattern op was: QuantizeLinear.
[''][I] Start a subgraph matching...
[''][I] 	Checking node: node_linear_1 against pattern node: Q.
[''][I] 	Checking node: node_linear_1 against pattern node: q_1.
[''][I] 	No match because: Op did not match. Node op was: Gemm but pattern op was: QuantizeLinear.
[''][I] Start a subgraph matching...
[''][I] 	Checking node: node_softmax against pattern node: Q.
[''][I] 	Checking node: node_softmax against pattern node: q_1.
[''][I] 	No match because: Op did not match. Node op was: Softmax but pattern op was: QuantizeLinear.
[''][I] Start a subgraph matching...
[''][I] 	Checking node: node_argmax against pattern node: Q.
[''][I] 	Checking node: node_argmax against pattern node: q_1.
[''][I] 	No match because: Op did not match. Node op was: ArgMax but pattern op was: QuantizeLinear.
[''][I] Start a subgraph matching...
[''][I] 	Checking node: node_conv2d against pattern node: Q.
[''][I] 	Checking node: node_conv2d against pattern node: q_1.
[''][I] 	No match because: Op did not match. Node op was: Conv but pattern op was: QuantizeLinear.
[''][I] Start a subgraph matching...
[''][I] 	Checking node: node_relu against pattern node: Q.
[''][I] 	Checking node: node_relu against pattern node: q_1.
[''][I] 	No match because: Op did not match. Node op was: Relu but pattern op was: QuantizeLinear.
[''][I] Start a subgraph matching...
[''][I] 	Checking node: node_max_pool2d against pattern node: Q.
[''][I] 	Checking node: node_max_pool2d against pattern node: q_1.
[''][I] 	No match because: Op did not match. Node op was: MaxPool but pattern op was: QuantizeLinear.
[''][I] Start a subgraph matching...
[''][I] 	Checking node: node_conv2d_1 against pattern node: Q.
[''][I] 	Checking node: node_conv2d_1 against pattern node: q_1.
[''][I] 	No match because: Op did not match. Node op was: Conv but pattern op was: QuantizeLinear.
[''][I] Start a subgraph matching...
[''][I] 	Checking node: node_relu_1 against pattern node: Q.
[''][I] 	Checking node: node_relu_1 against pattern node: q_1.
[''][I] 	No match because: Op did not match. Node op was: Relu but pattern op was: QuantizeLinear.
[''][I] Start a subgraph matching...
[''][I] 	Checking node: node_max_pool2d_1 against pattern node: Q.
[''][I] 	Checking node: node_max_pool2d_1 against pattern node: q_1.
[''][I] 	No match because: Op did not match. Node op was: MaxPool but pattern op was: QuantizeLinear.
[''][I] Start a subgraph matching...
[''][I] 	Checking node: node_view against pattern node: Q.
[''][I] 	Checking node: node_view against pattern node: q_1.
[''][I] 	No match because: Op did not match. Node op was: Reshape but pattern op was: QuantizeLinear.
[''][I] Start a subgraph matching...
[''][I] 	Checking node: node_linear against pattern node: Q.
[''][I] 	Checking node: node_linear against pattern node: q_1.
[''][I] 	No match because: Op did not match. Node op was: Gemm but pattern op was: QuantizeLinear.
[''][I] Start a subgraph matching...
[''][I] 	Checking node: node_relu_2 against pattern node: Q.
[''][I] 	Checking node: node_relu_2 against pattern node: q_1.
[''][I] 	No match because: Op did not match. Node op was: Relu but pattern op was: QuantizeLinear.
[''][I] Start a subgraph matching...
[''][I] 	Checking node: node_linear_1 against pattern node: Q.
[''][I] 	Checking node: node_linear_1 against pattern node: q_1.
[''][I] 	No match because: Op did not match. Node op was: Gemm but pattern op was: QuantizeLinear.
[''][I] Start a subgraph matching...
[''][I] 	Checking node: node_softmax against pattern node: Q.
[''][I] 	Checking node: node_softmax against pattern node: q_1.
[''][I] 	No match because: Op did not match. Node op was: Softmax but pattern op was: QuantizeLinear.
[''][I] Start a subgraph matching...
[''][I] 	Checking node: node_argmax against pattern node: Q.
[''][I] 	Checking node: node_argmax against pattern node: q_1.
[''][I] 	No match because: Op did not match. Node op was: ArgMax but pattern op was: QuantizeLinear.
[''][I] Start a subgraph matching...
[''][I] 	Checking node: node_conv2d against pattern node: Q.
[''][I] 	Checking node: node_conv2d against pattern node: q_2.
[''][I] 	No match because: Op did not match. Node op was: Conv but pattern op was: QuantizeLinear.
[''][I] Start a subgraph matching...
[''][I] 	Checking node: node_relu against pattern node: Q.
[''][I] 	Checking node: node_relu against pattern node: q_2.
[''][I] 	No match because: Op did not match. Node op was: Relu but pattern op was: QuantizeLinear.
[''][I] Start a subgraph matching...
[''][I] 	Checking node: node_max_pool2d against pattern node: Q.
[''][I] 	Checking node: node_max_pool2d against pattern node: q_2.
[''][I] 	No match because: Op did not match. Node op was: MaxPool but pattern op was: QuantizeLinear.
[''][I] Start a subgraph matching...
[''][I] 	Checking node: node_conv2d_1 against pattern node: Q.
[''][I] 	Checking node: node_conv2d_1 against pattern node: q_2.
[''][I] 	No match because: Op did not match. Node op was: Conv but pattern op was: QuantizeLinear.
[''][I] Start a subgraph matching...
[''][I] 	Checking node: node_relu_1 against pattern node: Q.
[''][I] 	Checking node: node_relu_1 against pattern node: q_2.
[''][I] 	No match because: Op did not match. Node op was: Relu but pattern op was: QuantizeLinear.
[''][I] Start a subgraph matching...
[''][I] 	Checking node: node_max_pool2d_1 against pattern node: Q.
[''][I] 	Checking node: node_max_pool2d_1 against pattern node: q_2.
[''][I] 	No match because: Op did not match. Node op was: MaxPool but pattern op was: QuantizeLinear.
[''][I] Start a subgraph matching...
[''][I] 	Checking node: node_view against pattern node: Q.
[''][I] 	Checking node: node_view against pattern node: q_2.
[''][I] 	No match because: Op did not match. Node op was: Reshape but pattern op was: QuantizeLinear.
[''][I] Start a subgraph matching...
[''][I] 	Checking node: node_linear against pattern node: Q.
[''][I] 	Checking node: node_linear against pattern node: q_2.
[''][I] 	No match because: Op did not match. Node op was: Gemm but pattern op was: QuantizeLinear.
[''][I] Start a subgraph matching...
[''][I] 	Checking node: node_relu_2 against pattern node: Q.
[''][I] 	Checking node: node_relu_2 against pattern node: q_2.
[''][I] 	No match because: Op did not match. Node op was: Relu but pattern op was: QuantizeLinear.
[''][I] Start a subgraph matching...
[''][I] 	Checking node: node_linear_1 against pattern node: Q.
[''][I] 	Checking node: node_linear_1 against pattern node: q_2.
[''][I] 	No match because: Op did not match. Node op was: Gemm but pattern op was: QuantizeLinear.
[''][I] Start a subgraph matching...
[''][I] 	Checking node: node_softmax against pattern node: Q.
[''][I] 	Checking node: node_softmax against pattern node: q_2.
[''][I] 	No match because: Op did not match. Node op was: Softmax but pattern op was: QuantizeLinear.
[''][I] Start a subgraph matching...
[''][I] 	Checking node: node_argmax against pattern node: Q.
[''][I] 	Checking node: node_argmax against pattern node: q_2.
[''][I] 	No match because: Op did not match. Node op was: ArgMax but pattern op was: QuantizeLinear.
[''][I] Start a subgraph matching...
[''][I] 	Checking node: node_conv2d against pattern node: Q.
[''][I] 	Checking node: node_conv2d against pattern node: q_2.
[''][I] 	No match because: Op did not match. Node op was: Conv but pattern op was: QuantizeLinear.
[''][I] Start a subgraph matching...
[''][I] 	Checking node: node_relu against pattern node: Q.
[''][I] 	Checking node: node_relu against pattern node: q_2.
[''][I] 	No match because: Op did not match. Node op was: Relu but pattern op was: QuantizeLinear.
[''][I] Start a subgraph matching...
[''][I] 	Checking node: node_max_pool2d against pattern node: Q.
[''][I] 	Checking node: node_max_pool2d against pattern node: q_2.
[''][I] 	No match because: Op did not match. Node op was: MaxPool but pattern op was: QuantizeLinear.
[''][I] Start a subgraph matching...
[''][I] 	Checking node: node_conv2d_1 against pattern node: Q.
[''][I] 	Checking node: node_conv2d_1 against pattern node: q_2.
[''][I] 	No match because: Op did not match. Node op was: Conv but pattern op was: QuantizeLinear.
[''][I] Start a subgraph matching...
[''][I] 	Checking node: node_relu_1 against pattern node: Q.
[''][I] 	Checking node: node_relu_1 against pattern node: q_2.
[''][I] 	No match because: Op did not match. Node op was: Relu but pattern op was: QuantizeLinear.
[''][I] Start a subgraph matching...
[''][I] 	Checking node: node_max_pool2d_1 against pattern node: Q.
[''][I] 	Checking node: node_max_pool2d_1 against pattern node: q_2.
[''][I] 	No match because: Op did not match. Node op was: MaxPool but pattern op was: QuantizeLinear.
[''][I] Start a subgraph matching...
[''][I] 	Checking node: node_view against pattern node: Q.
[''][I] 	Checking node: node_view against pattern node: q_2.
[''][I] 	No match because: Op did not match. Node op was: Reshape but pattern op was: QuantizeLinear.
[''][I] Start a subgraph matching...
[''][I] 	Checking node: node_linear against pattern node: Q.
[''][I] 	Checking node: node_linear against pattern node: q_2.
[''][I] 	No match because: Op did not match. Node op was: Gemm but pattern op was: QuantizeLinear.
[''][I] Start a subgraph matching...
[''][I] 	Checking node: node_relu_2 against pattern node: Q.
[''][I] 	Checking node: node_relu_2 against pattern node: q_2.
[''][I] 	No match because: Op did not match. Node op was: Relu but pattern op was: QuantizeLinear.
[''][I] Start a subgraph matching...
[''][I] 	Checking node: node_linear_1 against pattern node: Q.
[''][I] 	Checking node: node_linear_1 against pattern node: q_2.
[''][I] 	No match because: Op did not match. Node op was: Gemm but pattern op was: QuantizeLinear.
[''][I] Start a subgraph matching...
[''][I] 	Checking node: node_softmax against pattern node: Q.
[''][I] 	Checking node: node_softmax against pattern node: q_2.
[''][I] 	No match because: Op did not match. Node op was: Softmax but pattern op was: QuantizeLinear.
[''][I] Start a subgraph matching...
[''][I] 	Checking node: node_argmax against pattern node: Q.
[''][I] 	Checking node: node_argmax against pattern node: q_2.
[''][I] 	No match because: Op did not match. Node op was: ArgMax but pattern op was: QuantizeLinear.
[''][I] Start a subgraph matching...
[''][I] 	Checking node: node_conv2d against pattern node: Q.
[''][I] 	Checking node: node_conv2d against pattern node: q_1.
[''][I] 	No match because: Op did not match. Node op was: Conv but pattern op was: QuantizeLinear.
[''][I] Start a subgraph matching...
[''][I] 	Checking node: node_relu against pattern node: Q.
[''][I] 	Checking node: node_relu against pattern node: q_1.
[''][I] 	No match because: Op did not match. Node op was: Relu but pattern op was: QuantizeLinear.
[''][I] Start a subgraph matching...
[''][I] 	Checking node: node_max_pool2d against pattern node: Q.
[''][I] 	Checking node: node_max_pool2d against pattern node: q_1.
[''][I] 	No match because: Op did not match. Node op was: MaxPool but pattern op was: QuantizeLinear.
[''][I] Start a subgraph matching...
[''][I] 	Checking node: node_conv2d_1 against pattern node: Q.
[''][I] 	Checking node: node_conv2d_1 against pattern node: q_1.
[''][I] 	No match because: Op did not match. Node op was: Conv but pattern op was: QuantizeLinear.
[''][I] Start a subgraph matching...
[''][I] 	Checking node: node_relu_1 against pattern node: Q.
[''][I] 	Checking node: node_relu_1 against pattern node: q_1.
[''][I] 	No match because: Op did not match. Node op was: Relu but pattern op was: QuantizeLinear.
[''][I] Start a subgraph matching...
[''][I] 	Checking node: node_max_pool2d_1 against pattern node: Q.
[''][I] 	Checking node: node_max_pool2d_1 against pattern node: q_1.
[''][I] 	No match because: Op did not match. Node op was: MaxPool but pattern op was: QuantizeLinear.
[''][I] Start a subgraph matching...
[''][I] 	Checking node: node_view against pattern node: Q.
[''][I] 	Checking node: node_view against pattern node: q_1.
[''][I] 	No match because: Op did not match. Node op was: Reshape but pattern op was: QuantizeLinear.
[''][I] Start a subgraph matching...
[''][I] 	Checking node: node_linear against pattern node: Q.
[''][I] 	Checking node: node_linear against pattern node: q_1.
[''][I] 	No match because: Op did not match. Node op was: Gemm but pattern op was: QuantizeLinear.
[''][I] Start a subgraph matching...
[''][I] 	Checking node: node_relu_2 against pattern node: Q.
[''][I] 	Checking node: node_relu_2 against pattern node: q_1.
[''][I] 	No match because: Op did not match. Node op was: Relu but pattern op was: QuantizeLinear.
[''][I] Start a subgraph matching...
[''][I] 	Checking node: node_linear_1 against pattern node: Q.
[''][I] 	Checking node: node_linear_1 against pattern node: q_1.
[''][I] 	No match because: Op did not match. Node op was: Gemm but pattern op was: QuantizeLinear.
[''][I] Start a subgraph matching...
[''][I] 	Checking node: node_softmax against pattern node: Q.
[''][I] 	Checking node: node_softmax against pattern node: q_1.
[''][I] 	No match because: Op did not match. Node op was: Softmax but pattern op was: QuantizeLinear.
[''][I] Start a subgraph matching...
[''][I] 	Checking node: node_argmax against pattern node: Q.
[''][I] 	Checking node: node_argmax against pattern node: q_1.
[''][I] 	No match because: Op did not match. Node op was: ArgMax but pattern op was: QuantizeLinear.
[''][I] Start a subgraph matching...
[''][I] 	Checking node: node_conv2d against pattern node: Q.
[''][I] 	Checking node: node_conv2d against pattern node: q_1.
[''][I] 	No match because: Op did not match. Node op was: Conv but pattern op was: QuantizeLinear.
[''][I] Start a subgraph matching...
[''][I] 	Checking node: node_relu against pattern node: Q.
[''][I] 	Checking node: node_relu against pattern node: q_1.
[''][I] 	No match because: Op did not match. Node op was: Relu but pattern op was: QuantizeLinear.
[''][I] Start a subgraph matching...
[''][I] 	Checking node: node_max_pool2d against pattern node: Q.
[''][I] 	Checking node: node_max_pool2d against pattern node: q_1.
[''][I] 	No match because: Op did not match. Node op was: MaxPool but pattern op was: QuantizeLinear.
[''][I] Start a subgraph matching...
[''][I] 	Checking node: node_conv2d_1 against pattern node: Q.
[''][I] 	Checking node: node_conv2d_1 against pattern node: q_1.
[''][I] 	No match because: Op did not match. Node op was: Conv but pattern op was: QuantizeLinear.
[''][I] Start a subgraph matching...
[''][I] 	Checking node: node_relu_1 against pattern node: Q.
[''][I] 	Checking node: node_relu_1 against pattern node: q_1.
[''][I] 	No match because: Op did not match. Node op was: Relu but pattern op was: QuantizeLinear.
[''][I] Start a subgraph matching...
[''][I] 	Checking node: node_max_pool2d_1 against pattern node: Q.
[''][I] 	Checking node: node_max_pool2d_1 against pattern node: q_1.
[''][I] 	No match because: Op did not match. Node op was: MaxPool but pattern op was: QuantizeLinear.
[''][I] Start a subgraph matching...
[''][I] 	Checking node: node_view against pattern node: Q.
[''][I] 	Checking node: node_view against pattern node: q_1.
[''][I] 	No match because: Op did not match. Node op was: Reshape but pattern op was: QuantizeLinear.
[''][I] Start a subgraph matching...
[''][I] 	Checking node: node_linear against pattern node: Q.
[''][I] 	Checking node: node_linear against pattern node: q_1.
[''][I] 	No match because: Op did not match. Node op was: Gemm but pattern op was: QuantizeLinear.
[''][I] Start a subgraph matching...
[''][I] 	Checking node: node_relu_2 against pattern node: Q.
[''][I] 	Checking node: node_relu_2 against pattern node: q_1.
[''][I] 	No match because: Op did not match. Node op was: Relu but pattern op was: QuantizeLinear.
[''][I] Start a subgraph matching...
[''][I] 	Checking node: node_linear_1 against pattern node: Q.
[''][I] 	Checking node: node_linear_1 against pattern node: q_1.
[''][I] 	No match because: Op did not match. Node op was: Gemm but pattern op was: QuantizeLinear.
[''][I] Start a subgraph matching...
[''][I] 	Checking node: node_softmax against pattern node: Q.
[''][I] 	Checking node: node_softmax against pattern node: q_1.
[''][I] 	No match because: Op did not match. Node op was: Softmax but pattern op was: QuantizeLinear.
[''][I] Start a subgraph matching...
[''][I] 	Checking node: node_argmax against pattern node: Q.
[''][I] 	Checking node: node_argmax against pattern node: q_1.
[''][I] 	No match because: Op did not match. Node op was: ArgMax but pattern op was: QuantizeLinear.
[''][I] Start a subgraph matching...
[''][I] 	Checking node: node_conv2d against pattern node: Q.
[''][I] 	Checking node: node_conv2d against pattern node: q_2.
[''][I] 	No match because: Op did not match. Node op was: Conv but pattern op was: QuantizeLinear.
[''][I] Start a subgraph matching...
[''][I] 	Checking node: node_relu against pattern node: Q.
[''][I] 	Checking node: node_relu against pattern node: q_2.
[''][I] 	No match because: Op did not match. Node op was: Relu but pattern op was: QuantizeLinear.
[''][I] Start a subgraph matching...
[''][I] 	Checking node: node_max_pool2d against pattern node: Q.
[''][I] 	Checking node: node_max_pool2d against pattern node: q_2.
[''][I] 	No match because: Op did not match. Node op was: MaxPool but pattern op was: QuantizeLinear.
[''][I] Start a subgraph matching...
[''][I] 	Checking node: node_conv2d_1 against pattern node: Q.
[''][I] 	Checking node: node_conv2d_1 against pattern node: q_2.
[''][I] 	No match because: Op did not match. Node op was: Conv but pattern op was: QuantizeLinear.
[''][I] Start a subgraph matching...
[''][I] 	Checking node: node_relu_1 against pattern node: Q.
[''][I] 	Checking node: node_relu_1 against pattern node: q_2.
[''][I] 	No match because: Op did not match. Node op was: Relu but pattern op was: QuantizeLinear.
[''][I] Start a subgraph matching...
[''][I] 	Checking node: node_max_pool2d_1 against pattern node: Q.
[''][I] 	Checking node: node_max_pool2d_1 against pattern node: q_2.
[''][I] 	No match because: Op did not match. Node op was: MaxPool but pattern op was: QuantizeLinear.
[''][I] Start a subgraph matching...
[''][I] 	Checking node: node_view against pattern node: Q.
[''][I] 	Checking node: node_view against pattern node: q_2.
[''][I] 	No match because: Op did not match. Node op was: Reshape but pattern op was: QuantizeLinear.
[''][I] Start a subgraph matching...
[''][I] 	Checking node: node_linear against pattern node: Q.
[''][I] 	Checking node: node_linear against pattern node: q_2.
[''][I] 	No match because: Op did not match. Node op was: Gemm but pattern op was: QuantizeLinear.
[''][I] Start a subgraph matching...
[''][I] 	Checking node: node_relu_2 against pattern node: Q.
[''][I] 	Checking node: node_relu_2 against pattern node: q_2.
[''][I] 	No match because: Op did not match. Node op was: Relu but pattern op was: QuantizeLinear.
[''][I] Start a subgraph matching...
[''][I] 	Checking node: node_linear_1 against pattern node: Q.
[''][I] 	Checking node: node_linear_1 against pattern node: q_2.
[''][I] 	No match because: Op did not match. Node op was: Gemm but pattern op was: QuantizeLinear.
[''][I] Start a subgraph matching...
[''][I] 	Checking node: node_softmax against pattern node: Q.
[''][I] 	Checking node: node_softmax against pattern node: q_2.
[''][I] 	No match because: Op did not match. Node op was: Softmax but pattern op was: QuantizeLinear.
[''][I] Start a subgraph matching...
[''][I] 	Checking node: node_argmax against pattern node: Q.
[''][I] 	Checking node: node_argmax against pattern node: q_2.
[''][I] 	No match because: Op did not match. Node op was: ArgMax but pattern op was: QuantizeLinear.
[''][I] Start a subgraph matching...
[''][I] 	Checking node: node_conv2d against pattern node: Q.
[''][I] 	Checking node: node_conv2d against pattern node: q_2.
[''][I] 	No match because: Op did not match. Node op was: Conv but pattern op was: QuantizeLinear.
[''][I] Start a subgraph matching...
[''][I] 	Checking node: node_relu against pattern node: Q.
[''][I] 	Checking node: node_relu against pattern node: q_2.
[''][I] 	No match because: Op did not match. Node op was: Relu but pattern op was: QuantizeLinear.
[''][I] Start a subgraph matching...
[''][I] 	Checking node: node_max_pool2d against pattern node: Q.
[''][I] 	Checking node: node_max_pool2d against pattern node: q_2.
[''][I] 	No match because: Op did not match. Node op was: MaxPool but pattern op was: QuantizeLinear.
[''][I] Start a subgraph matching...
[''][I] 	Checking node: node_conv2d_1 against pattern node: Q.
[''][I] 	Checking node: node_conv2d_1 against pattern node: q_2.
[''][I] 	No match because: Op did not match. Node op was: Conv but pattern op was: QuantizeLinear.
[''][I] Start a subgraph matching...
[''][I] 	Checking node: node_relu_1 against pattern node: Q.
[''][I] 	Checking node: node_relu_1 against pattern node: q_2.
[''][I] 	No match because: Op did not match. Node op was: Relu but pattern op was: QuantizeLinear.
[''][I] Start a subgraph matching...
[''][I] 	Checking node: node_max_pool2d_1 against pattern node: Q.
[''][I] 	Checking node: node_max_pool2d_1 against pattern node: q_2.
[''][I] 	No match because: Op did not match. Node op was: MaxPool but pattern op was: QuantizeLinear.
[''][I] Start a subgraph matching...
[''][I] 	Checking node: node_view against pattern node: Q.
[''][I] 	Checking node: node_view against pattern node: q_2.
[''][I] 	No match because: Op did not match. Node op was: Reshape but pattern op was: QuantizeLinear.
[''][I] Start a subgraph matching...
[''][I] 	Checking node: node_linear against pattern node: Q.
[''][I] 	Checking node: node_linear against pattern node: q_2.
[''][I] 	No match because: Op did not match. Node op was: Gemm but pattern op was: QuantizeLinear.
[''][I] Start a subgraph matching...
[''][I] 	Checking node: node_relu_2 against pattern node: Q.
[''][I] 	Checking node: node_relu_2 against pattern node: q_2.
[''][I] 	No match because: Op did not match. Node op was: Relu but pattern op was: QuantizeLinear.
[''][I] Start a subgraph matching...
[''][I] 	Checking node: node_linear_1 against pattern node: Q.
[''][I] 	Checking node: node_linear_1 against pattern node: q_2.
[''][I] 	No match because: Op did not match. Node op was: Gemm but pattern op was: QuantizeLinear.
[''][I] Start a subgraph matching...
[''][I] 	Checking node: node_softmax against pattern node: Q.
[''][I] 	Checking node: node_softmax against pattern node: q_2.
[''][I] 	No match because: Op did not match. Node op was: Softmax but pattern op was: QuantizeLinear.
[''][I] Start a subgraph matching...
[''][I] 	Checking node: node_argmax against pattern node: Q.
[''][I] 	Checking node: node_argmax against pattern node: q_2.
[''][I] 	No match because: Op did not match. Node op was: ArgMax but pattern op was: QuantizeLinear.
[''][I] Start a subgraph matching...
[''][I] 	Checking node: node_conv2d against pattern node: Q.
[''][I] 	Checking node: node_conv2d against pattern node: q_1.
[''][I] 	No match because: Op did not match. Node op was: Conv but pattern op was: QuantizeLinear.
[''][I] Start a subgraph matching...
[''][I] 	Checking node: node_relu against pattern node: Q.
[''][I] 	Checking node: node_relu against pattern node: q_1.
[''][I] 	No match because: Op did not match. Node op was: Relu but pattern op was: QuantizeLinear.
[''][I] Start a subgraph matching...
[''][I] 	Checking node: node_max_pool2d against pattern node: Q.
[''][I] 	Checking node: node_max_pool2d against pattern node: q_1.
[''][I] 	No match because: Op did not match. Node op was: MaxPool but pattern op was: QuantizeLinear.
[''][I] Start a subgraph matching...
[''][I] 	Checking node: node_conv2d_1 against pattern node: Q.
[''][I] 	Checking node: node_conv2d_1 against pattern node: q_1.
[''][I] 	No match because: Op did not match. Node op was: Conv but pattern op was: QuantizeLinear.
[''][I] Start a subgraph matching...
[''][I] 	Checking node: node_relu_1 against pattern node: Q.
[''][I] 	Checking node: node_relu_1 against pattern node: q_1.
[''][I] 	No match because: Op did not match. Node op was: Relu but pattern op was: QuantizeLinear.
[''][I] Start a subgraph matching...
[''][I] 	Checking node: node_max_pool2d_1 against pattern node: Q.
[''][I] 	Checking node: node_max_pool2d_1 against pattern node: q_1.
[''][I] 	No match because: Op did not match. Node op was: MaxPool but pattern op was: QuantizeLinear.
[''][I] Start a subgraph matching...
[''][I] 	Checking node: node_view against pattern node: Q.
[''][I] 	Checking node: node_view against pattern node: q_1.
[''][I] 	No match because: Op did not match. Node op was: Reshape but pattern op was: QuantizeLinear.
[''][I] Start a subgraph matching...
[''][I] 	Checking node: node_linear against pattern node: Q.
[''][I] 	Checking node: node_linear against pattern node: q_1.
[''][I] 	No match because: Op did not match. Node op was: Gemm but pattern op was: QuantizeLinear.
[''][I] Start a subgraph matching...
[''][I] 	Checking node: node_relu_2 against pattern node: Q.
[''][I] 	Checking node: node_relu_2 against pattern node: q_1.
[''][I] 	No match because: Op did not match. Node op was: Relu but pattern op was: QuantizeLinear.
[''][I] Start a subgraph matching...
[''][I] 	Checking node: node_linear_1 against pattern node: Q.
[''][I] 	Checking node: node_linear_1 against pattern node: q_1.
[''][I] 	No match because: Op did not match. Node op was: Gemm but pattern op was: QuantizeLinear.
[''][I] Start a subgraph matching...
[''][I] 	Checking node: node_softmax against pattern node: Q.
[''][I] 	Checking node: node_softmax against pattern node: q_1.
[''][I] 	No match because: Op did not match. Node op was: Softmax but pattern op was: QuantizeLinear.
[''][I] Start a subgraph matching...
[''][I] 	Checking node: node_argmax against pattern node: Q.
[''][I] 	Checking node: node_argmax against pattern node: q_1.
[''][I] 	No match because: Op did not match. Node op was: ArgMax but pattern op was: QuantizeLinear.
[''][I] Start a subgraph matching...
[''][I] 	Checking node: node_conv2d against pattern node: Q.
[''][I] 	Checking node: node_conv2d against pattern node: q_1.
[''][I] 	No match because: Op did not match. Node op was: Conv but pattern op was: QuantizeLinear.
[''][I] Start a subgraph matching...
[''][I] 	Checking node: node_relu against pattern node: Q.
[''][I] 	Checking node: node_relu against pattern node: q_1.
[''][I] 	No match because: Op did not match. Node op was: Relu but pattern op was: QuantizeLinear.
[''][I] Start a subgraph matching...
[''][I] 	Checking node: node_max_pool2d against pattern node: Q.
[''][I] 	Checking node: node_max_pool2d against pattern node: q_1.
[''][I] 	No match because: Op did not match. Node op was: MaxPool but pattern op was: QuantizeLinear.
[''][I] Start a subgraph matching...
[''][I] 	Checking node: node_conv2d_1 against pattern node: Q.
[''][I] 	Checking node: node_conv2d_1 against pattern node: q_1.
[''][I] 	No match because: Op did not match. Node op was: Conv but pattern op was: QuantizeLinear.
[''][I] Start a subgraph matching...
[''][I] 	Checking node: node_relu_1 against pattern node: Q.
[''][I] 	Checking node: node_relu_1 against pattern node: q_1.
[''][I] 	No match because: Op did not match. Node op was: Relu but pattern op was: QuantizeLinear.
[''][I] Start a subgraph matching...
[''][I] 	Checking node: node_max_pool2d_1 against pattern node: Q.
[''][I] 	Checking node: node_max_pool2d_1 against pattern node: q_1.
[''][I] 	No match because: Op did not match. Node op was: MaxPool but pattern op was: QuantizeLinear.
[''][I] Start a subgraph matching...
[''][I] 	Checking node: node_view against pattern node: Q.
[''][I] 	Checking node: node_view against pattern node: q_1.
[''][I] 	No match because: Op did not match. Node op was: Reshape but pattern op was: QuantizeLinear.
[''][I] Start a subgraph matching...
[''][I] 	Checking node: node_linear against pattern node: Q.
[''][I] 	Checking node: node_linear against pattern node: q_1.
[''][I] 	No match because: Op did not match. Node op was: Gemm but pattern op was: QuantizeLinear.
[''][I] Start a subgraph matching...
[''][I] 	Checking node: node_relu_2 against pattern node: Q.
[''][I] 	Checking node: node_relu_2 against pattern node: q_1.
[''][I] 	No match because: Op did not match. Node op was: Relu but pattern op was: QuantizeLinear.
[''][I] Start a subgraph matching...
[''][I] 	Checking node: node_linear_1 against pattern node: Q.
[''][I] 	Checking node: node_linear_1 against pattern node: q_1.
[''][I] 	No match because: Op did not match. Node op was: Gemm but pattern op was: QuantizeLinear.
[''][I] Start a subgraph matching...
[''][I] 	Checking node: node_softmax against pattern node: Q.
[''][I] 	Checking node: node_softmax against pattern node: q_1.
[''][I] 	No match because: Op did not match. Node op was: Softmax but pattern op was: QuantizeLinear.
[''][I] Start a subgraph matching...
[''][I] 	Checking node: node_argmax against pattern node: Q.
[''][I] 	Checking node: node_argmax against pattern node: q_1.
[''][I] 	No match because: Op did not match. Node op was: ArgMax but pattern op was: QuantizeLinear.
[''][I] Start a subgraph matching...
[''][I] 	Checking node: node_conv2d against pattern node: Q.
[''][I] 	Checking node: node_conv2d against pattern node: q_2.
[''][I] 	No match because: Op did not match. Node op was: Conv but pattern op was: QuantizeLinear.
[''][I] Start a subgraph matching...
[''][I] 	Checking node: node_relu against pattern node: Q.
[''][I] 	Checking node: node_relu against pattern node: q_2.
[''][I] 	No match because: Op did not match. Node op was: Relu but pattern op was: QuantizeLinear.
[''][I] Start a subgraph matching...
[''][I] 	Checking node: node_max_pool2d against pattern node: Q.
[''][I] 	Checking node: node_max_pool2d against pattern node: q_2.
[''][I] 	No match because: Op did not match. Node op was: MaxPool but pattern op was: QuantizeLinear.
[''][I] Start a subgraph matching...
[''][I] 	Checking node: node_conv2d_1 against pattern node: Q.
[''][I] 	Checking node: node_conv2d_1 against pattern node: q_2.
[''][I] 	No match because: Op did not match. Node op was: Conv but pattern op was: QuantizeLinear.
[''][I] Start a subgraph matching...
[''][I] 	Checking node: node_relu_1 against pattern node: Q.
[''][I] 	Checking node: node_relu_1 against pattern node: q_2.
[''][I] 	No match because: Op did not match. Node op was: Relu but pattern op was: QuantizeLinear.
[''][I] Start a subgraph matching...
[''][I] 	Checking node: node_max_pool2d_1 against pattern node: Q.
[''][I] 	Checking node: node_max_pool2d_1 against pattern node: q_2.
[''][I] 	No match because: Op did not match. Node op was: MaxPool but pattern op was: QuantizeLinear.
[''][I] Start a subgraph matching...
[''][I] 	Checking node: node_view against pattern node: Q.
[''][I] 	Checking node: node_view against pattern node: q_2.
[''][I] 	No match because: Op did not match. Node op was: Reshape but pattern op was: QuantizeLinear.
[''][I] Start a subgraph matching...
[''][I] 	Checking node: node_linear against pattern node: Q.
[''][I] 	Checking node: node_linear against pattern node: q_2.
[''][I] 	No match because: Op did not match. Node op was: Gemm but pattern op was: QuantizeLinear.
[''][I] Start a subgraph matching...
[''][I] 	Checking node: node_relu_2 against pattern node: Q.
[''][I] 	Checking node: node_relu_2 against pattern node: q_2.
[''][I] 	No match because: Op did not match. Node op was: Relu but pattern op was: QuantizeLinear.
[''][I] Start a subgraph matching...
[''][I] 	Checking node: node_linear_1 against pattern node: Q.
[''][I] 	Checking node: node_linear_1 against pattern node: q_2.
[''][I] 	No match because: Op did not match. Node op was: Gemm but pattern op was: QuantizeLinear.
[''][I] Start a subgraph matching...
[''][I] 	Checking node: node_softmax against pattern node: Q.
[''][I] 	Checking node: node_softmax against pattern node: q_2.
[''][I] 	No match because: Op did not match. Node op was: Softmax but pattern op was: QuantizeLinear.
[''][I] Start a subgraph matching...
[''][I] 	Checking node: node_argmax against pattern node: Q.
[''][I] 	Checking node: node_argmax against pattern node: q_2.
[''][I] 	No match because: Op did not match. Node op was: ArgMax but pattern op was: QuantizeLinear.
[''][I] Start a subgraph matching...
[''][I] 	Checking node: node_conv2d against pattern node: Q.
[''][I] 	Checking node: node_conv2d against pattern node: q_2.
[''][I] 	No match because: Op did not match. Node op was: Conv but pattern op was: QuantizeLinear.
[''][I] Start a subgraph matching...
[''][I] 	Checking node: node_relu against pattern node: Q.
[''][I] 	Checking node: node_relu against pattern node: q_2.
[''][I] 	No match because: Op did not match. Node op was: Relu but pattern op was: QuantizeLinear.
[''][I] Start a subgraph matching...
[''][I] 	Checking node: node_max_pool2d against pattern node: Q.
[''][I] 	Checking node: node_max_pool2d against pattern node: q_2.
[''][I] 	No match because: Op did not match. Node op was: MaxPool but pattern op was: QuantizeLinear.
[''][I] Start a subgraph matching...
[''][I] 	Checking node: node_conv2d_1 against pattern node: Q.
[''][I] 	Checking node: node_conv2d_1 against pattern node: q_2.
[''][I] 	No match because: Op did not match. Node op was: Conv but pattern op was: QuantizeLinear.
[''][I] Start a subgraph matching...
[''][I] 	Checking node: node_relu_1 against pattern node: Q.
[''][I] 	Checking node: node_relu_1 against pattern node: q_2.
[''][I] 	No match because: Op did not match. Node op was: Relu but pattern op was: QuantizeLinear.
[''][I] Start a subgraph matching...
[''][I] 	Checking node: node_max_pool2d_1 against pattern node: Q.
[''][I] 	Checking node: node_max_pool2d_1 against pattern node: q_2.
[''][I] 	No match because: Op did not match. Node op was: MaxPool but pattern op was: QuantizeLinear.
[''][I] Start a subgraph matching...
[''][I] 	Checking node: node_view against pattern node: Q.
[''][I] 	Checking node: node_view against pattern node: q_2.
[''][I] 	No match because: Op did not match. Node op was: Reshape but pattern op was: QuantizeLinear.
[''][I] Start a subgraph matching...
[''][I] 	Checking node: node_linear against pattern node: Q.
[''][I] 	Checking node: node_linear against pattern node: q_2.
[''][I] 	No match because: Op did not match. Node op was: Gemm but pattern op was: QuantizeLinear.
[''][I] Start a subgraph matching...
[''][I] 	Checking node: node_relu_2 against pattern node: Q.
[''][I] 	Checking node: node_relu_2 against pattern node: q_2.
[''][I] 	No match because: Op did not match. Node op was: Relu but pattern op was: QuantizeLinear.
[''][I] Start a subgraph matching...
[''][I] 	Checking node: node_linear_1 against pattern node: Q.
[''][I] 	Checking node: node_linear_1 against pattern node: q_2.
[''][I] 	No match because: Op did not match. Node op was: Gemm but pattern op was: QuantizeLinear.
[''][I] Start a subgraph matching...
[''][I] 	Checking node: node_softmax against pattern node: Q.
[''][I] 	Checking node: node_softmax against pattern node: q_2.
[''][I] 	No match because: Op did not match. Node op was: Softmax but pattern op was: QuantizeLinear.
[''][I] Start a subgraph matching...
[''][I] 	Checking node: node_argmax against pattern node: Q.
[''][I] 	Checking node: node_argmax against pattern node: q_2.
[''][I] 	No match because: Op did not match. Node op was: ArgMax but pattern op was: QuantizeLinear.
[''][I] Start a subgraph matching...
[''][I] 	Checking node: node_conv2d against pattern node: Q.
[''][I] 	Checking node: node_conv2d against pattern node: q_1.
[''][I] 	No match because: Op did not match. Node op was: Conv but pattern op was: QuantizeLinear.
[''][I] Start a subgraph matching...
[''][I] 	Checking node: node_relu against pattern node: Q.
[''][I] 	Checking node: node_relu against pattern node: q_1.
[''][I] 	No match because: Op did not match. Node op was: Relu but pattern op was: QuantizeLinear.
[''][I] Start a subgraph matching...
[''][I] 	Checking node: node_max_pool2d against pattern node: Q.
[''][I] 	Checking node: node_max_pool2d against pattern node: q_1.
[''][I] 	No match because: Op did not match. Node op was: MaxPool but pattern op was: QuantizeLinear.
[''][I] Start a subgraph matching...
[''][I] 	Checking node: node_conv2d_1 against pattern node: Q.
[''][I] 	Checking node: node_conv2d_1 against pattern node: q_1.
[''][I] 	No match because: Op did not match. Node op was: Conv but pattern op was: QuantizeLinear.
[''][I] Start a subgraph matching...
[''][I] 	Checking node: node_relu_1 against pattern node: Q.
[''][I] 	Checking node: node_relu_1 against pattern node: q_1.
[''][I] 	No match because: Op did not match. Node op was: Relu but pattern op was: QuantizeLinear.
[''][I] Start a subgraph matching...
[''][I] 	Checking node: node_max_pool2d_1 against pattern node: Q.
[''][I] 	Checking node: node_max_pool2d_1 against pattern node: q_1.
[''][I] 	No match because: Op did not match. Node op was: MaxPool but pattern op was: QuantizeLinear.
[''][I] Start a subgraph matching...
[''][I] 	Checking node: node_view against pattern node: Q.
[''][I] 	Checking node: node_view against pattern node: q_1.
[''][I] 	No match because: Op did not match. Node op was: Reshape but pattern op was: QuantizeLinear.
[''][I] Start a subgraph matching...
[''][I] 	Checking node: node_linear against pattern node: Q.
[''][I] 	Checking node: node_linear against pattern node: q_1.
[''][I] 	No match because: Op did not match. Node op was: Gemm but pattern op was: QuantizeLinear.
[''][I] Start a subgraph matching...
[''][I] 	Checking node: node_relu_2 against pattern node: Q.
[''][I] 	Checking node: node_relu_2 against pattern node: q_1.
[''][I] 	No match because: Op did not match. Node op was: Relu but pattern op was: QuantizeLinear.
[''][I] Start a subgraph matching...
[''][I] 	Checking node: node_linear_1 against pattern node: Q.
[''][I] 	Checking node: node_linear_1 against pattern node: q_1.
[''][I] 	No match because: Op did not match. Node op was: Gemm but pattern op was: QuantizeLinear.
[''][I] Start a subgraph matching...
[''][I] 	Checking node: node_softmax against pattern node: Q.
[''][I] 	Checking node: node_softmax against pattern node: q_1.
[''][I] 	No match because: Op did not match. Node op was: Softmax but pattern op was: QuantizeLinear.
[''][I] Start a subgraph matching...
[''][I] 	Checking node: node_argmax against pattern node: Q.
[''][I] 	Checking node: node_argmax against pattern node: q_1.
[''][I] 	No match because: Op did not match. Node op was: ArgMax but pattern op was: QuantizeLinear.
[''][I] Start a subgraph matching...
[''][I] 	Checking node: node_conv2d against pattern node: Q.
[''][I] 	Checking node: node_conv2d against pattern node: q_1.
[''][I] 	No match because: Op did not match. Node op was: Conv but pattern op was: QuantizeLinear.
[''][I] Start a subgraph matching...
[''][I] 	Checking node: node_relu against pattern node: Q.
[''][I] 	Checking node: node_relu against pattern node: q_1.
[''][I] 	No match because: Op did not match. Node op was: Relu but pattern op was: QuantizeLinear.
[''][I] Start a subgraph matching...
[''][I] 	Checking node: node_max_pool2d against pattern node: Q.
[''][I] 	Checking node: node_max_pool2d against pattern node: q_1.
[''][I] 	No match because: Op did not match. Node op was: MaxPool but pattern op was: QuantizeLinear.
[''][I] Start a subgraph matching...
[''][I] 	Checking node: node_conv2d_1 against pattern node: Q.
[''][I] 	Checking node: node_conv2d_1 against pattern node: q_1.
[''][I] 	No match because: Op did not match. Node op was: Conv but pattern op was: QuantizeLinear.
[''][I] Start a subgraph matching...
[''][I] 	Checking node: node_relu_1 against pattern node: Q.
[''][I] 	Checking node: node_relu_1 against pattern node: q_1.
[''][I] 	No match because: Op did not match. Node op was: Relu but pattern op was: QuantizeLinear.
[''][I] Start a subgraph matching...
[''][I] 	Checking node: node_max_pool2d_1 against pattern node: Q.
[''][I] 	Checking node: node_max_pool2d_1 against pattern node: q_1.
[''][I] 	No match because: Op did not match. Node op was: MaxPool but pattern op was: QuantizeLinear.
[''][I] Start a subgraph matching...
[''][I] 	Checking node: node_view against pattern node: Q.
[''][I] 	Checking node: node_view against pattern node: q_1.
[''][I] 	No match because: Op did not match. Node op was: Reshape but pattern op was: QuantizeLinear.
[''][I] Start a subgraph matching...
[''][I] 	Checking node: node_linear against pattern node: Q.
[''][I] 	Checking node: node_linear against pattern node: q_1.
[''][I] 	No match because: Op did not match. Node op was: Gemm but pattern op was: QuantizeLinear.
[''][I] Start a subgraph matching...
[''][I] 	Checking node: node_relu_2 against pattern node: Q.
[''][I] 	Checking node: node_relu_2 against pattern node: q_1.
[''][I] 	No match because: Op did not match. Node op was: Relu but pattern op was: QuantizeLinear.
[''][I] Start a subgraph matching...
[''][I] 	Checking node: node_linear_1 against pattern node: Q.
[''][I] 	Checking node: node_linear_1 against pattern node: q_1.
[''][I] 	No match because: Op did not match. Node op was: Gemm but pattern op was: QuantizeLinear.
[''][I] Start a subgraph matching...
[''][I] 	Checking node: node_softmax against pattern node: Q.
[''][I] 	Checking node: node_softmax against pattern node: q_1.
[''][I] 	No match because: Op did not match. Node op was: Softmax but pattern op was: QuantizeLinear.
[''][I] Start a subgraph matching...
[''][I] 	Checking node: node_argmax against pattern node: Q.
[''][I] 	Checking node: node_argmax against pattern node: q_1.
[''][I] 	No match because: Op did not match. Node op was: ArgMax but pattern op was: QuantizeLinear.
[''][I] Start a subgraph matching...
[''][I] 	Checking node: node_conv2d against pattern node: Q.
[''][I] 	Checking node: node_conv2d against pattern node: q_2.
[''][I] 	No match because: Op did not match. Node op was: Conv but pattern op was: QuantizeLinear.
[''][I] Start a subgraph matching...
[''][I] 	Checking node: node_relu against pattern node: Q.
[''][I] 	Checking node: node_relu against pattern node: q_2.
[''][I] 	No match because: Op did not match. Node op was: Relu but pattern op was: QuantizeLinear.
[''][I] Start a subgraph matching...
[''][I] 	Checking node: node_max_pool2d against pattern node: Q.
[''][I] 	Checking node: node_max_pool2d against pattern node: q_2.
[''][I] 	No match because: Op did not match. Node op was: MaxPool but pattern op was: QuantizeLinear.
[''][I] Start a subgraph matching...
[''][I] 	Checking node: node_conv2d_1 against pattern node: Q.
[''][I] 	Checking node: node_conv2d_1 against pattern node: q_2.
[''][I] 	No match because: Op did not match. Node op was: Conv but pattern op was: QuantizeLinear.
[''][I] Start a subgraph matching...
[''][I] 	Checking node: node_relu_1 against pattern node: Q.
[''][I] 	Checking node: node_relu_1 against pattern node: q_2.
[''][I] 	No match because: Op did not match. Node op was: Relu but pattern op was: QuantizeLinear.
[''][I] Start a subgraph matching...
[''][I] 	Checking node: node_max_pool2d_1 against pattern node: Q.
[''][I] 	Checking node: node_max_pool2d_1 against pattern node: q_2.
[''][I] 	No match because: Op did not match. Node op was: MaxPool but pattern op was: QuantizeLinear.
[''][I] Start a subgraph matching...
[''][I] 	Checking node: node_view against pattern node: Q.
[''][I] 	Checking node: node_view against pattern node: q_2.
[''][I] 	No match because: Op did not match. Node op was: Reshape but pattern op was: QuantizeLinear.
[''][I] Start a subgraph matching...
[''][I] 	Checking node: node_linear against pattern node: Q.
[''][I] 	Checking node: node_linear against pattern node: q_2.
[''][I] 	No match because: Op did not match. Node op was: Gemm but pattern op was: QuantizeLinear.
[''][I] Start a subgraph matching...
[''][I] 	Checking node: node_relu_2 against pattern node: Q.
[''][I] 	Checking node: node_relu_2 against pattern node: q_2.
[''][I] 	No match because: Op did not match. Node op was: Relu but pattern op was: QuantizeLinear.
[''][I] Start a subgraph matching...
[''][I] 	Checking node: node_linear_1 against pattern node: Q.
[''][I] 	Checking node: node_linear_1 against pattern node: q_2.
[''][I] 	No match because: Op did not match. Node op was: Gemm but pattern op was: QuantizeLinear.
[''][I] Start a subgraph matching...
[''][I] 	Checking node: node_softmax against pattern node: Q.
[''][I] 	Checking node: node_softmax against pattern node: q_2.
[''][I] 	No match because: Op did not match. Node op was: Softmax but pattern op was: QuantizeLinear.
[''][I] Start a subgraph matching...
[''][I] 	Checking node: node_argmax against pattern node: Q.
[''][I] 	Checking node: node_argmax against pattern node: q_2.
[''][I] 	No match because: Op did not match. Node op was: ArgMax but pattern op was: QuantizeLinear.
[''][I] Start a subgraph matching...
[''][I] 	Checking node: node_conv2d against pattern node: Q.
[''][I] 	Checking node: node_conv2d against pattern node: q_2.
[''][I] 	No match because: Op did not match. Node op was: Conv but pattern op was: QuantizeLinear.
[''][I] Start a subgraph matching...
[''][I] 	Checking node: node_relu against pattern node: Q.
[''][I] 	Checking node: node_relu against pattern node: q_2.
[''][I] 	No match because: Op did not match. Node op was: Relu but pattern op was: QuantizeLinear.
[''][I] Start a subgraph matching...
[''][I] 	Checking node: node_max_pool2d against pattern node: Q.
[''][I] 	Checking node: node_max_pool2d against pattern node: q_2.
[''][I] 	No match because: Op did not match. Node op was: MaxPool but pattern op was: QuantizeLinear.
[''][I] Start a subgraph matching...
[''][I] 	Checking node: node_conv2d_1 against pattern node: Q.
[''][I] 	Checking node: node_conv2d_1 against pattern node: q_2.
[''][I] 	No match because: Op did not match. Node op was: Conv but pattern op was: QuantizeLinear.
[''][I] Start a subgraph matching...
[''][I] 	Checking node: node_relu_1 against pattern node: Q.
[''][I] 	Checking node: node_relu_1 against pattern node: q_2.
[''][I] 	No match because: Op did not match. Node op was: Relu but pattern op was: QuantizeLinear.
[''][I] Start a subgraph matching...
[''][I] 	Checking node: node_max_pool2d_1 against pattern node: Q.
[''][I] 	Checking node: node_max_pool2d_1 against pattern node: q_2.
[''][I] 	No match because: Op did not match. Node op was: MaxPool but pattern op was: QuantizeLinear.
[''][I] Start a subgraph matching...
[''][I] 	Checking node: node_view against pattern node: Q.
[''][I] 	Checking node: node_view against pattern node: q_2.
[''][I] 	No match because: Op did not match. Node op was: Reshape but pattern op was: QuantizeLinear.
[''][I] Start a subgraph matching...
[''][I] 	Checking node: node_linear against pattern node: Q.
[''][I] 	Checking node: node_linear against pattern node: q_2.
[''][I] 	No match because: Op did not match. Node op was: Gemm but pattern op was: QuantizeLinear.
[''][I] Start a subgraph matching...
[''][I] 	Checking node: node_relu_2 against pattern node: Q.
[''][I] 	Checking node: node_relu_2 against pattern node: q_2.
[''][I] 	No match because: Op did not match. Node op was: Relu but pattern op was: QuantizeLinear.
[''][I] Start a subgraph matching...
[''][I] 	Checking node: node_linear_1 against pattern node: Q.
[''][I] 	Checking node: node_linear_1 against pattern node: q_2.
[''][I] 	No match because: Op did not match. Node op was: Gemm but pattern op was: QuantizeLinear.
[''][I] Start a subgraph matching...
[''][I] 	Checking node: node_softmax against pattern node: Q.
[''][I] 	Checking node: node_softmax against pattern node: q_2.
[''][I] 	No match because: Op did not match. Node op was: Softmax but pattern op was: QuantizeLinear.
[''][I] Start a subgraph matching...
[''][I] 	Checking node: node_argmax against pattern node: Q.
[''][I] 	Checking node: node_argmax against pattern node: q_2.
[''][I] 	No match because: Op did not match. Node op was: ArgMax but pattern op was: QuantizeLinear.
[''][I] Start a subgraph matching...
[''][I] 	Checking node: node_conv2d against pattern node: t.
[''][I] 	Checking node: node_conv2d against pattern node: transpose.
[''][I] 	No match because: Op did not match. Node op was: Conv but pattern op was: Transpose.
[''][I] Start a subgraph matching...
[''][I] 	Checking node: node_relu against pattern node: t.
[''][I] 	Checking node: node_relu against pattern node: transpose.
[''][I] 	No match because: Op did not match. Node op was: Relu but pattern op was: Transpose.
[''][I] Start a subgraph matching...
[''][I] 	Checking node: node_max_pool2d against pattern node: t.
[''][I] 	Checking node: node_max_pool2d against pattern node: transpose.
[''][I] 	No match because: Op did not match. Node op was: MaxPool but pattern op was: Transpose.
[''][I] Start a subgraph matching...
[''][I] 	Checking node: node_conv2d_1 against pattern node: t.
[''][I] 	Checking node: node_conv2d_1 against pattern node: transpose.
[''][I] 	No match because: Op did not match. Node op was: Conv but pattern op was: Transpose.
[''][I] Start a subgraph matching...
[''][I] 	Checking node: node_relu_1 against pattern node: t.
[''][I] 	Checking node: node_relu_1 against pattern node: transpose.
[''][I] 	No match because: Op did not match. Node op was: Relu but pattern op was: Transpose.
[''][I] Start a subgraph matching...
[''][I] 	Checking node: node_max_pool2d_1 against pattern node: t.
[''][I] 	Checking node: node_max_pool2d_1 against pattern node: transpose.
[''][I] 	No match because: Op did not match. Node op was: MaxPool but pattern op was: Transpose.
[''][I] Start a subgraph matching...
[''][I] 	Checking node: node_view against pattern node: t.
[''][I] 	Checking node: node_view against pattern node: transpose.
[''][I] 	No match because: Op did not match. Node op was: Reshape but pattern op was: Transpose.
[''][I] Start a subgraph matching...
[''][I] 	Checking node: node_linear against pattern node: t.
[''][I] 	Checking node: node_linear against pattern node: transpose.
[''][I] 	No match because: Op did not match. Node op was: Gemm but pattern op was: Transpose.
[''][I] Start a subgraph matching...
[''][I] 	Checking node: node_relu_2 against pattern node: t.
[''][I] 	Checking node: node_relu_2 against pattern node: transpose.
[''][I] 	No match because: Op did not match. Node op was: Relu but pattern op was: Transpose.
[''][I] Start a subgraph matching...
[''][I] 	Checking node: node_linear_1 against pattern node: t.
[''][I] 	Checking node: node_linear_1 against pattern node: transpose.
[''][I] 	No match because: Op did not match. Node op was: Gemm but pattern op was: Transpose.
[''][I] Start a subgraph matching...
[''][I] 	Checking node: node_softmax against pattern node: t.
[''][I] 	Checking node: node_softmax against pattern node: transpose.
[''][I] 	No match because: Op did not match. Node op was: Softmax but pattern op was: Transpose.
[''][I] Start a subgraph matching...
[''][I] 	Checking node: node_argmax against pattern node: t.
[''][I] 	Checking node: node_argmax against pattern node: transpose.
[''][I] 	No match because: Op did not match. Node op was: ArgMax but pattern op was: Transpose.
[''][I] Start a subgraph matching...
[''][I] 	Checking node: node_conv2d against pattern node: t.
[''][I] 	Checking node: node_conv2d against pattern node: transpose.
[''][I] 	No match because: Op did not match. Node op was: Conv but pattern op was: Transpose.
[''][I] Start a subgraph matching...
[''][I] 	Checking node: node_relu against pattern node: t.
[''][I] 	Checking node: node_relu against pattern node: transpose.
[''][I] 	No match because: Op did not match. Node op was: Relu but pattern op was: Transpose.
[''][I] Start a subgraph matching...
[''][I] 	Checking node: node_max_pool2d against pattern node: t.
[''][I] 	Checking node: node_max_pool2d against pattern node: transpose.
[''][I] 	No match because: Op did not match. Node op was: MaxPool but pattern op was: Transpose.
[''][I] Start a subgraph matching...
[''][I] 	Checking node: node_conv2d_1 against pattern node: t.
[''][I] 	Checking node: node_conv2d_1 against pattern node: transpose.
[''][I] 	No match because: Op did not match. Node op was: Conv but pattern op was: Transpose.
[''][I] Start a subgraph matching...
[''][I] 	Checking node: node_relu_1 against pattern node: t.
[''][I] 	Checking node: node_relu_1 against pattern node: transpose.
[''][I] 	No match because: Op did not match. Node op was: Relu but pattern op was: Transpose.
[''][I] Start a subgraph matching...
[''][I] 	Checking node: node_max_pool2d_1 against pattern node: t.
[''][I] 	Checking node: node_max_pool2d_1 against pattern node: transpose.
[''][I] 	No match because: Op did not match. Node op was: MaxPool but pattern op was: Transpose.
[''][I] Start a subgraph matching...
[''][I] 	Checking node: node_view against pattern node: t.
[''][I] 	Checking node: node_view against pattern node: transpose.
[''][I] 	No match because: Op did not match. Node op was: Reshape but pattern op was: Transpose.
[''][I] Start a subgraph matching...
[''][I] 	Checking node: node_linear against pattern node: t.
[''][I] 	Checking node: node_linear against pattern node: transpose.
[''][I] 	No match because: Op did not match. Node op was: Gemm but pattern op was: Transpose.
[''][I] Start a subgraph matching...
[''][I] 	Checking node: node_relu_2 against pattern node: t.
[''][I] 	Checking node: node_relu_2 against pattern node: transpose.
[''][I] 	No match because: Op did not match. Node op was: Relu but pattern op was: Transpose.
[''][I] Start a subgraph matching...
[''][I] 	Checking node: node_linear_1 against pattern node: t.
[''][I] 	Checking node: node_linear_1 against pattern node: transpose.
[''][I] 	No match because: Op did not match. Node op was: Gemm but pattern op was: Transpose.
[''][I] Start a subgraph matching...
[''][I] 	Checking node: node_softmax against pattern node: t.
[''][I] 	Checking node: node_softmax against pattern node: transpose.
[''][I] 	No match because: Op did not match. Node op was: Softmax but pattern op was: Transpose.
[''][I] Start a subgraph matching...
[''][I] 	Checking node: node_argmax against pattern node: t.
[''][I] 	Checking node: node_argmax against pattern node: transpose.
[''][I] 	No match because: Op did not match. Node op was: ArgMax but pattern op was: Transpose.
[''][I] Start a subgraph matching...
[''][I] 	Checking node: node_conv2d against pattern node: t.
[''][I] 	Checking node: node_conv2d against pattern node: transpose.
[''][I] 	No match because: Op did not match. Node op was: Conv but pattern op was: Transpose.
[''][I] Start a subgraph matching...
[''][I] 	Checking node: node_relu against pattern node: t.
[''][I] 	Checking node: node_relu against pattern node: transpose.
[''][I] 	No match because: Op did not match. Node op was: Relu but pattern op was: Transpose.
[''][I] Start a subgraph matching...
[''][I] 	Checking node: node_max_pool2d against pattern node: t.
[''][I] 	Checking node: node_max_pool2d against pattern node: transpose.
[''][I] 	No match because: Op did not match. Node op was: MaxPool but pattern op was: Transpose.
[''][I] Start a subgraph matching...
[''][I] 	Checking node: node_conv2d_1 against pattern node: t.
[''][I] 	Checking node: node_conv2d_1 against pattern node: transpose.
[''][I] 	No match because: Op did not match. Node op was: Conv but pattern op was: Transpose.
[''][I] Start a subgraph matching...
[''][I] 	Checking node: node_relu_1 against pattern node: t.
[''][I] 	Checking node: node_relu_1 against pattern node: transpose.
[''][I] 	No match because: Op did not match. Node op was: Relu but pattern op was: Transpose.
[''][I] Start a subgraph matching...
[''][I] 	Checking node: node_max_pool2d_1 against pattern node: t.
[''][I] 	Checking node: node_max_pool2d_1 against pattern node: transpose.
[''][I] 	No match because: Op did not match. Node op was: MaxPool but pattern op was: Transpose.
[''][I] Start a subgraph matching...
[''][I] 	Checking node: node_view against pattern node: t.
[''][I] 	Checking node: node_view against pattern node: transpose.
[''][I] 	No match because: Op did not match. Node op was: Reshape but pattern op was: Transpose.
[''][I] Start a subgraph matching...
[''][I] 	Checking node: node_linear against pattern node: t.
[''][I] 	Checking node: node_linear against pattern node: transpose.
[''][I] 	No match because: Op did not match. Node op was: Gemm but pattern op was: Transpose.
[''][I] Start a subgraph matching...
[''][I] 	Checking node: node_relu_2 against pattern node: t.
[''][I] 	Checking node: node_relu_2 against pattern node: transpose.
[''][I] 	No match because: Op did not match. Node op was: Relu but pattern op was: Transpose.
[''][I] Start a subgraph matching...
[''][I] 	Checking node: node_linear_1 against pattern node: t.
[''][I] 	Checking node: node_linear_1 against pattern node: transpose.
[''][I] 	No match because: Op did not match. Node op was: Gemm but pattern op was: Transpose.
[''][I] Start a subgraph matching...
[''][I] 	Checking node: node_softmax against pattern node: t.
[''][I] 	Checking node: node_softmax against pattern node: transpose.
[''][I] 	No match because: Op did not match. Node op was: Softmax but pattern op was: Transpose.
[''][I] Start a subgraph matching...
[''][I] 	Checking node: node_argmax against pattern node: t.
[''][I] 	Checking node: node_argmax against pattern node: transpose.
[''][I] 	No match because: Op did not match. Node op was: ArgMax but pattern op was: Transpose.
[''][I] Start a subgraph matching...
[''][I] 	Checking node: node_conv2d against pattern node: t.
[''][I] 	Checking node: node_conv2d against pattern node: transpose.
[''][I] 	No match because: Op did not match. Node op was: Conv but pattern op was: Transpose.
[''][I] Start a subgraph matching...
[''][I] 	Checking node: node_relu against pattern node: t.
[''][I] 	Checking node: node_relu against pattern node: transpose.
[''][I] 	No match because: Op did not match. Node op was: Relu but pattern op was: Transpose.
[''][I] Start a subgraph matching...
[''][I] 	Checking node: node_max_pool2d against pattern node: t.
[''][I] 	Checking node: node_max_pool2d against pattern node: transpose.
[''][I] 	No match because: Op did not match. Node op was: MaxPool but pattern op was: Transpose.
[''][I] Start a subgraph matching...
[''][I] 	Checking node: node_conv2d_1 against pattern node: t.
[''][I] 	Checking node: node_conv2d_1 against pattern node: transpose.
[''][I] 	No match because: Op did not match. Node op was: Conv but pattern op was: Transpose.
[''][I] Start a subgraph matching...
[''][I] 	Checking node: node_relu_1 against pattern node: t.
[''][I] 	Checking node: node_relu_1 against pattern node: transpose.
[''][I] 	No match because: Op did not match. Node op was: Relu but pattern op was: Transpose.
[''][I] Start a subgraph matching...
[''][I] 	Checking node: node_max_pool2d_1 against pattern node: t.
[''][I] 	Checking node: node_max_pool2d_1 against pattern node: transpose.
[''][I] 	No match because: Op did not match. Node op was: MaxPool but pattern op was: Transpose.
[''][I] Start a subgraph matching...
[''][I] 	Checking node: node_view against pattern node: t.
[''][I] 	Checking node: node_view against pattern node: transpose.
[''][I] 	No match because: Op did not match. Node op was: Reshape but pattern op was: Transpose.
[''][I] Start a subgraph matching...
[''][I] 	Checking node: node_linear against pattern node: t.
[''][I] 	Checking node: node_linear against pattern node: transpose.
[''][I] 	No match because: Op did not match. Node op was: Gemm but pattern op was: Transpose.
[''][I] Start a subgraph matching...
[''][I] 	Checking node: node_relu_2 against pattern node: t.
[''][I] 	Checking node: node_relu_2 against pattern node: transpose.
[''][I] 	No match because: Op did not match. Node op was: Relu but pattern op was: Transpose.
[''][I] Start a subgraph matching...
[''][I] 	Checking node: node_linear_1 against pattern node: t.
[''][I] 	Checking node: node_linear_1 against pattern node: transpose.
[''][I] 	No match because: Op did not match. Node op was: Gemm but pattern op was: Transpose.
[''][I] Start a subgraph matching...
[''][I] 	Checking node: node_softmax against pattern node: t.
[''][I] 	Checking node: node_softmax against pattern node: transpose.
[''][I] 	No match because: Op did not match. Node op was: Softmax but pattern op was: Transpose.
[''][I] Start a subgraph matching...
[''][I] 	Checking node: node_argmax against pattern node: t.
[''][I] 	Checking node: node_argmax against pattern node: transpose.
[''][I] 	No match because: Op did not match. Node op was: ArgMax but pattern op was: Transpose.
[''][I] Start a subgraph matching...
[''][I] 	Checking node: node_conv2d against pattern node: t.
[''][I] 	Checking node: node_conv2d against pattern node: transpose.
[''][I] 	No match because: Op did not match. Node op was: Conv but pattern op was: Transpose.
[''][I] Start a subgraph matching...
[''][I] 	Checking node: node_relu against pattern node: t.
[''][I] 	Checking node: node_relu against pattern node: transpose.
[''][I] 	No match because: Op did not match. Node op was: Relu but pattern op was: Transpose.
[''][I] Start a subgraph matching...
[''][I] 	Checking node: node_max_pool2d against pattern node: t.
[''][I] 	Checking node: node_max_pool2d against pattern node: transpose.
[''][I] 	No match because: Op did not match. Node op was: MaxPool but pattern op was: Transpose.
[''][I] Start a subgraph matching...
[''][I] 	Checking node: node_conv2d_1 against pattern node: t.
[''][I] 	Checking node: node_conv2d_1 against pattern node: transpose.
[''][I] 	No match because: Op did not match. Node op was: Conv but pattern op was: Transpose.
[''][I] Start a subgraph matching...
[''][I] 	Checking node: node_relu_1 against pattern node: t.
[''][I] 	Checking node: node_relu_1 against pattern node: transpose.
[''][I] 	No match because: Op did not match. Node op was: Relu but pattern op was: Transpose.
[''][I] Start a subgraph matching...
[''][I] 	Checking node: node_max_pool2d_1 against pattern node: t.
[''][I] 	Checking node: node_max_pool2d_1 against pattern node: transpose.
[''][I] 	No match because: Op did not match. Node op was: MaxPool but pattern op was: Transpose.
[''][I] Start a subgraph matching...
[''][I] 	Checking node: node_view against pattern node: t.
[''][I] 	Checking node: node_view against pattern node: transpose.
[''][I] 	No match because: Op did not match. Node op was: Reshape but pattern op was: Transpose.
[''][I] Start a subgraph matching...
[''][I] 	Checking node: node_linear against pattern node: t.
[''][I] 	Checking node: node_linear against pattern node: transpose.
[''][I] 	No match because: Op did not match. Node op was: Gemm but pattern op was: Transpose.
[''][I] Start a subgraph matching...
[''][I] 	Checking node: node_relu_2 against pattern node: t.
[''][I] 	Checking node: node_relu_2 against pattern node: transpose.
[''][I] 	No match because: Op did not match. Node op was: Relu but pattern op was: Transpose.
[''][I] Start a subgraph matching...
[''][I] 	Checking node: node_linear_1 against pattern node: t.
[''][I] 	Checking node: node_linear_1 against pattern node: transpose.
[''][I] 	No match because: Op did not match. Node op was: Gemm but pattern op was: Transpose.
[''][I] Start a subgraph matching...
[''][I] 	Checking node: node_softmax against pattern node: t.
[''][I] 	Checking node: node_softmax against pattern node: transpose.
[''][I] 	No match because: Op did not match. Node op was: Softmax but pattern op was: Transpose.
[''][I] Start a subgraph matching...
[''][I] 	Checking node: node_argmax against pattern node: t.
[''][I] 	Checking node: node_argmax against pattern node: transpose.
[''][I] 	No match because: Op did not match. Node op was: ArgMax but pattern op was: Transpose.
[''][I] Start a subgraph matching...
[''][I] 	Checking node: node_conv2d against pattern node: t.
[''][I] 	Checking node: node_conv2d against pattern node: transpose.
[''][I] 	No match because: Op did not match. Node op was: Conv but pattern op was: Transpose.
[''][I] Start a subgraph matching...
[''][I] 	Checking node: node_relu against pattern node: t.
[''][I] 	Checking node: node_relu against pattern node: transpose.
[''][I] 	No match because: Op did not match. Node op was: Relu but pattern op was: Transpose.
[''][I] Start a subgraph matching...
[''][I] 	Checking node: node_max_pool2d against pattern node: t.
[''][I] 	Checking node: node_max_pool2d against pattern node: transpose.
[''][I] 	No match because: Op did not match. Node op was: MaxPool but pattern op was: Transpose.
[''][I] Start a subgraph matching...
[''][I] 	Checking node: node_conv2d_1 against pattern node: t.
[''][I] 	Checking node: node_conv2d_1 against pattern node: transpose.
[''][I] 	No match because: Op did not match. Node op was: Conv but pattern op was: Transpose.
[''][I] Start a subgraph matching...
[''][I] 	Checking node: node_relu_1 against pattern node: t.
[''][I] 	Checking node: node_relu_1 against pattern node: transpose.
[''][I] 	No match because: Op did not match. Node op was: Relu but pattern op was: Transpose.
[''][I] Start a subgraph matching...
[''][I] 	Checking node: node_max_pool2d_1 against pattern node: t.
[''][I] 	Checking node: node_max_pool2d_1 against pattern node: transpose.
[''][I] 	No match because: Op did not match. Node op was: MaxPool but pattern op was: Transpose.
[''][I] Start a subgraph matching...
[''][I] 	Checking node: node_view against pattern node: t.
[''][I] 	Checking node: node_view against pattern node: transpose.
[''][I] 	No match because: Op did not match. Node op was: Reshape but pattern op was: Transpose.
[''][I] Start a subgraph matching...
[''][I] 	Checking node: node_linear against pattern node: t.
[''][I] 	Checking node: node_linear against pattern node: transpose.
[''][I] 	No match because: Op did not match. Node op was: Gemm but pattern op was: Transpose.
[''][I] Start a subgraph matching...
[''][I] 	Checking node: node_relu_2 against pattern node: t.
[''][I] 	Checking node: node_relu_2 against pattern node: transpose.
[''][I] 	No match because: Op did not match. Node op was: Relu but pattern op was: Transpose.
[''][I] Start a subgraph matching...
[''][I] 	Checking node: node_linear_1 against pattern node: t.
[''][I] 	Checking node: node_linear_1 against pattern node: transpose.
[''][I] 	No match because: Op did not match. Node op was: Gemm but pattern op was: Transpose.
[''][I] Start a subgraph matching...
[''][I] 	Checking node: node_softmax against pattern node: t.
[''][I] 	Checking node: node_softmax against pattern node: transpose.
[''][I] 	No match because: Op did not match. Node op was: Softmax but pattern op was: Transpose.
[''][I] Start a subgraph matching...
[''][I] 	Checking node: node_argmax against pattern node: t.
[''][I] 	Checking node: node_argmax against pattern node: transpose.
[''][I] 	No match because: Op did not match. Node op was: ArgMax but pattern op was: Transpose.
[''][I] Start a subgraph matching...
[''][I] 	Checking node: node_conv2d against pattern node: t.
[''][I] 	Checking node: node_conv2d against pattern node: transpose.
[''][I] 	No match because: Op did not match. Node op was: Conv but pattern op was: Transpose.
[''][I] Start a subgraph matching...
[''][I] 	Checking node: node_relu against pattern node: t.
[''][I] 	Checking node: node_relu against pattern node: transpose.
[''][I] 	No match because: Op did not match. Node op was: Relu but pattern op was: Transpose.
[''][I] Start a subgraph matching...
[''][I] 	Checking node: node_max_pool2d against pattern node: t.
[''][I] 	Checking node: node_max_pool2d against pattern node: transpose.
[''][I] 	No match because: Op did not match. Node op was: MaxPool but pattern op was: Transpose.
[''][I] Start a subgraph matching...
[''][I] 	Checking node: node_conv2d_1 against pattern node: t.
[''][I] 	Checking node: node_conv2d_1 against pattern node: transpose.
[''][I] 	No match because: Op did not match. Node op was: Conv but pattern op was: Transpose.
[''][I] Start a subgraph matching...
[''][I] 	Checking node: node_relu_1 against pattern node: t.
[''][I] 	Checking node: node_relu_1 against pattern node: transpose.
[''][I] 	No match because: Op did not match. Node op was: Relu but pattern op was: Transpose.
[''][I] Start a subgraph matching...
[''][I] 	Checking node: node_max_pool2d_1 against pattern node: t.
[''][I] 	Checking node: node_max_pool2d_1 against pattern node: transpose.
[''][I] 	No match because: Op did not match. Node op was: MaxPool but pattern op was: Transpose.
[''][I] Start a subgraph matching...
[''][I] 	Checking node: node_view against pattern node: t.
[''][I] 	Checking node: node_view against pattern node: transpose.
[''][I] 	No match because: Op did not match. Node op was: Reshape but pattern op was: Transpose.
[''][I] Start a subgraph matching...
[''][I] 	Checking node: node_linear against pattern node: t.
[''][I] 	Checking node: node_linear against pattern node: transpose.
[''][I] 	No match because: Op did not match. Node op was: Gemm but pattern op was: Transpose.
[''][I] Start a subgraph matching...
[''][I] 	Checking node: node_relu_2 against pattern node: t.
[''][I] 	Checking node: node_relu_2 against pattern node: transpose.
[''][I] 	No match because: Op did not match. Node op was: Relu but pattern op was: Transpose.
[''][I] Start a subgraph matching...
[''][I] 	Checking node: node_linear_1 against pattern node: t.
[''][I] 	Checking node: node_linear_1 against pattern node: transpose.
[''][I] 	No match because: Op did not match. Node op was: Gemm but pattern op was: Transpose.
[''][I] Start a subgraph matching...
[''][I] 	Checking node: node_softmax against pattern node: t.
[''][I] 	Checking node: node_softmax against pattern node: transpose.
[''][I] 	No match because: Op did not match. Node op was: Softmax but pattern op was: Transpose.
[''][I] Start a subgraph matching...
[''][I] 	Checking node: node_argmax against pattern node: t.
[''][I] 	Checking node: node_argmax against pattern node: transpose.
[''][I] 	No match because: Op did not match. Node op was: ArgMax but pattern op was: Transpose.
[''][I] Start a subgraph matching...
[''][I] 	Checking node: node_conv2d against pattern node: t.
[''][I] 	Checking node: node_conv2d against pattern node: transpose.
[''][I] 	No match because: Op did not match. Node op was: Conv but pattern op was: Transpose.
[''][I] Start a subgraph matching...
[''][I] 	Checking node: node_relu against pattern node: t.
[''][I] 	Checking node: node_relu against pattern node: transpose.
[''][I] 	No match because: Op did not match. Node op was: Relu but pattern op was: Transpose.
[''][I] Start a subgraph matching...
[''][I] 	Checking node: node_max_pool2d against pattern node: t.
[''][I] 	Checking node: node_max_pool2d against pattern node: transpose.
[''][I] 	No match because: Op did not match. Node op was: MaxPool but pattern op was: Transpose.
[''][I] Start a subgraph matching...
[''][I] 	Checking node: node_conv2d_1 against pattern node: t.
[''][I] 	Checking node: node_conv2d_1 against pattern node: transpose.
[''][I] 	No match because: Op did not match. Node op was: Conv but pattern op was: Transpose.
[''][I] Start a subgraph matching...
[''][I] 	Checking node: node_relu_1 against pattern node: t.
[''][I] 	Checking node: node_relu_1 against pattern node: transpose.
[''][I] 	No match because: Op did not match. Node op was: Relu but pattern op was: Transpose.
[''][I] Start a subgraph matching...
[''][I] 	Checking node: node_max_pool2d_1 against pattern node: t.
[''][I] 	Checking node: node_max_pool2d_1 against pattern node: transpose.
[''][I] 	No match because: Op did not match. Node op was: MaxPool but pattern op was: Transpose.
[''][I] Start a subgraph matching...
[''][I] 	Checking node: node_view against pattern node: t.
[''][I] 	Checking node: node_view against pattern node: transpose.
[''][I] 	No match because: Op did not match. Node op was: Reshape but pattern op was: Transpose.
[''][I] Start a subgraph matching...
[''][I] 	Checking node: node_linear against pattern node: t.
[''][I] 	Checking node: node_linear against pattern node: transpose.
[''][I] 	No match because: Op did not match. Node op was: Gemm but pattern op was: Transpose.
[''][I] Start a subgraph matching...
[''][I] 	Checking node: node_relu_2 against pattern node: t.
[''][I] 	Checking node: node_relu_2 against pattern node: transpose.
[''][I] 	No match because: Op did not match. Node op was: Relu but pattern op was: Transpose.
[''][I] Start a subgraph matching...
[''][I] 	Checking node: node_linear_1 against pattern node: t.
[''][I] 	Checking node: node_linear_1 against pattern node: transpose.
[''][I] 	No match because: Op did not match. Node op was: Gemm but pattern op was: Transpose.
[''][I] Start a subgraph matching...
[''][I] 	Checking node: node_softmax against pattern node: t.
[''][I] 	Checking node: node_softmax against pattern node: transpose.
[''][I] 	No match because: Op did not match. Node op was: Softmax but pattern op was: Transpose.
[''][I] Start a subgraph matching...
[''][I] 	Checking node: node_argmax against pattern node: t.
[''][I] 	Checking node: node_argmax against pattern node: transpose.
[''][I] 	No match because: Op did not match. Node op was: ArgMax but pattern op was: Transpose.
[''][I] Start a subgraph matching...
[''][I] 	Checking node: node_conv2d against pattern node: t.
[''][I] 	Checking node: node_conv2d against pattern node: transpose.
[''][I] 	No match because: Op did not match. Node op was: Conv but pattern op was: Transpose.
[''][I] Start a subgraph matching...
[''][I] 	Checking node: node_relu against pattern node: t.
[''][I] 	Checking node: node_relu against pattern node: transpose.
[''][I] 	No match because: Op did not match. Node op was: Relu but pattern op was: Transpose.
[''][I] Start a subgraph matching...
[''][I] 	Checking node: node_max_pool2d against pattern node: t.
[''][I] 	Checking node: node_max_pool2d against pattern node: transpose.
[''][I] 	No match because: Op did not match. Node op was: MaxPool but pattern op was: Transpose.
[''][I] Start a subgraph matching...
[''][I] 	Checking node: node_conv2d_1 against pattern node: t.
[''][I] 	Checking node: node_conv2d_1 against pattern node: transpose.
[''][I] 	No match because: Op did not match. Node op was: Conv but pattern op was: Transpose.
[''][I] Start a subgraph matching...
[''][I] 	Checking node: node_relu_1 against pattern node: t.
[''][I] 	Checking node: node_relu_1 against pattern node: transpose.
[''][I] 	No match because: Op did not match. Node op was: Relu but pattern op was: Transpose.
[''][I] Start a subgraph matching...
[''][I] 	Checking node: node_max_pool2d_1 against pattern node: t.
[''][I] 	Checking node: node_max_pool2d_1 against pattern node: transpose.
[''][I] 	No match because: Op did not match. Node op was: MaxPool but pattern op was: Transpose.
[''][I] Start a subgraph matching...
[''][I] 	Checking node: node_view against pattern node: t.
[''][I] 	Checking node: node_view against pattern node: transpose.
[''][I] 	No match because: Op did not match. Node op was: Reshape but pattern op was: Transpose.
[''][I] Start a subgraph matching...
[''][I] 	Checking node: node_linear against pattern node: t.
[''][I] 	Checking node: node_linear against pattern node: transpose.
[''][I] 	No match because: Op did not match. Node op was: Gemm but pattern op was: Transpose.
[''][I] Start a subgraph matching...
[''][I] 	Checking node: node_relu_2 against pattern node: t.
[''][I] 	Checking node: node_relu_2 against pattern node: transpose.
[''][I] 	No match because: Op did not match. Node op was: Relu but pattern op was: Transpose.
[''][I] Start a subgraph matching...
[''][I] 	Checking node: node_linear_1 against pattern node: t.
[''][I] 	Checking node: node_linear_1 against pattern node: transpose.
[''][I] 	No match because: Op did not match. Node op was: Gemm but pattern op was: Transpose.
[''][I] Start a subgraph matching...
[''][I] 	Checking node: node_softmax against pattern node: t.
[''][I] 	Checking node: node_softmax against pattern node: transpose.
[''][I] 	No match because: Op did not match. Node op was: Softmax but pattern op was: Transpose.
[''][I] Start a subgraph matching...
[''][I] 	Checking node: node_argmax against pattern node: t.
[''][I] 	Checking node: node_argmax against pattern node: transpose.
[''][I] 	No match because: Op did not match. Node op was: ArgMax but pattern op was: Transpose.
[''][I] Start a subgraph matching...
[''][I] 	Checking node: node_conv2d against pattern node: t.
[''][I] 	Checking node: node_conv2d against pattern node: transpose.
[''][I] 	No match because: Op did not match. Node op was: Conv but pattern op was: Transpose.
[''][I] Start a subgraph matching...
[''][I] 	Checking node: node_relu against pattern node: t.
[''][I] 	Checking node: node_relu against pattern node: transpose.
[''][I] 	No match because: Op did not match. Node op was: Relu but pattern op was: Transpose.
[''][I] Start a subgraph matching...
[''][I] 	Checking node: node_max_pool2d against pattern node: t.
[''][I] 	Checking node: node_max_pool2d against pattern node: transpose.
[''][I] 	No match because: Op did not match. Node op was: MaxPool but pattern op was: Transpose.
[''][I] Start a subgraph matching...
[''][I] 	Checking node: node_conv2d_1 against pattern node: t.
[''][I] 	Checking node: node_conv2d_1 against pattern node: transpose.
[''][I] 	No match because: Op did not match. Node op was: Conv but pattern op was: Transpose.
[''][I] Start a subgraph matching...
[''][I] 	Checking node: node_relu_1 against pattern node: t.
[''][I] 	Checking node: node_relu_1 against pattern node: transpose.
[''][I] 	No match because: Op did not match. Node op was: Relu but pattern op was: Transpose.
[''][I] Start a subgraph matching...
[''][I] 	Checking node: node_max_pool2d_1 against pattern node: t.
[''][I] 	Checking node: node_max_pool2d_1 against pattern node: transpose.
[''][I] 	No match because: Op did not match. Node op was: MaxPool but pattern op was: Transpose.
[''][I] Start a subgraph matching...
[''][I] 	Checking node: node_view against pattern node: t.
[''][I] 	Checking node: node_view against pattern node: transpose.
[''][I] 	No match because: Op did not match. Node op was: Reshape but pattern op was: Transpose.
[''][I] Start a subgraph matching...
[''][I] 	Checking node: node_linear against pattern node: t.
[''][I] 	Checking node: node_linear against pattern node: transpose.
[''][I] 	No match because: Op did not match. Node op was: Gemm but pattern op was: Transpose.
[''][I] Start a subgraph matching...
[''][I] 	Checking node: node_relu_2 against pattern node: t.
[''][I] 	Checking node: node_relu_2 against pattern node: transpose.
[''][I] 	No match because: Op did not match. Node op was: Relu but pattern op was: Transpose.
[''][I] Start a subgraph matching...
[''][I] 	Checking node: node_linear_1 against pattern node: t.
[''][I] 	Checking node: node_linear_1 against pattern node: transpose.
[''][I] 	No match because: Op did not match. Node op was: Gemm but pattern op was: Transpose.
[''][I] Start a subgraph matching...
[''][I] 	Checking node: node_softmax against pattern node: t.
[''][I] 	Checking node: node_softmax against pattern node: transpose.
[''][I] 	No match because: Op did not match. Node op was: Softmax but pattern op was: Transpose.
[''][I] Start a subgraph matching...
[''][I] 	Checking node: node_argmax against pattern node: t.
[''][I] 	Checking node: node_argmax against pattern node: transpose.
[''][I] 	No match because: Op did not match. Node op was: ArgMax but pattern op was: Transpose.
[''][I] Start a subgraph matching...
[''][I] 	Checking node: node_conv2d against pattern node: t.
[''][I] 	Checking node: node_conv2d against pattern node: transpose.
[''][I] 	No match because: Op did not match. Node op was: Conv but pattern op was: Transpose.
[''][I] Start a subgraph matching...
[''][I] 	Checking node: node_relu against pattern node: t.
[''][I] 	Checking node: node_relu against pattern node: transpose.
[''][I] 	No match because: Op did not match. Node op was: Relu but pattern op was: Transpose.
[''][I] Start a subgraph matching...
[''][I] 	Checking node: node_max_pool2d against pattern node: t.
[''][I] 	Checking node: node_max_pool2d against pattern node: transpose.
[''][I] 	No match because: Op did not match. Node op was: MaxPool but pattern op was: Transpose.
[''][I] Start a subgraph matching...
[''][I] 	Checking node: node_conv2d_1 against pattern node: t.
[''][I] 	Checking node: node_conv2d_1 against pattern node: transpose.
[''][I] 	No match because: Op did not match. Node op was: Conv but pattern op was: Transpose.
[''][I] Start a subgraph matching...
[''][I] 	Checking node: node_relu_1 against pattern node: t.
[''][I] 	Checking node: node_relu_1 against pattern node: transpose.
[''][I] 	No match because: Op did not match. Node op was: Relu but pattern op was: Transpose.
[''][I] Start a subgraph matching...
[''][I] 	Checking node: node_max_pool2d_1 against pattern node: t.
[''][I] 	Checking node: node_max_pool2d_1 against pattern node: transpose.
[''][I] 	No match because: Op did not match. Node op was: MaxPool but pattern op was: Transpose.
[''][I] Start a subgraph matching...
[''][I] 	Checking node: node_view against pattern node: t.
[''][I] 	Checking node: node_view against pattern node: transpose.
[''][I] 	No match because: Op did not match. Node op was: Reshape but pattern op was: Transpose.
[''][I] Start a subgraph matching...
[''][I] 	Checking node: node_linear against pattern node: t.
[''][I] 	Checking node: node_linear against pattern node: transpose.
[''][I] 	No match because: Op did not match. Node op was: Gemm but pattern op was: Transpose.
[''][I] Start a subgraph matching...
[''][I] 	Checking node: node_relu_2 against pattern node: t.
[''][I] 	Checking node: node_relu_2 against pattern node: transpose.
[''][I] 	No match because: Op did not match. Node op was: Relu but pattern op was: Transpose.
[''][I] Start a subgraph matching...
[''][I] 	Checking node: node_linear_1 against pattern node: t.
[''][I] 	Checking node: node_linear_1 against pattern node: transpose.
[''][I] 	No match because: Op did not match. Node op was: Gemm but pattern op was: Transpose.
[''][I] Start a subgraph matching...
[''][I] 	Checking node: node_softmax against pattern node: t.
[''][I] 	Checking node: node_softmax against pattern node: transpose.
[''][I] 	No match because: Op did not match. Node op was: Softmax but pattern op was: Transpose.
[''][I] Start a subgraph matching...
[''][I] 	Checking node: node_argmax against pattern node: t.
[''][I] 	Checking node: node_argmax against pattern node: transpose.
[''][I] 	No match because: Op did not match. Node op was: ArgMax but pattern op was: Transpose.
[I] Finished stripping 8 weights
[I] Saving ONNX model to: model-trained-WS.onnx
[I] New Model:
    Name: main_graph | ONNX Opset: 18

    ---- 1 Graph Input(s) ----
    {x [dtype=float32, shape=('nBS', 1, 28, 28)]}

    ---- 2 Graph Output(s) ----
    {y [dtype=float32, shape=('nBS', 10)],
     z [dtype=int64, shape=('nBS',)]}

    ---- 9 Initializer(s) ----

    ---- 12 Node(s) ----

[I] PASSED | Runtime: 0.214s | Command: /usr/local/bin/polygraphy surgeon weight-strip /work/trt-samples-for-hackathon-cn-wili/cookbook/00-Data/model/model-trained.onnx -o model-trained-WS.onnx
-rw-r--r-- 1 wili dip 13110445 Sep  8 09:03 /work/trt-samples-for-hackathon-cn-wili/cookbook/00-Data/model/model-trained.onnx
-rw-r--r-- 1 wili dip    12037 Sep  8 10:06 model-trained-WS.onnx
