[TensorRT-Cookbook] Version: 1.0.0
[09/08/2026-09:04:35] [TRT] [I] [MemUsageChange] Init CUDA: CPU +53, GPU +0, now: CPU 194, GPU 627 (MiB)
[09/08/2026-09:04:35] [TRT] [V] Trying to load shared library libnvinfer_builder_resource_sm100.so.11.0.0
[09/08/2026-09:04:35] [TRT] [V] Loaded shared library libnvinfer_builder_resource_sm100.so.11.0.0
[09/08/2026-09:04:35] [TRT] [V] CUDA lazy loading is enabled.
[09/08/2026-09:04:35] [TRT] [I] ----------------------------------------------------------------
[09/08/2026-09:04:35] [TRT] [I] Input filename:   /work/trt-samples-for-hackathon-cn-wili/cookbook/00-Data/model/model-trained.onnx
[09/08/2026-09:04:35] [TRT] [I] ONNX IR version:  0.0.10
[09/08/2026-09:04:35] [TRT] [I] Opset version:    18
[09/08/2026-09:04:35] [TRT] [I] Producer name:    pytorch
[09/08/2026-09:04:35] [TRT] [I] Producer version: 2.11.0a0+a6c236b9fd.nv26.03.46836102
[09/08/2026-09:04:35] [TRT] [I] Domain:
[09/08/2026-09:04:35] [TRT] [I] Model version:    0
[09/08/2026-09:04:35] [TRT] [I] Doc string:
[09/08/2026-09:04:35] [TRT] [I] ----------------------------------------------------------------
[09/08/2026-09:04:35] [TRT] [V] Adding network input: x with dtype: float32, dimensions: (-1, 1, 28, 28)
[09/08/2026-09:04:35] [TRT] [V] Registering tensor: x for ONNX tensor: x
[09/08/2026-09:04:35] [TRT] [V] Importing initializer: conv1.weight
[09/08/2026-09:04:35] [TRT] [V] Importing initializer: conv1.bias
[09/08/2026-09:04:35] [TRT] [V] Importing initializer: conv2.weight
[09/08/2026-09:04:35] [TRT] [V] Importing initializer: conv2.bias
[09/08/2026-09:04:35] [TRT] [V] Importing initializer: gemm1.weight
[09/08/2026-09:04:35] [TRT] [V] Importing initializer: gemm1.bias
[09/08/2026-09:04:35] [TRT] [V] Importing initializer: gemm2.weight
[09/08/2026-09:04:35] [TRT] [V] Importing initializer: gemm2.bias
[09/08/2026-09:04:35] [TRT] [V] Importing initializer: val_5
[09/08/2026-09:04:35] [TRT] [V] Static check for parsing node: node_conv2d [Conv]
[09/08/2026-09:04:35] [TRT] [V] Parsing node: node_conv2d [Conv]
[09/08/2026-09:04:35] [TRT] [V] Searching for input: x
[09/08/2026-09:04:35] [TRT] [V] Searching for input: conv1.weight
[09/08/2026-09:04:35] [TRT] [V] Searching for input: conv1.bias
[09/08/2026-09:04:35] [TRT] [V] node_conv2d [Conv] inputs: [x -> (-1, 1, 28, 28)[FLOAT]], [conv1.weight -> (32, 1, 5, 5)[FLOAT]], [conv1.bias -> (32)[FLOAT]],
[09/08/2026-09:04:35] [TRT] [V] Convolution input dimensions: (-1, 1, 28, 28)
[09/08/2026-09:04:35] [TRT] [V] Registering layer: node_conv2d for ONNX node: node_conv2d
[09/08/2026-09:04:35] [TRT] [V] Using kernel: (5, 5), strides: (1, 1), prepadding: (2, 2), postpadding: (2, 2), dilations: (1, 1), numOutputs: 32, nbGroups: 1
[09/08/2026-09:04:35] [TRT] [V] Convolution output dimensions: (-1, 32, 28, 28)
[09/08/2026-09:04:35] [TRT] [V] Registering tensor: conv2d for ONNX tensor: conv2d
[09/08/2026-09:04:35] [TRT] [V] node_conv2d [Conv] outputs: [conv2d -> (-1, 32, 28, 28)[FLOAT]],
[09/08/2026-09:04:35] [TRT] [V] Static check for parsing node: node_relu [Relu]
[09/08/2026-09:04:35] [TRT] [V] Parsing node: node_relu [Relu]
[09/08/2026-09:04:35] [TRT] [V] Searching for input: conv2d
[09/08/2026-09:04:35] [TRT] [V] node_relu [Relu] inputs: [conv2d -> (-1, 32, 28, 28)[FLOAT]],
[09/08/2026-09:04:35] [TRT] [V] Registering layer: node_relu for ONNX node: node_relu
[09/08/2026-09:04:35] [TRT] [V] Registering tensor: relu for ONNX tensor: relu
[09/08/2026-09:04:35] [TRT] [V] node_relu [Relu] outputs: [relu -> (-1, 32, 28, 28)[FLOAT]],
[09/08/2026-09:04:35] [TRT] [V] Static check for parsing node: node_max_pool2d [MaxPool]
[09/08/2026-09:04:35] [TRT] [V] Parsing node: node_max_pool2d [MaxPool]
[09/08/2026-09:04:35] [TRT] [V] Searching for input: relu
[09/08/2026-09:04:35] [TRT] [V] node_max_pool2d [MaxPool] inputs: [relu -> (-1, 32, 28, 28)[FLOAT]],
[09/08/2026-09:04:35] [TRT] [V] Registering layer: node_max_pool2d for ONNX node: node_max_pool2d
[09/08/2026-09:04:35] [TRT] [V] Registering tensor: max_pool2d for ONNX tensor: max_pool2d
[09/08/2026-09:04:35] [TRT] [V] node_max_pool2d [MaxPool] outputs: [max_pool2d -> (-1, 32, 14, 14)[FLOAT]],
[09/08/2026-09:04:35] [TRT] [V] Static check for parsing node: node_conv2d_1 [Conv]
[09/08/2026-09:04:35] [TRT] [V] Parsing node: node_conv2d_1 [Conv]
[09/08/2026-09:04:35] [TRT] [V] Searching for input: max_pool2d
[09/08/2026-09:04:35] [TRT] [V] Searching for input: conv2.weight
[09/08/2026-09:04:35] [TRT] [V] Searching for input: conv2.bias
[09/08/2026-09:04:35] [TRT] [V] node_conv2d_1 [Conv] inputs: [max_pool2d -> (-1, 32, 14, 14)[FLOAT]], [conv2.weight -> (64, 32, 5, 5)[FLOAT]], [conv2.bias -> (64)[FLOAT]],
[09/08/2026-09:04:35] [TRT] [V] Convolution input dimensions: (-1, 32, 14, 14)
[09/08/2026-09:04:35] [TRT] [V] Registering layer: node_conv2d_1 for ONNX node: node_conv2d_1
[09/08/2026-09:04:35] [TRT] [V] Using kernel: (5, 5), strides: (1, 1), prepadding: (2, 2), postpadding: (2, 2), dilations: (1, 1), numOutputs: 64, nbGroups: 1
[09/08/2026-09:04:35] [TRT] [V] Convolution output dimensions: (-1, 64, 14, 14)
[09/08/2026-09:04:35] [TRT] [V] Registering tensor: conv2d_1 for ONNX tensor: conv2d_1
[09/08/2026-09:04:35] [TRT] [V] node_conv2d_1 [Conv] outputs: [conv2d_1 -> (-1, 64, 14, 14)[FLOAT]],
[09/08/2026-09:04:35] [TRT] [V] Static check for parsing node: node_relu_1 [Relu]
[09/08/2026-09:04:35] [TRT] [V] Parsing node: node_relu_1 [Relu]
[09/08/2026-09:04:35] [TRT] [V] Searching for input: conv2d_1
[09/08/2026-09:04:35] [TRT] [V] node_relu_1 [Relu] inputs: [conv2d_1 -> (-1, 64, 14, 14)[FLOAT]],
[09/08/2026-09:04:35] [TRT] [V] Registering layer: node_relu_1 for ONNX node: node_relu_1
[09/08/2026-09:04:35] [TRT] [V] Registering tensor: relu_1 for ONNX tensor: relu_1
[09/08/2026-09:04:35] [TRT] [V] node_relu_1 [Relu] outputs: [relu_1 -> (-1, 64, 14, 14)[FLOAT]],
[09/08/2026-09:04:35] [TRT] [V] Static check for parsing node: node_max_pool2d_1 [MaxPool]
[09/08/2026-09:04:35] [TRT] [V] Parsing node: node_max_pool2d_1 [MaxPool]
[09/08/2026-09:04:35] [TRT] [V] Searching for input: relu_1
[09/08/2026-09:04:35] [TRT] [V] node_max_pool2d_1 [MaxPool] inputs: [relu_1 -> (-1, 64, 14, 14)[FLOAT]],
[09/08/2026-09:04:35] [TRT] [V] Registering layer: node_max_pool2d_1 for ONNX node: node_max_pool2d_1
[09/08/2026-09:04:35] [TRT] [V] Registering tensor: max_pool2d_1 for ONNX tensor: max_pool2d_1
[09/08/2026-09:04:35] [TRT] [V] node_max_pool2d_1 [MaxPool] outputs: [max_pool2d_1 -> (-1, 64, 7, 7)[FLOAT]],
[09/08/2026-09:04:35] [TRT] [V] Static check for parsing node: node_view [Reshape]
[09/08/2026-09:04:35] [TRT] [V] Parsing node: node_view [Reshape]
[09/08/2026-09:04:35] [TRT] [V] Searching for input: max_pool2d_1
[09/08/2026-09:04:35] [TRT] [V] Searching for input: val_5
[09/08/2026-09:04:35] [TRT] [V] node_view [Reshape] inputs: [max_pool2d_1 -> (-1, 64, 7, 7)[FLOAT]], [val_5 -> (2)[INT64]],
[09/08/2026-09:04:35] [TRT] [V] Registering layer: ONNXTRT_ShapeShuffle required by ONNX-TRT
[09/08/2026-09:04:35] [TRT] [V] Registering layer: node_view for ONNX node: node_view
[09/08/2026-09:04:35] [TRT] [V] Registering tensor: view for ONNX tensor: view
[09/08/2026-09:04:35] [TRT] [V] node_view [Reshape] outputs: [view -> (-1, 3136)[FLOAT]],
[09/08/2026-09:04:35] [TRT] [V] Static check for parsing node: node_linear [Gemm]
[09/08/2026-09:04:35] [TRT] [V] Parsing node: node_linear [Gemm]
[09/08/2026-09:04:35] [TRT] [V] Searching for input: view
[09/08/2026-09:04:35] [TRT] [V] Searching for input: gemm1.weight
[09/08/2026-09:04:35] [TRT] [V] Searching for input: gemm1.bias
[09/08/2026-09:04:35] [TRT] [V] node_linear [Gemm] inputs: [view -> (-1, 3136)[FLOAT]], [gemm1.weight -> (1024, 3136)[FLOAT]], [gemm1.bias -> (1024)[FLOAT]],
[09/08/2026-09:04:35] [TRT] [V] Registering layer: gemm1.weight required by ONNX-TRT
[09/08/2026-09:04:35] [TRT] [V] Using opA: 0 opB: 1
[09/08/2026-09:04:35] [TRT] [V] Registering layer: node_linear for ONNX node: node_linear
[09/08/2026-09:04:35] [TRT] [V] Registering layer: gemm1.bias required by ONNX-TRT
[09/08/2026-09:04:35] [TRT] [V] Registering layer: ONNXTRT_ShapeShuffle_0 required by ONNX-TRT
[09/08/2026-09:04:35] [TRT] [V] Registering layer: ONNXTRT_Broadcast required by ONNX-TRT
[09/08/2026-09:04:35] [TRT] [V] Registering layer: node_linear_1 for ONNX node: node_linear
[09/08/2026-09:04:35] [TRT] [V] Registering tensor: linear for ONNX tensor: linear
[09/08/2026-09:04:35] [TRT] [V] node_linear [Gemm] outputs: [linear -> (-1, 1024)[FLOAT]],
[09/08/2026-09:04:35] [TRT] [V] Static check for parsing node: node_relu_2 [Relu]
[09/08/2026-09:04:35] [TRT] [V] Parsing node: node_relu_2 [Relu]
[09/08/2026-09:04:35] [TRT] [V] Searching for input: linear
[09/08/2026-09:04:35] [TRT] [V] node_relu_2 [Relu] inputs: [linear -> (-1, 1024)[FLOAT]],
[09/08/2026-09:04:35] [TRT] [V] Registering layer: node_relu_2 for ONNX node: node_relu_2
[09/08/2026-09:04:35] [TRT] [V] Registering tensor: relu_2 for ONNX tensor: relu_2
[09/08/2026-09:04:35] [TRT] [V] node_relu_2 [Relu] outputs: [relu_2 -> (-1, 1024)[FLOAT]],
[09/08/2026-09:04:35] [TRT] [V] Static check for parsing node: node_linear_1 [Gemm]
[09/08/2026-09:04:35] [TRT] [V] Parsing node: node_linear_1 [Gemm]
[09/08/2026-09:04:35] [TRT] [V] Searching for input: relu_2
[09/08/2026-09:04:35] [TRT] [V] Searching for input: gemm2.weight
[09/08/2026-09:04:35] [TRT] [V] Searching for input: gemm2.bias
[09/08/2026-09:04:35] [TRT] [V] node_linear_1 [Gemm] inputs: [relu_2 -> (-1, 1024)[FLOAT]], [gemm2.weight -> (10, 1024)[FLOAT]], [gemm2.bias -> (10)[FLOAT]],
[09/08/2026-09:04:35] [TRT] [V] Registering layer: gemm2.weight required by ONNX-TRT
[09/08/2026-09:04:35] [TRT] [V] Using opA: 0 opB: 1
[09/08/2026-09:04:35] [TRT] [V] Registering layer: node_linear_1_2 for ONNX node: node_linear_1
[09/08/2026-09:04:35] [TRT] [V] Registering layer: gemm2.bias required by ONNX-TRT
[09/08/2026-09:04:35] [TRT] [V] Registering layer: ONNXTRT_ShapeShuffle_3 required by ONNX-TRT
[09/08/2026-09:04:35] [TRT] [V] Registering layer: ONNXTRT_Broadcast_4 required by ONNX-TRT
[09/08/2026-09:04:35] [TRT] [V] Registering layer: node_linear_1_5 for ONNX node: node_linear_1
[09/08/2026-09:04:35] [TRT] [V] Registering tensor: y_6 for ONNX tensor: y
[09/08/2026-09:04:35] [TRT] [V] node_linear_1 [Gemm] outputs: [y -> (-1, 10)[FLOAT]],
[09/08/2026-09:04:35] [TRT] [V] Static check for parsing node: node_softmax [Softmax]
[09/08/2026-09:04:35] [TRT] [V] Parsing node: node_softmax [Softmax]
[09/08/2026-09:04:35] [TRT] [V] Searching for input: y
[09/08/2026-09:04:35] [TRT] [V] node_softmax [Softmax] inputs: [y -> (-1, 10)[FLOAT]],
[09/08/2026-09:04:35] [TRT] [V] Registering layer: node_softmax for ONNX node: node_softmax
[09/08/2026-09:04:35] [TRT] [V] Registering layer: ONNXTRT_ShapeTensor required by ONNX-TRT
[09/08/2026-09:04:35] [TRT] [V] Registering layer: ONNXTRT_castHelper required by ONNX-TRT
[09/08/2026-09:04:35] [TRT] [V] Registering layer: ONNXTRT_ShapeShuffle_7 required by ONNX-TRT
[09/08/2026-09:04:35] [TRT] [V] Registering tensor: softmax for ONNX tensor: softmax
[09/08/2026-09:04:35] [TRT] [V] node_softmax [Softmax] outputs: [softmax -> (-1, 10)[FLOAT]],
[09/08/2026-09:04:35] [TRT] [V] Static check for parsing node: node_argmax [ArgMax]
[09/08/2026-09:04:35] [TRT] [V] Parsing node: node_argmax [ArgMax]
[09/08/2026-09:04:35] [TRT] [V] Searching for input: softmax
[09/08/2026-09:04:35] [TRT] [V] node_argmax [ArgMax] inputs: [softmax -> (-1, 10)[FLOAT]],
[09/08/2026-09:04:35] [TRT] [V] Registering layer: node_argmax for ONNX node: node_argmax
[09/08/2026-09:04:35] [TRT] [V] Registering layer: ONNXTRT_castHelper_8 required by ONNX-TRT
[09/08/2026-09:04:35] [TRT] [V] Original shape: (_, 1), squeezing to: (_,)
[09/08/2026-09:04:35] [TRT] [V] Registering layer: ONNXTRT_squeezeTensor required by ONNX-TRT
[09/08/2026-09:04:35] [TRT] [V] Registering layer: ONNXTRT_castHelper_9 required by ONNX-TRT
[09/08/2026-09:04:35] [TRT] [V] Registering tensor: z_10 for ONNX tensor: z
[09/08/2026-09:04:35] [TRT] [V] node_argmax [ArgMax] outputs: [z -> (-1)[INT64]],
[09/08/2026-09:04:35] [TRT] [V] Marking y_6 as output: y
[09/08/2026-09:04:35] [TRT] [V] Marking z_10 as output: z
[09/08/2026-09:04:35] [TRT] [W] ModelImporter.cpp:1047: Make sure output z has Int64 binding.
[09/08/2026-09:04:35] [TRT] [V] Compiler backend convergence mode enabled
[09/08/2026-09:04:35] [TRT] [I] [MemUsageChange] Init builder kernel library: CPU +321, GPU +8, now: CPU 725, GPU 635 (MiB)
[09/08/2026-09:04:35] [TRT] [V] Original: 24 layers
[09/08/2026-09:04:35] [TRT] [V] After dead-layer removal: 24 layers
[09/08/2026-09:04:35] [TRT] [V] SYMBOLIC CHECKS
[09/08/2026-09:04:35] [TRT] [V] GRAPH NODES
[09/08/2026-09:04:35] [TRT] [V] CONSTANT gemm1.weight
[09/08/2026-09:04:35] [TRT] [V]     Output 0
[09/08/2026-09:04:35] [TRT] [V]         1024	1024
[09/08/2026-09:04:35] [TRT] [V]         3136	3136
[09/08/2026-09:04:35] [TRT] [V] CONSTANT gemm1.bias
[09/08/2026-09:04:35] [TRT] [V]     Output 0
[09/08/2026-09:04:35] [TRT] [V]         1024	1024
[09/08/2026-09:04:35] [TRT] [V] CONSTANT gemm2.weight
[09/08/2026-09:04:35] [TRT] [V]     Output 0
[09/08/2026-09:04:35] [TRT] [V]         10	10
[09/08/2026-09:04:35] [TRT] [V]         1024	1024
[09/08/2026-09:04:35] [TRT] [V] CONSTANT gemm2.bias
[09/08/2026-09:04:35] [TRT] [V]     Output 0
[09/08/2026-09:04:35] [TRT] [V]         10	10
[09/08/2026-09:04:35] [TRT] [V] CONVOLUTION node_conv2d
[09/08/2026-09:04:35] [TRT] [V]     Input 0
[09/08/2026-09:04:35] [TRT] [V]         [1,4]	nBS
[09/08/2026-09:04:35] [TRT] [V]         1	1
[09/08/2026-09:04:35] [TRT] [V]         28	28
[09/08/2026-09:04:35] [TRT] [V]         28	28
[09/08/2026-09:04:35] [TRT] [V]     Output 0
[09/08/2026-09:04:35] [TRT] [V]         [1,4]	nBS
[09/08/2026-09:04:35] [TRT] [V]         32	32
[09/08/2026-09:04:35] [TRT] [V]         28	28
[09/08/2026-09:04:35] [TRT] [V]         28	28
[09/08/2026-09:04:35] [TRT] [V] SHUFFLE ONNXTRT_Broadcast
[09/08/2026-09:04:35] [TRT] [V]     Input 0
[09/08/2026-09:04:35] [TRT] [V]         1024	1024
[09/08/2026-09:04:35] [TRT] [V]     Output 0
[09/08/2026-09:04:35] [TRT] [V]         1	1
[09/08/2026-09:04:35] [TRT] [V]         1024	1024
[09/08/2026-09:04:35] [TRT] [V] SHUFFLE ONNXTRT_Broadcast_4
[09/08/2026-09:04:35] [TRT] [V]     Input 0
[09/08/2026-09:04:35] [TRT] [V]         10	10
[09/08/2026-09:04:35] [TRT] [V]     Output 0
[09/08/2026-09:04:35] [TRT] [V]         1	1
[09/08/2026-09:04:35] [TRT] [V]         10	10
[09/08/2026-09:04:35] [TRT] [V] ACTIVATION node_relu
[09/08/2026-09:04:35] [TRT] [V]     Input 0
[09/08/2026-09:04:35] [TRT] [V]         [1,4]	nBS
[09/08/2026-09:04:35] [TRT] [V]         32	32
[09/08/2026-09:04:35] [TRT] [V]         28	28
[09/08/2026-09:04:35] [TRT] [V]         28	28
[09/08/2026-09:04:35] [TRT] [V]     Output 0
[09/08/2026-09:04:35] [TRT] [V]         [1,4]	nBS
[09/08/2026-09:04:35] [TRT] [V]         32	32
[09/08/2026-09:04:35] [TRT] [V]         28	28
[09/08/2026-09:04:35] [TRT] [V]         28	28
[09/08/2026-09:04:35] [TRT] [V] POOLING node_max_pool2d
[09/08/2026-09:04:35] [TRT] [V]     Input 0
[09/08/2026-09:04:35] [TRT] [V]         [1,4]	nBS
[09/08/2026-09:04:35] [TRT] [V]         32	32
[09/08/2026-09:04:35] [TRT] [V]         28	28
[09/08/2026-09:04:35] [TRT] [V]         28	28
[09/08/2026-09:04:35] [TRT] [V]     Output 0
[09/08/2026-09:04:35] [TRT] [V]         [1,4]	nBS
[09/08/2026-09:04:35] [TRT] [V]         32	32
[09/08/2026-09:04:35] [TRT] [V]         14	14
[09/08/2026-09:04:35] [TRT] [V]         14	14
[09/08/2026-09:04:35] [TRT] [V] CONVOLUTION node_conv2d_1
[09/08/2026-09:04:35] [TRT] [V]     Input 0
[09/08/2026-09:04:35] [TRT] [V]         [1,4]	nBS
[09/08/2026-09:04:35] [TRT] [V]         32	32
[09/08/2026-09:04:35] [TRT] [V]         14	14
[09/08/2026-09:04:35] [TRT] [V]         14	14
[09/08/2026-09:04:35] [TRT] [V]     Output 0
[09/08/2026-09:04:35] [TRT] [V]         [1,4]	nBS
[09/08/2026-09:04:35] [TRT] [V]         64	64
[09/08/2026-09:04:35] [TRT] [V]         14	14
[09/08/2026-09:04:35] [TRT] [V]         14	14
[09/08/2026-09:04:35] [TRT] [V] ACTIVATION node_relu_1
[09/08/2026-09:04:35] [TRT] [V]     Input 0
[09/08/2026-09:04:35] [TRT] [V]         [1,4]	nBS
[09/08/2026-09:04:35] [TRT] [V]         64	64
[09/08/2026-09:04:35] [TRT] [V]         14	14
[09/08/2026-09:04:35] [TRT] [V]         14	14
[09/08/2026-09:04:35] [TRT] [V]     Output 0
[09/08/2026-09:04:35] [TRT] [V]         [1,4]	nBS
[09/08/2026-09:04:35] [TRT] [V]         64	64
[09/08/2026-09:04:35] [TRT] [V]         14	14
[09/08/2026-09:04:35] [TRT] [V]         14	14
[09/08/2026-09:04:35] [TRT] [V] POOLING node_max_pool2d_1
[09/08/2026-09:04:35] [TRT] [V]     Input 0
[09/08/2026-09:04:35] [TRT] [V]         [1,4]	nBS
[09/08/2026-09:04:35] [TRT] [V]         64	64
[09/08/2026-09:04:35] [TRT] [V]         14	14
[09/08/2026-09:04:35] [TRT] [V]         14	14
[09/08/2026-09:04:35] [TRT] [V]     Output 0
[09/08/2026-09:04:35] [TRT] [V]         [1,4]	nBS
[09/08/2026-09:04:35] [TRT] [V]         64	64
[09/08/2026-09:04:35] [TRT] [V]         7	7
[09/08/2026-09:04:35] [TRT] [V]         7	7
[09/08/2026-09:04:35] [TRT] [V] SHUFFLE node_view
[09/08/2026-09:04:35] [TRT] [V]     Input 0
[09/08/2026-09:04:35] [TRT] [V]         [1,4]	nBS
[09/08/2026-09:04:35] [TRT] [V]         64	64
[09/08/2026-09:04:35] [TRT] [V]         7	7
[09/08/2026-09:04:35] [TRT] [V]         7	7
[09/08/2026-09:04:35] [TRT] [V]     Output 0
[09/08/2026-09:04:35] [TRT] [V]         [1,4]	nBS
[09/08/2026-09:04:35] [TRT] [V]         3136	3136
[09/08/2026-09:04:35] [TRT] [V] MATRIX_MULTIPLY node_linear
[09/08/2026-09:04:35] [TRT] [V]     Input 0
[09/08/2026-09:04:35] [TRT] [V]         [1,4]	nBS
[09/08/2026-09:04:35] [TRT] [V]         3136	3136
[09/08/2026-09:04:35] [TRT] [V]     Input 1
[09/08/2026-09:04:35] [TRT] [V]         1024	1024
[09/08/2026-09:04:35] [TRT] [V]         3136	3136
[09/08/2026-09:04:35] [TRT] [V]     Output 0
[09/08/2026-09:04:35] [TRT] [V]         [1,4]	nBS
[09/08/2026-09:04:35] [TRT] [V]         1024	1024
[09/08/2026-09:04:35] [TRT] [V] ELEMENTWISE node_linear_1
[09/08/2026-09:04:35] [TRT] [V]     Input 0
[09/08/2026-09:04:35] [TRT] [V]         [1,4]	nBS
[09/08/2026-09:04:35] [TRT] [V]         1024	1024
[09/08/2026-09:04:35] [TRT] [V]     Input 1
[09/08/2026-09:04:35] [TRT] [V]         1	1
[09/08/2026-09:04:35] [TRT] [V]         1024	1024
[09/08/2026-09:04:35] [TRT] [V]     Output 0
[09/08/2026-09:04:35] [TRT] [V]         [1,4]	nBS
[09/08/2026-09:04:35] [TRT] [V]         1024	1024
[09/08/2026-09:04:35] [TRT] [V] ACTIVATION node_relu_2
[09/08/2026-09:04:35] [TRT] [V]     Input 0
[09/08/2026-09:04:35] [TRT] [V]         [1,4]	nBS
[09/08/2026-09:04:35] [TRT] [V]         1024	1024
[09/08/2026-09:04:35] [TRT] [V]     Output 0
[09/08/2026-09:04:35] [TRT] [V]         [1,4]	nBS
[09/08/2026-09:04:35] [TRT] [V]         1024	1024
[09/08/2026-09:04:35] [TRT] [V] MATRIX_MULTIPLY node_linear_1_2
[09/08/2026-09:04:35] [TRT] [V]     Input 0
[09/08/2026-09:04:35] [TRT] [V]         [1,4]	nBS
[09/08/2026-09:04:35] [TRT] [V]         1024	1024
[09/08/2026-09:04:35] [TRT] [V]     Input 1
[09/08/2026-09:04:35] [TRT] [V]         10	10
[09/08/2026-09:04:35] [TRT] [V]         1024	1024
[09/08/2026-09:04:35] [TRT] [V]     Output 0
[09/08/2026-09:04:35] [TRT] [V]         [1,4]	nBS
[09/08/2026-09:04:35] [TRT] [V]         10	10
[09/08/2026-09:04:35] [TRT] [V] ELEMENTWISE node_linear_1_5
[09/08/2026-09:04:35] [TRT] [V]     Input 0
[09/08/2026-09:04:35] [TRT] [V]         [1,4]	nBS
[09/08/2026-09:04:35] [TRT] [V]         10	10
[09/08/2026-09:04:35] [TRT] [V]     Input 1
[09/08/2026-09:04:35] [TRT] [V]         1	1
[09/08/2026-09:04:35] [TRT] [V]         10	10
[09/08/2026-09:04:35] [TRT] [V]     Output 0
[09/08/2026-09:04:35] [TRT] [V]         [1,4]	nBS
[09/08/2026-09:04:35] [TRT] [V]         10	10
[09/08/2026-09:04:35] [TRT] [V] SOFTMAX node_softmax
[09/08/2026-09:04:35] [TRT] [V]     Input 0
[09/08/2026-09:04:35] [TRT] [V]         [1,4]	nBS
[09/08/2026-09:04:35] [TRT] [V]         10	10
[09/08/2026-09:04:35] [TRT] [V]     Output 0
[09/08/2026-09:04:35] [TRT] [V]         [1,4]	nBS
[09/08/2026-09:04:35] [TRT] [V]         10	10
[09/08/2026-09:04:35] [TRT] [V] SHUFFLE ONNXTRT_ShapeShuffle_7
[09/08/2026-09:04:35] [TRT] [V]     Input 0
[09/08/2026-09:04:35] [TRT] [V]         [1,4]	nBS
[09/08/2026-09:04:35] [TRT] [V]         10	10
[09/08/2026-09:04:35] [TRT] [V]     Output 0
[09/08/2026-09:04:35] [TRT] [V]         [1,4]	nBS
[09/08/2026-09:04:35] [TRT] [V]         10	10
[09/08/2026-09:04:35] [TRT] [V] TOPK node_argmax
[09/08/2026-09:04:35] [TRT] [V]     Input 0
[09/08/2026-09:04:35] [TRT] [V]         [1,4]	nBS
[09/08/2026-09:04:35] [TRT] [V]         10	10
[09/08/2026-09:04:35] [TRT] [V]     Output 0
[09/08/2026-09:04:35] [TRT] [V]         [1,4]	nBS
[09/08/2026-09:04:35] [TRT] [V]         1	1
[09/08/2026-09:04:35] [TRT] [V]     Output 1
[09/08/2026-09:04:35] [TRT] [V]         [1,4]	nBS
[09/08/2026-09:04:35] [TRT] [V]         1	1
[09/08/2026-09:04:35] [TRT] [V] CAST ONNXTRT_castHelper_8
[09/08/2026-09:04:35] [TRT] [V]     Input 0
[09/08/2026-09:04:35] [TRT] [V]         [1,4]	nBS
[09/08/2026-09:04:35] [TRT] [V]         1	1
[09/08/2026-09:04:35] [TRT] [V]     Output 0
[09/08/2026-09:04:35] [TRT] [V]         [1,4]	nBS
[09/08/2026-09:04:35] [TRT] [V]         1	1
[09/08/2026-09:04:35] [TRT] [V] SHUFFLE ONNXTRT_squeezeTensor
[09/08/2026-09:04:35] [TRT] [V]     Input 0
[09/08/2026-09:04:35] [TRT] [V]         [1,4]	nBS
[09/08/2026-09:04:35] [TRT] [V]         1	1
[09/08/2026-09:04:35] [TRT] [V]     Output 0
[09/08/2026-09:04:35] [TRT] [V]         [1,4]	nBS
[09/08/2026-09:04:35] [TRT] [V] CAST ONNXTRT_castHelper_9
[09/08/2026-09:04:35] [TRT] [V]     Input 0
[09/08/2026-09:04:35] [TRT] [V]         [1,4]	nBS
[09/08/2026-09:04:35] [TRT] [V]     Output 0
[09/08/2026-09:04:35] [TRT] [V]         [1,4]	nBS
[09/08/2026-09:04:35] [TRT] [V] Graph construction completed in 0.000823468 seconds.
[09/08/2026-09:04:35] [TRT] [V] After adding DebugOutput nodes: 24 layers
[09/08/2026-09:04:35] [TRT] [V] Running: ConstShuffleFusion on gemm1.bias
[09/08/2026-09:04:35] [TRT] [V] ConstShuffleFusion: Fusing gemm1.bias with ONNXTRT_Broadcast
[09/08/2026-09:04:35] [TRT] [V] Running: ConstShuffleFusion on gemm2.bias
[09/08/2026-09:04:35] [TRT] [V] ConstShuffleFusion: Fusing gemm2.bias with ONNXTRT_Broadcast_4
[09/08/2026-09:04:35] [TRT] [V] Running: ShuffleErasure on ONNXTRT_ShapeShuffle_7
[09/08/2026-09:04:35] [TRT] [V] Removing ONNXTRT_ShapeShuffle_7
[09/08/2026-09:04:35] [TRT] [V] After Myelin optimization: 1 layers
[09/08/2026-09:04:35] [TRT] [V] Applying ScaleNodes fusions.
[09/08/2026-09:04:35] [TRT] [V] After scale fusion: 1 layers
[09/08/2026-09:04:35] [TRT] [V] After dupe layer removal: 1 layers
[09/08/2026-09:04:35] [TRT] [V] After final dead-layer removal: 1 layers
[09/08/2026-09:04:35] [TRT] [V] After tensor merging: 1 layers
[09/08/2026-09:04:35] [TRT] [V] After vertical fusions: 1 layers
[09/08/2026-09:04:35] [TRT] [V] After dupe layer removal: 1 layers
[09/08/2026-09:04:35] [TRT] [V] After final dead-layer removal: 1 layers
[09/08/2026-09:04:35] [TRT] [V] After tensor merging: 1 layers
[09/08/2026-09:04:35] [TRT] [V] After slice removal: 1 layers
[09/08/2026-09:04:35] [TRT] [V] After concat removal: 1 layers
[09/08/2026-09:04:35] [TRT] [V] Trying to split Reshape and strided tensor
[09/08/2026-09:04:35] [TRT] [V] Graph optimization time: 0.000500195 seconds.
[09/08/2026-09:04:35] [TRT] [V] Building graph using backend strategy 2
[09/08/2026-09:04:35] [TRT] [I] Local timing cache in use. Profiling results in this builder pass will not be stored.
[09/08/2026-09:04:35] [TRT] [V] Constructing optimization profile number 0 [1/2].
[09/08/2026-09:04:35] [TRT] [V] Applying generic optimizations to the graph for inference.
[09/08/2026-09:04:35] [TRT] [V] Reserving memory for host IO tensors. Host: 0 bytes
[09/08/2026-09:04:35] [TRT] [V] =============== Computing costs for {ForeignNode[node_conv2d...ONNXTRT_castHelper_9]}
[09/08/2026-09:04:35] [TRT] [V] ForeignNode {ForeignNode[node_conv2d...ONNXTRT_castHelper_9]} metadata: [ONNX Layer: node_conv2d][ONNX Layer: node_relu][ONNX Layer: node_max_pool2d][ONNX Layer: node_conv2d_1][ONNX Layer: node_relu_1][ONNX Layer: node_max_pool2d_1][ONNX Layer: node_view][ONNX Layer: node_linear][ONNX Layer: node_relu_2][ONNX Layer: node_linear_1][ONNX Layer: node_softmax][ONNX Layer: node_argmax]
[09/08/2026-09:04:35] [TRT] [V] *************** Autotuning format combination: Float(784,784,28,1) -> Float(10,1), Int64(1) ***************
[09/08/2026-09:04:35] [TRT] [V] --------------- Timing Runner: {ForeignNode[node_conv2d...ONNXTRT_castHelper_9]} (Myelin[0x80000023])
[09/08/2026-09:04:35] [TRT] [I] Compiler backend is used during engine build.
[09/08/2026-09:04:42] [TRT] [V]  (foreignNode) Set user's cuda kernel library
[09/08/2026-09:04:42] [TRT] [V]  (foreignNode) Using legacy CPU-only mode.
[09/08/2026-09:04:42] [TRT] [V]  (foreignNode) Autotuning op node_conv2d: [ONNX Layer: node_conv2d][ONNX Layer: node_relu]
[09/08/2026-09:04:42] [TRT] [V]  (foreignNode) Sorted table of all evaluated tactics:
[09/08/2026-09:04:42] [TRT] [V]  (foreignNode) tactic_id, cost(in ms), cost/fastest_cost, prediction_correlation, kernel_name, tactic_hash, tunable_parameter, conv_w2c_input_fold
[09/08/2026-09:04:42] [TRT] [V]  (foreignNode)   62, 0.0039968, 1.00000, 2.56532, sm80_xmma_fprop_implicit_gemm_indexed_wo_smem_f32f32_tf32f32_f32_nhwckrsc_nhwc_tilesize128x16x32_stage1_warpsize4x1x1_g1_tensor16x8x8_aligna4_alignc8, 0x447797f84b244, , 0
[09/08/2026-09:04:42] [TRT] [V]  (foreignNode)   63, 0.0041984, 1.05044, 2.45510, sm80_xmma_fprop_implicit_gemm_indexed_wo_smem_f32f32_tf32f32_f32_nhwckrsc_nhwc_tilesize128x16x32_stage1_warpsize4x1x1_g1_tensor16x8x8_aligna4_alignc4, 0x61203a5779dda, , 0
[09/08/2026-09:04:42] [TRT] [V]  (foreignNode)   77, 0.0048032, 1.20176, 2.24531, sm80_xmma_fprop_implicit_gemm_indexed_wo_smem_f32f32_tf32f32_f32_nhwckrsc_nhwc_tilesize128x16x32_stage1_warpsize4x1x1_g1_tensor16x8x8_aligna4, 0x68bbd65d1a060, , 0
[09/08/2026-09:04:42] [TRT] [V]  (foreignNode)   49, 0.0048096, 1.20336, 1.92080, sm80_xmma_fprop_implicit_gemm_indexed_wo_smem_f32f32_tf32f32_f32_nhwckrsc_nhwc_tilesize128x32x16_stage1_warpsize4x1x1_g1_tensor16x8x8_aligna4_alignc8, 0x40b656980a6a1, , 0
[09/08/2026-09:04:42] [TRT] [V]  (foreignNode)   16, 0.0048992, 1.22578, 1.27395, sm80_xmma_fprop_implicit_gemm_indexed_wo_smem_f32f32_tf32f32_f32_nhwckrsc_nhwc_tilesize128x16x64_stage1_warpsize4x1x1_g1_tensor16x8x8, 0x53e82ebe669a9, , 0
[09/08/2026-09:04:42] [TRT] [V]  (foreignNode)   66, 0.0050144, 1.25460, 2.10465, sm80_xmma_fprop_implicit_gemm_indexed_wo_smem_f32f32_tf32f32_f32_nhwckrsc_nhwc_tilesize128x32x16_stage1_warpsize4x1x1_g1_tensor16x8x8_aligna4, 0x32f0a2fe3851f, , 0
[09/08/2026-09:04:42] [TRT] [V]  (foreignNode)   19, 0.0050176, 1.25540, 1.32629, sm80_xmma_fprop_implicit_gemm_indexed_wo_smem_f32f32_tf32f32_f32_nhwckrsc_nhwc_tilesize128x16x64_stage1_warpsize4x1x1_g1_tensor16x8x8_alignc4, 0x5e9e9f3b6510b, , 0
[09/08/2026-09:04:42] [TRT] [V]  (foreignNode)   52, 0.0050272, 1.25781, 1.88683, sm80_xmma_fprop_implicit_gemm_indexed_wo_smem_f32f32_tf32f32_f32_nhwckrsc_nhwc_tilesize128x32x16_stage1_warpsize4x1x1_g1_tensor16x8x8_aligna4_alignc4, 0x4932958f86249, , 0
[09/08/2026-09:04:42] [TRT] [V]  (foreignNode)   76, 0.0052224, 1.30665, 2.05836, sm80_xmma_fprop_implicit_gemm_indexed_wo_smem_f32f32_tf32f32_f32_nhwckrsc_nhwc_tilesize128x16x64_stage1_warpsize4x1x1_g1_tensor16x8x8_aligna4_alignc8, 0x36b20acc48e3e, , 0
[09/08/2026-09:04:42] [TRT] [V]  (foreignNode)   92, 0.0054304, 1.35869, 2.24490, sm80_xmma_fprop_implicit_gemm_indexed_wo_smem_f32f32_tf32f32_f32_nhwckrsc_nhwc_tilesize128x32x64_stage1_warpsize4x1x1_g1_tensor16x8x8_aligna4_alignc8, 0x45e4a977c1240, , 0
[09/08/2026-09:04:42] [TRT] [V]  (foreignNode)   23, 0.0056320, 1.40913, 1.33670, sm80_xmma_fprop_implicit_gemm_indexed_wo_smem_f32f32_tf32f32_f32_nhwckrsc_nhwc_tilesize128x32x64_stage1_warpsize4x1x1_g1_tensor16x8x8, 0x2bde4e2ffd726, , 0
[09/08/2026-09:04:42] [TRT] [V]  (foreignNode)   34, 0.0058368, 1.46037, 1.39677, sm80_xmma_fprop_implicit_gemm_indexed_wo_smem_f32f32_tf32f32_f32_nhwckrsc_nhwc_tilesize128x32x64_stage1_warpsize4x1x1_g1_tensor16x8x8_alignc8, 0x52a765b97fd00, , 0
[09/08/2026-09:04:42] [TRT] [V]  (foreignNode)   36, 0.0059456, 1.48759, 1.38350, sm80_xmma_fprop_implicit_gemm_indexed_wo_smem_f32f32_tf32f32_f32_nhwckrsc_nhwc_tilesize128x16x64_stage1_warpsize4x1x1_g1_tensor16x8x8_alignc8, 0x2c42b19f834dd, , 0
[09/08/2026-09:04:42] [TRT] [V]  (foreignNode)   28, 0.0060352, 1.51001, 1.29498, sm80_xmma_fprop_implicit_gemm_indexed_wo_smem_f32f32_tf32f32_f32_nhwckrsc_nhwc_tilesize128x32x64_stage1_warpsize4x1x1_g1_tensor16x8x8_aligna8, 0x399cd25e740a2, , 0
[09/08/2026-09:04:42] [TRT] [V]  (foreignNode)   39, 0.0060416, 1.51161, 1.37203, sm80_xmma_fprop_implicit_gemm_indexed_wo_smem_f32f32_tf32f32_f32_nhwckrsc_nhwc_tilesize128x32x64_stage1_warpsize4x1x1_g1_tensor16x8x8_alignc4, 0x5ca966606ead6, , 0
[09/08/2026-09:04:42] [TRT] [V]  (foreignNode)   45, 0.0062464, 1.56285, 1.42609, sm80_xmma_fprop_implicit_gemm_indexed_wo_smem_f32f32_tf32f32_f32_nhwckrsc_nhwc_tilesize128x16x32_stage1_warpsize4x1x1_g1_tensor16x8x8_aligna8, 0x56d0b592d555c, , 0
[09/08/2026-09:04:42] [TRT] [V]  (foreignNode)   46, 0.0062464, 1.56285, 1.43058, sm80_xmma_fprop_implicit_gemm_indexed_wo_smem_f32f32_tf32f32_f32_nhwckrsc_nhwc_tilesize128x16x32_stage1_warpsize4x1x1_g1_tensor16x8x8_aligna8_alignc8, 0x51c3180075f77, , 0
[09/08/2026-09:04:42] [TRT] [V]  (foreignNode)   33, 0.0064512, 1.61409, 1.25683, sm80_xmma_fprop_implicit_gemm_indexed_wo_smem_f32f32_tf32f32_f32_nhwckrsc_nhwc_tilesize128x32x64_stage1_warpsize4x1x1_g1_tensor16x8x8_aligna8_alignc4, 0x36c92cea3ae7c, , 0
[09/08/2026-09:04:42] [TRT] [V]  (foreignNode)   41, 0.0064512, 1.61409, 1.29125, sm80_xmma_fprop_implicit_gemm_indexed_wo_smem_f32f32_tf32f32_f32_nhwckrsc_nhwc_tilesize128x16x32_stage1_warpsize4x1x1_g1_tensor16x8x8_alignc8, 0x39efcb854db0c, , 0
[09/08/2026-09:04:42] [TRT] [V]  (foreignNode)   42, 0.0064544, 1.61489, 1.29172, sm80_xmma_fprop_implicit_gemm_indexed_wo_smem_f32f32_tf32f32_f32_nhwckrsc_nhwc_tilesize128x16x32_stage1_warpsize4x1x1_g1_tensor16x8x8, 0x4e96e01ba9248, , 0
[09/08/2026-09:04:42] [TRT] [V]  (foreignNode)   43, 0.0066560, 1.66533, 1.26290, sm80_xmma_fprop_implicit_gemm_indexed_wo_smem_f32f32_tf32f32_f32_nhwckrsc_nhwc_tilesize128x16x32_stage1_warpsize4x1x1_g1_tensor16x8x8_alignc4, 0x39ccfb178f0a3, , 0
[09/08/2026-09:04:42] [TRT] [V]  (foreignNode)   47, 0.0066560, 1.66533, 1.34691, sm80_xmma_fprop_implicit_gemm_indexed_wo_smem_f32f32_tf32f32_f32_nhwckrsc_nhwc_tilesize128x16x64_stage1_warpsize4x1x1_g1_tensor16x8x8_aligna8, 0x43ad737d35171, , 0
[09/08/2026-09:04:42] [TRT] [V]  (foreignNode)   48, 0.0066560, 1.66533, 1.36060, sm80_xmma_fprop_implicit_gemm_indexed_wo_smem_f32f32_tf32f32_f32_nhwckrsc_nhwc_tilesize128x16x64_stage1_warpsize4x1x1_g1_tensor16x8x8_aligna8_alignc4, 0x4da24cec60f34, , 0
[09/08/2026-09:04:42] [TRT] [V]  (foreignNode)   13, 0.0072192, 1.80625, 0.78152, sm80_xmma_fprop_implicit_gemm_f32f32_f32f32_f32_nchwkcrs_nchw_tilesize32x32x8_stage3_warpsize1x2x1_g1_ffma_aligna4_alignc4, 0x431ac8662980a, , 0
[09/08/2026-09:04:42] [TRT] [V]  (foreignNode)   74, 0.0076736, 1.91994, 1.39379, sm80_xmma_fprop_implicit_gemm_indexed_wo_smem_f32f32_tf32f32_f32_nhwckrsc_nhwc_tilesize128x32x16_stage1_warpsize4x1x1_g1_tensor16x8x8_aligna8, 0x4b1795081a257, , 0
[09/08/2026-09:04:42] [TRT] [V]  (foreignNode)   81, 0.0076800, 1.92154, 1.43761, sm80_xmma_fprop_implicit_gemm_indexed_wo_smem_f32f32_tf32f32_f32_nhwckrsc_nhwc_tilesize128x32x16_stage1_warpsize4x1x1_g1_tensor16x8x8_alignc8, 0x320f2e828cc56, , 0
[09/08/2026-09:04:42] [TRT] [V]  (foreignNode)   84, 0.0076800, 1.92154, 1.44250, sm80_xmma_fprop_implicit_gemm_indexed_wo_smem_f32f32_tf32f32_f32_nhwckrsc_nhwc_tilesize128x32x16_stage1_warpsize4x1x1_g1_tensor16x8x8, 0x65ed69f9242d6, , 0
[09/08/2026-09:04:42] [TRT] [V]  (foreignNode)   44, 0.0076896, 1.92394, 1.13151, cutlass3x_sm100_tensorop_s128x128x8tf32implicit_gemm_fprop_f32_f32_f32_f32_f32_f32_128x128x32_dyn_cga_ndhwc_ndhwc_ndhwc_align4_2sm_relu_valpha_vbeta, 0x2ab2633c442a5, cga={2 8 2 1 2 1 1} , 1
[09/08/2026-09:04:42] [TRT] [V]  (foreignNode)   25, 0.0077792, 1.94636, 0.97832, cutlass3x_sm100_tensorop_s128x128x8tf32implicit_gemm_fprop_f32_f32_f32_f32_f32_f32_128x128x32_dyn_cga_ndhwc_ndhwc_ndhwc_align4_2sm_relu_valpha_vbeta, 0x39a08467981a4, cga={2 8 1 1 2 1 1} , 1
[09/08/2026-09:04:42] [TRT] [V]  (foreignNode)   87, 0.0078816, 1.97198, 1.42642, sm80_xmma_fprop_implicit_gemm_indexed_wo_smem_f32f32_tf32f32_f32_nhwckrsc_nhwc_tilesize128x32x16_stage1_warpsize4x1x1_g1_tensor16x8x8_alignc4, 0x2bf76ead0e8e7, , 0
[09/08/2026-09:04:42] [TRT] [V]  (foreignNode)   73, 0.0078880, 1.97358, 1.34437, sm80_xmma_fprop_implicit_gemm_indexed_wo_smem_f32f32_tf32f32_f32_nhwckrsc_nhwc_tilesize128x32x16_stage1_warpsize4x1x1_g1_tensor16x8x8_aligna8_alignc8, 0x5d3fc97fc5ece, , 0
[09/08/2026-09:04:42] [TRT] [V]  (foreignNode)   24, 0.0079872, 1.99840, 0.95212, cutlass3x_sm100_tensorop_s128x128x8tf32implicit_gemm_fprop_f32_f32_f32_f32_f32_f32_128x128x32_dyn_cga_ndhwc_ndhwc_ndhwc_align4_2sm_relu_valpha_vbeta, 0x512169c0e6ae4, cga={2 4 1 1 2 1 1} , 1
[09/08/2026-09:04:42] [TRT] [V]  (foreignNode)   86, 0.0079872, 1.99840, 1.40293, cutlass3x_sm100_tensorop_s128x256x8tf32implicit_gemm_fprop_f32_f32_f32_f32_f32_f32_128x256x32_dyn_cga_ndhwc_ndhwc_ndhwc_align4_2sm_relu_valpha_vbeta, 0x64c4c130b2b15, cga={2 4 1 1 2 1 1} , 1
[09/08/2026-09:04:42] [TRT] [V]  (foreignNode)    9, 0.0080864, 2.02322, 0.54073, sm80_xmma_fprop_implicit_gemm_indexed_f32f32_f32f32_f32_nhwckrsc_nhwc_tilesize32x32x8_stage3_warpsize1x2x1_g1_ffma_aligna4_alignc4, 0x46a1e74539894, , 0
[09/08/2026-09:04:42] [TRT] [V]  (foreignNode)   50, 0.0080896, 2.02402, 1.14948, cutlass3x_sm100_tensorop_s128x128x8tf32implicit_gemm_fprop_f32_f32_f32_f32_f32_f32_128x128x32_dyn_cga_ndhwc_ndhwc_ndhwc_align4_2sm_relu_valpha_vbeta, 0x524b8b813aebb, cga={2 4 2 1 2 1 1} , 1
[09/08/2026-09:04:42] [TRT] [V]  (foreignNode)   75, 0.0080928, 2.02482, 1.32447, sm80_xmma_fprop_implicit_gemm_indexed_wo_smem_f32f32_tf32f32_f32_nhwckrsc_nhwc_tilesize128x32x16_stage1_warpsize4x1x1_g1_tensor16x8x8_aligna8_alignc4, 0x34cb1bfa1a587, , 0
[09/08/2026-09:04:42] [TRT] [V]  (foreignNode)   85, 0.0080928, 2.02482, 1.38269, cutlass3x_sm100_tensorop_s128x256x8tf32implicit_gemm_fprop_f32_f32_f32_f32_f32_f32_128x256x32_dyn_cga_ndhwc_ndhwc_ndhwc_align4_2sm_relu_valpha_vbeta, 0x33a3368ba6b62, cga={2 8 1 1 2 1 1} , 1
[09/08/2026-09:04:42] [TRT] [V]  (foreignNode)   89, 0.0080992, 2.02642, 1.42263, cutlass3x_sm100_tensorop_s128x128x8tf32implicit_gemm_fprop_f32_f32_f32_f32_f32_f32_128x128x32_dyn_cga_ndhwc_ndhwc_ndhwc_align4_2sm_relu_valpha_vbeta, 0x30a9ae9ac00d1, cga={2 2 2 1 2 1 1} , 1
[09/08/2026-09:04:42] [TRT] [V]  (foreignNode)   30, 0.0081408, 2.03683, 0.97319, sm80_xmma_fprop_implicit_gemm_f32f32_f32f32_f32_nchwkcrs_nchw_tilesize128x16x8_stage3_warpsize4x1x1_g1_ffma_aligna4_alignc4, 0x4f761254ffcf1, , 0
[09/08/2026-09:04:42] [TRT] [V]  (foreignNode)   12, 0.0081456, 2.03803, 0.66748, sm80_xmma_fprop_implicit_gemm_indexed_f32f32_f32f32_f32_nchwkcrs_nchw_tilesize32x32x8_stage3_warpsize1x2x1_g1_ffma_aligna4_alignc4, 0x53072733c7601, , 0
[09/08/2026-09:04:42] [TRT] [V]  (foreignNode)   11, 0.0082944, 2.07526, 0.62823, sm80_xmma_fprop_implicit_gemm_f32f32_f32f32_f32_nhwckrsc_nhwc_tilesize32x32x8_stage3_warpsize1x2x1_g1_ffma_aligna4_alignc4, 0x6611607d187d4, , 0
[09/08/2026-09:04:42] [TRT] [V]  (foreignNode)   78, 0.0083936, 2.10008, 1.28568, cutlass3x_sm100_tensorop_s64x128x8tf32implicit_gemm_fprop_f32_f32_f32_f32_f32_f32_64x128x32_dyn_cga_ndhwc_ndhwc_ndhwc_align4_1sm_relu_valpha_vbeta, 0x335de326c46e4, cga={2 8 2 1 1 2 1} , 1
[09/08/2026-09:04:42] [TRT] [V]  (foreignNode)   54, 0.0084960, 2.12570, 1.14351, cutlass3x_sm100_tensorop_s64x128x8tf32implicit_gemm_fprop_f32_f32_f32_f32_f32_f32_64x128x32_dyn_cga_ndhwc_ndhwc_ndhwc_align4_1sm_relu_valpha_vbeta, 0x63fab4afced86, cga={2 4 1 1 2 1 1} , 1
[09/08/2026-09:04:42] [TRT] [V]  (foreignNode)   59, 0.0084960, 2.12570, 1.15118, cutlass3x_sm100_tensorop_s64x128x8tf32implicit_gemm_fprop_f32_f32_f32_f32_f32_f32_64x128x32_dyn_cga_ndhwc_ndhwc_ndhwc_align4_1sm_relu_valpha_vbeta, 0x3c8c7516f47f0, cga={2 4 2 1 2 1 1} , 1
[09/08/2026-09:04:42] [TRT] [V]  (foreignNode)   58, 0.0084992, 2.12650, 1.14946, cutlass3x_sm100_tensorop_s64x128x8tf32implicit_gemm_fprop_f32_f32_f32_f32_f32_f32_64x128x32_dyn_cga_ndhwc_ndhwc_ndhwc_align4_1sm_relu_valpha_vbeta, 0x3c85962b2abe5, cga={2 8 2 1 2 1 1} , 1
[09/08/2026-09:04:42] [TRT] [V]  (foreignNode)   79, 0.0084992, 2.12650, 1.27273, cutlass3x_sm100_tensorop_s64x128x8tf32implicit_gemm_fprop_f32_f32_f32_f32_f32_f32_64x128x32_dyn_cga_ndhwc_ndhwc_ndhwc_align4_1sm_relu_valpha_vbeta, 0x39eb43261733c, cga={2 4 2 1 1 2 1} , 1
[09/08/2026-09:04:42] [TRT] [V]  (foreignNode)   72, 0.0086016, 2.15212, 1.22807, cutlass3x_sm100_tensorop_s256x128x8tf32implicit_gemm_fprop_f32_f32_f32_f32_f32_f32_256x128x32_dyn_cga_ndhwc_ndhwc_ndhwc_align4_2sm_relu_valpha_vbeta, 0x43715d052237b, cga={2 8 2 1 2 1 1} , 1
[09/08/2026-09:04:42] [TRT] [V]  (foreignNode)   68, 0.0087008, 2.17694, 1.21314, cutlass3x_sm100_tensorop_s256x128x8tf32implicit_gemm_fprop_f32_f32_f32_f32_f32_f32_256x128x32_dyn_cga_ndhwc_ndhwc_ndhwc_align4_2sm_relu_valpha_vbeta, 0x2f8b9515c6bf4, cga={2 2 2 1 2 1 1} , 1
[09/08/2026-09:04:42] [TRT] [V]  (foreignNode)   88, 0.0087008, 2.17694, 1.32302, cutlass3x_sm100_tensorop_s256x128x8tf32implicit_gemm_fprop_f32_f32_f32_f32_f32_f32_256x128x32_dyn_cga_ndhwc_ndhwc_ndhwc_align4_2sm_relu_valpha_vbeta, 0x3da6f833cc165, cga={2 4 4 1 2 1 1} , 1
[09/08/2026-09:04:42] [TRT] [V]  (foreignNode)   99, 0.0087008, 2.17694, 1.54172, cutlass3x_sm100_tensorop_s256x128x8tf32implicit_gemm_fprop_f32_f32_f32_f32_f32_f32_256x128x32_dyn_cga_ndhwc_ndhwc_ndhwc_align4_2sm_relu_valpha_vbeta, 0x46b86d07bcad2, cga={2 2 4 1 2 1 1} , 1
[09/08/2026-09:04:42] [TRT] [V]  (foreignNode)   37, 0.0087040, 2.17774, 0.95221, cutlass3x_sm100_tensorop_s128x128x8tf32implicit_gemm_fprop_f32_f32_f32_f32_f32_f32_128x128x32_dyn_cga_ndhwc_ndhwc_ndhwc_align4_2sm_relu_valpha_vbeta, 0x4098bc9a582e5, cga={0 0 0 1 0 0 1} , 1
[09/08/2026-09:04:42] [TRT] [V]  (foreignNode)   14, 0.0087504, 2.18935, 0.68805, sm80_xmma_fprop_implicit_gemm_indexed_f32f32_f32f32_f32_nchwkcrs_nchw_tilesize64x64x8_stage3_warpsize1x4x1_g1_ffma_aligna4_alignc4, 0x50058707ad9d1, , 0
[09/08/2026-09:04:42] [TRT] [V]  (foreignNode)   55, 0.0088064, 2.20336, 1.10345, cutlass3x_sm100_tensorop_s64x128x8tf32implicit_gemm_fprop_f32_f32_f32_f32_f32_f32_64x128x32_dyn_cga_ndhwc_ndhwc_ndhwc_align4_1sm_relu_valpha_vbeta, 0x2e38345f24ce6, cga={2 2 1 1 2 1 1} , 1
[09/08/2026-09:04:42] [TRT] [V]  (foreignNode)   56, 0.0088064, 2.20336, 1.10387, cutlass3x_sm100_tensorop_s64x128x8tf32implicit_gemm_fprop_f32_f32_f32_f32_f32_f32_64x128x32_dyn_cga_ndhwc_ndhwc_ndhwc_align4_1sm_relu_valpha_vbeta, 0x42d6eee2af3c1, cga={2 8 1 1 2 1 1} , 1
[09/08/2026-09:04:42] [TRT] [V]  (foreignNode)   71, 0.0088096, 2.20416, 1.19826, cutlass3x_sm100_tensorop_s256x128x8tf32implicit_gemm_fprop_f32_f32_f32_f32_f32_f32_256x128x32_dyn_cga_ndhwc_ndhwc_ndhwc_align4_2sm_relu_valpha_vbeta, 0x463bd845d6f45, cga={2 4 2 1 2 1 1} , 1
[09/08/2026-09:04:42] [TRT] [V]  (foreignNode)   91, 0.0089056, 2.22818, 1.32804, cutlass3x_sm100_tensorop_s64x128x8tf32implicit_gemm_fprop_f32_f32_f32_f32_f32_f32_64x128x32_dyn_cga_ndhwc_ndhwc_ndhwc_align4_1sm_relu_valpha_vbeta, 0x43a99cc829f69, cga={2 2 2 1 2 1 1} , 1
[09/08/2026-09:04:42] [TRT] [V]  (foreignNode)   97, 0.0089056, 2.22818, 1.48834, cutlass3x_sm100_tensorop_s128x256x8tf32implicit_gemm_fprop_f32_f32_f32_f32_f32_f32_128x256x32_dyn_cga_ndhwc_ndhwc_ndhwc_align4_2sm_relu_valpha_vbeta, 0x2c44a9962d227, cga={0 0 0 1 0 0 1} , 1
[09/08/2026-09:04:42] [TRT] [V]  (foreignNode)   38, 0.0089088, 2.22898, 0.93032, cutlass3x_sm100_tensorop_s128x128x8tf32implicit_gemm_fprop_f32_f32_f32_f32_f32_f32_128x128x32_dyn_cga_ndhwc_ndhwc_ndhwc_align4_2sm_relu_valpha_vbeta, 0x2ddf60afb1c3a, cga={2 2 1 1 2 1 1} , 1
[09/08/2026-09:04:42] [TRT] [V]  (foreignNode)   93, 0.0089088, 2.22898, 1.40230, cutlass3x_sm100_tensorop_s64x128x8tf32implicit_gemm_fprop_f32_f32_f32_f32_f32_f32_64x128x32_dyn_cga_ndhwc_ndhwc_ndhwc_align4_1sm_relu_valpha_vbeta, 0x6131fea00d78e, cga={2 2 2 1 1 2 1} , 1
[09/08/2026-09:04:42] [TRT] [V]  (foreignNode)   98, 0.0089088, 2.22898, 1.48781, cutlass3x_sm100_tensorop_s128x256x8tf32implicit_gemm_fprop_f32_f32_f32_f32_f32_f32_128x256x32_dyn_cga_ndhwc_ndhwc_ndhwc_align4_2sm_relu_valpha_vbeta, 0x56704b87dfb92, cga={2 2 1 1 2 1 1} , 1
[09/08/2026-09:04:42] [TRT] [V]  (foreignNode)   53, 0.0090624, 2.26741, 1.06987, sm80_xmma_fprop_implicit_gemm_f32f32_f32f32_f32_nchwkcrs_nchw_tilesize64x64x8_stage3_warpsize1x4x1_g1_ffma_aligna4_alignc4, 0x52fd2cc1fc4ec, , 0
[09/08/2026-09:04:42] [TRT] [V]  (foreignNode)   67, 0.0091072, 2.27862, 1.15886, cutlass3x_sm100_tensorop_s256x128x8tf32implicit_gemm_fprop_f32_f32_f32_f32_f32_f32_256x128x32_dyn_cga_ndhwc_ndhwc_ndhwc_align4_2sm_relu_valpha_vbeta, 0x453d81e7227d5, cga={2 8 1 1 2 1 1} , 1
[09/08/2026-09:04:42] [TRT] [V]  (foreignNode)   65, 0.0096256, 2.40833, 1.09582, cutlass3x_sm100_tensorop_s256x128x8tf32implicit_gemm_fprop_f32_f32_f32_f32_f32_f32_256x128x32_dyn_cga_ndhwc_ndhwc_ndhwc_align4_2sm_relu_valpha_vbeta, 0x698792e76b689, cga={2 4 1 1 2 1 1} , 1
[09/08/2026-09:04:42] [TRT] [V]  (foreignNode)   82, 0.0097280, 2.43395, 1.13695, cutlass3x_sm100_tensorop_s64x128x8tf32implicit_gemm_fprop_f32_f32_f32_f32_f32_f32_64x128x32_dyn_cga_ndhwc_ndhwc_ndhwc_align4_1sm_relu_valpha_vbeta, 0x328b57f629ef8, cga={0 0 0 1 0 0 1} , 1
[09/08/2026-09:04:42] [TRT] [V]  (foreignNode)   83, 0.0097280, 2.43395, 1.13695, cutlass3x_sm100_tensorop_s64x128x8tf32implicit_gemm_fprop_f32_f32_f32_f32_f32_f32_64x128x32_dyn_cga_ndhwc_ndhwc_ndhwc_align4_1sm_relu_valpha_vbeta, 0x2dedc897174c8, cga={2 1 1 1 1 1 1} , 1
[09/08/2026-09:04:42] [TRT] [V]  (foreignNode)   27, 0.0103424, 2.58767, 0.74415, sm80_xmma_fprop_implicit_gemm_f32f32_f32f32_f32_nhwckrsc_nhwc_tilesize128x16x8_stage3_warpsize4x1x1_g1_ffma_aligna4_alignc4, 0x4ae5e6b95a5f8, , 0
[09/08/2026-09:04:42] [TRT] [V]  (foreignNode)   70, 0.0105376, 2.63651, 1.00170, cutlass3x_sm100_tensorop_s256x128x8tf32implicit_gemm_fprop_f32_f32_f32_f32_f32_f32_256x128x32_dyn_cga_ndhwc_ndhwc_ndhwc_align4_2sm_relu_valpha_vbeta, 0x535a8851f45af, cga={2 2 1 1 2 1 1} , 1
[09/08/2026-09:04:42] [TRT] [V]  (foreignNode)   69, 0.0105440, 2.63811, 1.00110, cutlass3x_sm100_tensorop_s256x128x8tf32implicit_gemm_fprop_f32_f32_f32_f32_f32_f32_256x128x32_dyn_cga_ndhwc_ndhwc_ndhwc_align4_2sm_relu_valpha_vbeta, 0x6897023cbda56, cga={0 0 0 1 0 0 1} , 1
[09/08/2026-09:04:42] [TRT] [V]  (foreignNode)   29, 0.0105936, 2.65052, 0.73951, sm80_xmma_fprop_implicit_gemm_indexed_f32f32_f32f32_f32_nchwkcrs_nchw_tilesize128x16x8_stage3_warpsize4x1x1_g1_ffma_aligna4_alignc4, 0x381f105003178, , 0
[09/08/2026-09:04:42] [TRT] [V]  (foreignNode)   31, 0.0112176, 2.80665, 0.71585, sm80_xmma_fprop_implicit_gemm_indexed_f32f32_f32f32_f32_nchwkcrs_nchw_tilesize128x32x8_stage3_warpsize2x2x1_g1_ffma_aligna4_alignc4, 0x38b375fe898eb, , 0
[09/08/2026-09:04:42] [TRT] [V]  (foreignNode)   60, 0.0113632, 2.84307, 0.87308, sm80_xmma_fprop_implicit_gemm_f32f32_f32f32_f32_nhwckrsc_nhwc_tilesize64x64x8_stage3_warpsize1x4x1_g1_ffma_aligna4_alignc4, 0x531c3b8549188, , 0
[09/08/2026-09:04:42] [TRT] [V]  (foreignNode)   94, 0.0114624, 2.86789, 1.09743, cutlass3x_sm100_tensorop_s128x128x8tf32implicit_gemm_fprop_f32_f32_f32_f32_f32_f32_128x128x32_dyn_cga_ndhwc_ndhwc_ndhwc_align4_1sm_relu_valpha_vbeta, 0x4c8f00b51b7ca, cga={0 0 0 1 0 0 1} , 1
[09/08/2026-09:04:42] [TRT] [V]  (foreignNode)   95, 0.0115712, 2.89512, 1.08712, cutlass3x_sm100_tensorop_s128x128x8tf32implicit_gemm_fprop_f32_f32_f32_f32_f32_f32_128x128x32_dyn_cga_ndhwc_ndhwc_ndhwc_align4_1sm_relu_valpha_vbeta, 0x5c331297e0160, cga={2 1 1 1 1 1 1} , 1
[09/08/2026-09:04:42] [TRT] [V]  (foreignNode)   10, 0.0127968, 3.20176, 0.38206, sm80_xmma_fprop_implicit_gemm_indexed_f32f32_f32f32_f32_nhwckrsc_nhwc_tilesize128x16x8_stage3_warpsize4x1x1_g1_ffma_aligna4_alignc4, 0x5c10a53c8e4ee, , 0
[09/08/2026-09:04:42] [TRT] [V]  (foreignNode)   15, 0.0128032, 3.20336, 0.48012, sm80_xmma_fprop_implicit_gemm_indexed_f32f32_f32f32_f32_nhwckrsc_nhwc_tilesize64x64x8_stage3_warpsize1x4x1_g1_ffma_aligna4_alignc4, 0x45757ccc39352, , 0
[09/08/2026-09:04:42] [TRT] [V]  (foreignNode)   22, 0.0133632, 3.34347, 0.55204, sm80_xmma_fprop_implicit_gemm_indexed_f32f32_f32f32_f32_nchwkcrs_nchw_tilesize128x64x8_stage2_warpsize1x4x1_g1_ffma_aligna4_alignc4_beta0_packed_stride, 0x491c74b83d98c, , 0
[09/08/2026-09:04:42] [TRT] [V]  (foreignNode)    2, 0.0134592, 3.36749, 0.02615, sm80_xmma_fprop_implicit_gemm_f32f32_tf32f32_f32_nhwckrsc_nhwc_tilesize64x32x64_stage5_warpsize2x2x1_g1_tensor16x8x8_t1r5s5, 0x6671027229437, , 0
[09/08/2026-09:04:42] [TRT] [V]  (foreignNode)   32, 0.0136656, 3.41914, 0.58972, sm80_xmma_fprop_implicit_gemm_indexed_f32f32_f32f32_f32_nchwkcrs_nchw_tilesize128x64x8_stage2_warpsize2x2x1_g1_ffma_aligna4_alignc4_beta0_packed_stride, 0x6105a76debc1c, , 0
[09/08/2026-09:04:42] [TRT] [V]  (foreignNode)    1, 0.0139232, 3.48359, 0.01236, sm80_xmma_fprop_implicit_gemm_f32f32_tf32f32_f32_nhwckrsc_nhwc_tilesize64x128x32_stage5_warpsize2x2x1_g1_tensor16x8x8_t1r5s5, 0x50bf9238876a8, , 0
[09/08/2026-09:04:42] [TRT] [V]  (foreignNode)    8, 0.0140288, 3.51001, 0.29813, sm80_xmma_fprop_implicit_gemm_f32f32_tf32f32_f32_nhwckrsc_nhwc_tilesize128x128x16_stage4_warpsize2x2x1_g1_tensor16x8x8_t1r5s5, 0x4a22061aa1bca, , 0
[09/08/2026-09:04:42] [TRT] [V]  (foreignNode)   21, 0.0142304, 3.56045, 0.49423, sm80_xmma_fprop_implicit_gemm_indexed_f32f32_f32f32_f32_nhwckrsc_nhwc_tilesize128x32x8_stage3_warpsize2x2x1_g1_ffma_aligna4_alignc4, 0x593cc3676fa2f, , 0
[09/08/2026-09:04:42] [TRT] [V]  (foreignNode)   40, 0.0145920, 3.65092, 0.57075, sm80_xmma_fprop_implicit_gemm_indexed_f32f32_f32f32_f32_nchwkcrs_nchw_tilesize128x64x8_stage2_warpsize4x1x1_g1_ffma_aligna4_alignc4_beta0_packed_stride, 0x2ed49b83a1ace, , 0
[09/08/2026-09:04:42] [TRT] [V]  (foreignNode)   20, 0.0146400, 3.66293, 0.47324, sm80_xmma_fprop_implicit_gemm_indexed_f32f32_tf32f32_f32_nhwckrsc_nhwc_tilesize64x128x32_stage5_warpsize2x2x1_g1_tensor16x8x8, 0x63349d53d88ef, , 0
[09/08/2026-09:04:42] [TRT] [V]  (foreignNode)    3, 0.0150496, 3.76541, 0.02492, sm80_xmma_fprop_implicit_gemm_f32f32_tf32f32_f32_nhwckrsc_nhwc_tilesize128x64x32_stage5_warpsize2x2x1_g1_tensor16x8x8_t1r5s5, 0x2d7ff302789c4, , 0
[09/08/2026-09:04:42] [TRT] [V]  (foreignNode)   51, 0.0154592, 3.86789, 0.61263, sm80_xmma_fprop_implicit_gemm_indexed_f32f32_tf32f32_f32_nhwckrsc_nhwc_tilesize128x128x16_stage4_warpsize2x2x1_g1_tensor16x8x8, 0x569a5b44f4eab, , 0
[09/08/2026-09:04:42] [TRT] [V]  (foreignNode)   18, 0.0154624, 3.86870, 0.42434, sm80_xmma_fprop_implicit_gemm_indexed_f32f32_tf32f32_f32_nhwckrsc_nhwc_tilesize64x32x64_stage5_warpsize2x2x1_g1_tensor16x8x8, 0x5af5049c6d4f9, , 0
[09/08/2026-09:04:42] [TRT] [V]  (foreignNode)   26, 0.0168960, 4.22738, 0.45347, sm80_xmma_fprop_implicit_gemm_indexed_f32f32_tf32f32_f32_nhwckrsc_nhwc_tilesize128x64x32_stage5_warpsize2x2x1_g1_tensor16x8x8, 0x63102d914fbd2, , 0
[09/08/2026-09:04:42] [TRT] [V]  (foreignNode)    4, 0.0175616, 4.39392, 0.02416, sm80_xmma_fprop_implicit_gemm_f32f32_tf32f32_f32_nhwckrsc_nhwc_tilesize64x64x64_stage4_warpsize2x2x1_g1_tensor16x8x8_t1r5s5, 0x4163a3df68b16, , 0
[09/08/2026-09:04:42] [TRT] [V]  (foreignNode)   17, 0.0181248, 4.53483, 0.34922, sm80_xmma_fprop_implicit_gemm_indexed_f32f32_tf32f32_f32_nhwckrsc_nhwc_tilesize64x64x64_stage4_warpsize2x2x1_g1_tensor16x8x8, 0x2ced820775fe7, , 0
[09/08/2026-09:04:42] [TRT] [V]  (foreignNode)    5, 0.0244768, 6.12410, 0.01932, sm80_xmma_fprop_implicit_gemm_f32f32_tf32f32_f32_nhwckrsc_nhwc_tilesize128x128x32_stage4_warpsize2x2x1_g1_tensor16x8x8_t1r5s5, 0x3c2813949d00d, , 0
[09/08/2026-09:04:42] [TRT] [V]  (foreignNode)    7, 0.0247680, 6.19696, 0.10142, sm80_xmma_fprop_implicit_gemm_f32f32_tf32f32_f32_nhwckrsc_nhwc_tilesize256x64x32_stage3_warpsize4x2x1_g1_tensor16x8x8_t1r5s5, 0x5fe33cf2915df, , 0
[09/08/2026-09:04:42] [TRT] [V]  (foreignNode)   57, 0.0263168, 6.58447, 0.36988, sm80_xmma_fprop_implicit_gemm_indexed_f32f32_tf32f32_f32_nhwckrsc_nhwc_tilesize128x128x32_stage4_warpsize2x2x1_g1_tensor16x8x8, 0x571ad7d8034d3, , 0
[09/08/2026-09:04:42] [TRT] [V]  (foreignNode)   64, 0.0273312, 6.83827, 0.37968, sm80_xmma_fprop_implicit_gemm_indexed_f32f32_tf32f32_f32_nhwckrsc_nhwc_tilesize256x64x32_stage3_warpsize4x2x1_g1_tensor16x8x8, 0x58cfb7217d527, , 0
[09/08/2026-09:04:42] [TRT] [V]  (foreignNode)    6, 0.0275424, 6.89111, 0.02501, sm80_xmma_fprop_implicit_gemm_f32f32_tf32f32_f32_nhwckrsc_nhwc_tilesize128x64x64_stage3_warpsize2x2x1_g1_tensor16x8x8_t1r5s5, 0x4185075da43a9, , 0
[09/08/2026-09:04:42] [TRT] [V]  (foreignNode)   35, 0.0283616, 7.09608, 0.28981, sm80_xmma_fprop_implicit_gemm_indexed_f32f32_tf32f32_f32_nhwckrsc_nhwc_tilesize128x64x64_stage3_warpsize2x2x1_g1_tensor16x8x8, 0x65a391c4bf119, , 0
[09/08/2026-09:04:42] [TRT] [V]  (foreignNode)   80, 0.0361472, 9.04404, 0.29979, sm80_xmma_fprop_implicit_gemm_f32f32_tf32f32_f32_nhwckrsc_nhwc_tilesize128x256x32_stage3_warpsize2x4x1_g1_tensor16x8x8_t1r5s5, 0x65e9d61c48eda, , 0
[09/08/2026-09:04:42] [TRT] [V]  (foreignNode)   61, 0.0365568, 9.14652, 0.27543, sm80_xmma_fprop_implicit_gemm_f32f32_tf32f32_f32_nhwckrsc_nhwc_tilesize256x128x32_stage3_warpsize4x2x1_g1_tensor16x8x8_t1r5s5, 0x610c895e8b973, , 0
[09/08/2026-09:04:42] [TRT] [V]  (foreignNode)   90, 0.0375808, 9.40272, 0.31407, sm80_xmma_fprop_implicit_gemm_indexed_f32f32_tf32f32_f32_nhwckrsc_nhwc_tilesize128x256x32_stage3_warpsize2x4x1_g1_tensor16x8x8, 0x531a58fc22ee1, , 0
[09/08/2026-09:04:42] [TRT] [V]  (foreignNode)   96, 0.0400352, 10.01681, 0.31719, sm80_xmma_fprop_implicit_gemm_indexed_f32f32_tf32f32_f32_nhwckrsc_nhwc_tilesize256x128x32_stage3_warpsize4x2x1_g1_tensor16x8x8, 0x5389bdefe16fd, , 0
[09/08/2026-09:04:42] [TRT] [V]  (foreignNode)    0, 0.1412128, 35.33147, 0.00009, sm80_xmma_fprop_implicit_gemm_f32f32_f32f32_f32_nhwckrsc_nhwc_tilesize64x32x32_stage3_warpsize1x1x1_g1_ffma_t1r5s5_aligna4_alignc4, 0x5efcc2f47736d, , 0
[09/08/2026-09:04:42] [TRT] [V]  (foreignNode) Autotuning op node_max_pool2d: [ONNX Layer: node_max_pool2d]
[09/08/2026-09:04:42] [TRT] [V]  (foreignNode) Sorted table of all evaluated tactics:
[09/08/2026-09:04:42] [TRT] [V]  (foreignNode) tactic_id, cost(in ms), cost/fastest_cost, prediction_correlation, kernel_name, tactic_hash, tunable_parameter
[09/08/2026-09:04:42] [TRT] [V]  (foreignNode)   20, 0.0030720, 1.00000, 0.00000, sm50_xmma_pooling_max_nhwc_FP32FP32_WINDOWSIZE_0_PROPAGATE_NAN_3D, 0x63d934f4d43ce,
[09/08/2026-09:04:42] [TRT] [V]  (foreignNode)   22, 0.0030720, 1.00000, 0.00000, sm50_xmma_pooling_max_nhwc_FP32FP32_WINDOWSIZE_0_PROPAGATE_NAN_2D, 0x66f0f7054b2a5,
[09/08/2026-09:04:42] [TRT] [V]  (foreignNode)   18, 0.0032736, 1.06563, 0.00000, sm50_xmma_pooling_max_nhwc_FP32FP32_WINDOWSIZE_0_NOT_PROPAGATE_NAN_2D, 0x4327a8fca68b1,
[09/08/2026-09:04:42] [TRT] [V]  (foreignNode)   19, 0.0033760, 1.09896, 0.00000, sm50_xmma_pooling_max_nhwc_FP32FP32_WINDOWSIZE_0_NOT_PROPAGATE_NAN_3D, 0x67bdb004749ae,
[09/08/2026-09:04:42] [TRT] [V]  (foreignNode)   21, 0.0033824, 1.10104, 0.00000, sm50_xmma_pooling_fw_4d_FP32FP32NHWC_Max_CAlign4, 0x6617c82cae8f0,
[09/08/2026-09:04:42] [TRT] [V]  (foreignNode)   16, 0.0039888, 1.29844, 0.00000, sm50_xmma_pooling_tiled_FP32NCHW_kMAX_tP2_tQ32_tR2_tS2_tU2_tV2_tUnroll6_tThreads256, 0x5ba888b4b619c,
[09/08/2026-09:04:42] [TRT] [V]  (foreignNode)    4, 0.0041424, 1.34844, 0.00000, sm50_xmma_pooling_tiled_FP32NCHW_kMAX_tP2_tQ16_tR2_tS2_tU2_tV2_tUnroll7_tThreads128, 0x503c1745dac9b,
[09/08/2026-09:04:42] [TRT] [V]  (foreignNode)   13, 0.0041424, 1.34844, 0.00000, sm50_xmma_pooling_tiled_FP32NCHW_kMAX_tP2_tQ16_tR2_tS2_tU2_tV2_tUnroll2_tThreads128, 0x2f6b14a6cb8d4,
[09/08/2026-09:04:42] [TRT] [V]  (foreignNode)    8, 0.0041472, 1.35000, 0.00000, sm50_xmma_pooling_tiled_FP32NCHW_kMAX_tP2_tQ32_tR2_tS2_tU2_tV2_tUnroll5_tThreads256, 0x29624b9510e6c,
[09/08/2026-09:04:42] [TRT] [V]  (foreignNode)   10, 0.0041472, 1.35000, 0.00000, sm50_xmma_pooling_tiled_FP32NCHW_kMAX_tP2_tQ32_tR2_tS2_tU2_tV2_tUnroll7_tThreads256, 0x2efb789daae6f,
[09/08/2026-09:04:42] [TRT] [V]  (foreignNode)   17, 0.0041472, 1.35000, 0.00000, sm50_xmma_pooling_tiled_FP32NCHW_kMAX_tP2_tQ32_tR2_tS2_tU2_tV2_tUnroll1_tThreads256, 0x51cb4d25cbb1e,
[09/08/2026-09:04:42] [TRT] [V]  (foreignNode)    7, 0.0042960, 1.39844, 0.00000, sm50_xmma_pooling_tiled_FP32NCHW_kMAX_tP2_tQ32_tR2_tS2_tU2_tV2_tUnroll3_tThreads256, 0x64c8cc77ba50e,
[09/08/2026-09:04:42] [TRT] [V]  (foreignNode)   14, 0.0042960, 1.39844, 0.00000, sm50_xmma_pooling_tiled_FP32NCHW_kMAX_tP2_tQ16_tR2_tS2_tU2_tV2_tUnroll4_tThreads128, 0x42627c41262ef,
[09/08/2026-09:04:42] [TRT] [V]  (foreignNode)   15, 0.0042960, 1.39844, 0.00000, sm50_xmma_pooling_tiled_FP32NCHW_kMAX_tP2_tQ16_tR2_tS2_tU2_tV2_tUnroll1_tThreads128, 0x2864d40f44906,
[09/08/2026-09:04:42] [TRT] [V]  (foreignNode)    5, 0.0043008, 1.40000, 0.00000, sm50_xmma_pooling_tiled_FP32NCHW_kMAX_tP2_tQ16_tR2_tS2_tU2_tV2_tUnroll6_tThreads128, 0x4f17e05940187,
[09/08/2026-09:04:42] [TRT] [V]  (foreignNode)   11, 0.0043008, 1.40000, 0.00000, sm50_xmma_pooling_tiled_FP32NCHW_kMAX_tP2_tQ16_tR2_tS2_tU2_tV2_tUnroll3_tThreads128, 0x637977ba0d6e2,
[09/08/2026-09:04:42] [TRT] [V]  (foreignNode)   12, 0.0043008, 1.40000, 0.00000, sm50_xmma_pooling_tiled_FP32NCHW_kMAX_tP2_tQ32_tR2_tS2_tU2_tV2_tUnroll2_tThreads256, 0x40206b28bf3c4,
[09/08/2026-09:04:42] [TRT] [V]  (foreignNode)    6, 0.0043056, 1.40156, 0.00000, sm50_xmma_pooling_tiled_FP32NCHW_kMAX_tP2_tQ16_tR2_tS2_tU2_tV2_tUnroll5_tThreads128, 0x38a93743d776a,
[09/08/2026-09:04:42] [TRT] [V]  (foreignNode)    9, 0.0043056, 1.40156, 0.00000, sm50_xmma_pooling_tiled_FP32NCHW_kMAX_tP2_tQ32_tR2_tS2_tU2_tV2_tUnroll4_tThreads256, 0x6be0fd1dba7a4,
[09/08/2026-09:04:42] [TRT] [V]  (foreignNode)    3, 0.0046032, 1.49844, 0.00000, sm50_xmma_pooling_tiled_FP32NCHW_kMAX_tP2_tQ16_tR2_tS2_tU2_tV2_tUnroll8_tThreads128, 0x380c4a94fc854,
[09/08/2026-09:04:42] [TRT] [V]  (foreignNode)    2, 0.0046128, 1.50156, 0.00000, sm50_xmma_pooling_tiled_FP32NCHW_kMAX_tP2_tQ32_tR2_tS2_tU2_tV2_tUnroll8_tThreads256, 0x3ba7abd9d0585,
[09/08/2026-09:04:42] [TRT] [V]  (foreignNode)    1, 0.0047616, 1.55000, 0.00000, sm50_xmma_pooling_nd_NCDHW_kMAX_kGENERIC_3D_POOLING_MODE_kFLOAT_0, 0x613f51227b01b,
[09/08/2026-09:04:42] [TRT] [V]  (foreignNode)    0, 0.0049104, 1.59844, 0.00000, sm50_xmma_pooling_fw_4d_FP32FP32NCHW_Max, 0x2b65065dee694,
[09/08/2026-09:04:42] [TRT] [V]  (foreignNode) Autotuning op node_conv2d_1: [ONNX Layer: node_conv2d_1][ONNX Layer: node_relu_1]
[09/08/2026-09:04:42] [TRT] [V]  (foreignNode) Sorted table of all evaluated tactics:
[09/08/2026-09:04:42] [TRT] [V]  (foreignNode) tactic_id, cost(in ms), cost/fastest_cost, prediction_correlation, kernel_name, tactic_hash, tunable_parameter, conv_w2c_input_fold
[09/08/2026-09:04:42] [TRT] [V]  (foreignNode)   19, 0.0056288, 1.00000, 1.35027, cutlass3x_sm100_tensorop_s128x128x8tf32implicit_gemm_fprop_f32_f32_f32_f32_f32_f32_128x128x32_dyn_cga_ndhwc_ndhwc_ndhwc_align4_2sm_relu_valpha_vbeta, 0x285cce0d4d43f, cga={0 0 0 1 0 0 1} , 1
[09/08/2026-09:04:42] [TRT] [V]  (foreignNode)   20, 0.0058368, 1.03695, 1.30215, cutlass3x_sm100_tensorop_s128x128x8tf32implicit_gemm_fprop_f32_f32_f32_f32_f32_f32_128x128x32_dyn_cga_ndhwc_ndhwc_ndhwc_align4_2sm_relu_valpha_vbeta, 0x552274bdc9046, cga={2 2 1 1 2 1 1} , 1
[09/08/2026-09:04:42] [TRT] [V]  (foreignNode)   21, 0.0059456, 1.05628, 1.27937, cutlass3x_sm100_tensorop_s128x128x8tf32implicit_gemm_fprop_f32_f32_f32_f32_f32_f32_128x128x32_dyn_cga_ndhwc_ndhwc_ndhwc_align4_2sm_relu_valpha_vbeta, 0x338b9af98fb76, cga={2 4 1 1 2 1 1} , 1
[09/08/2026-09:04:42] [TRT] [V]  (foreignNode)   23, 0.0060416, 1.07334, 1.26000, cutlass3x_sm100_tensorop_s128x128x8tf32implicit_gemm_fprop_f32_f32_f32_f32_f32_f32_128x128x32_dyn_cga_ndhwc_ndhwc_ndhwc_align4_2sm_relu_valpha_vbeta, 0x580cce0798e67, cga={2 8 1 1 2 1 1} , 1
[09/08/2026-09:04:42] [TRT] [V]  (foreignNode)   22, 0.0062464, 1.10972, 1.21776, cutlass3x_sm100_tensorop_s128x128x8tf32implicit_gemm_fprop_f32_f32_f32_f32_f32_f32_128x128x32_dyn_cga_ndhwc_ndhwc_ndhwc_align4_2sm_relu_valpha_vbeta, 0x43fce5e7da296, cga={2 2 2 1 2 1 1} , 1
[09/08/2026-09:04:42] [TRT] [V]  (foreignNode)   25, 0.0064512, 1.14611, 1.18033, cutlass3x_sm100_tensorop_s128x128x8tf32implicit_gemm_fprop_f32_f32_f32_f32_f32_f32_128x128x32_dyn_cga_ndhwc_ndhwc_ndhwc_align4_2sm_relu_valpha_vbeta, 0x2af9437602943, cga={2 4 2 1 2 1 1} , 1
[09/08/2026-09:04:42] [TRT] [V]  (foreignNode)   24, 0.0065568, 1.16487, 1.16100, cutlass3x_sm100_tensorop_s128x128x8tf32implicit_gemm_fprop_f32_f32_f32_f32_f32_f32_128x128x32_dyn_cga_ndhwc_ndhwc_ndhwc_align4_2sm_relu_valpha_vbeta, 0x45f4ebc6c497d, cga={2 2 4 1 2 1 1} , 1
[09/08/2026-09:04:42] [TRT] [V]  (foreignNode)   28, 0.0066528, 1.18192, 1.14816, cutlass3x_sm100_tensorop_s128x128x8tf32implicit_gemm_fprop_f32_f32_f32_f32_f32_f32_128x128x32_dyn_cga_ndhwc_ndhwc_ndhwc_align4_2sm_relu_valpha_vbeta, 0x48cd5f15223c5, cga={2 2 8 1 2 1 1} , 1
[09/08/2026-09:04:42] [TRT] [V]  (foreignNode)   58, 0.0067584, 1.20068, 1.56078, cutlass3x_sm100_tensorop_s256x128x8tf32implicit_gemm_fprop_f32_f32_f32_f32_f32_f32_256x128x32_dyn_cga_ndhwc_ndhwc_ndhwc_align4_2sm_relu_valpha_vbeta, 0x3e4586d4bcf51, cga={2 2 2 1 2 1 1} , 1
[09/08/2026-09:04:42] [TRT] [V]  (foreignNode)   61, 0.0067616, 1.20125, 1.56126, cutlass3x_sm100_tensorop_s256x128x8tf32implicit_gemm_fprop_f32_f32_f32_f32_f32_f32_256x128x32_dyn_cga_ndhwc_ndhwc_ndhwc_align4_2sm_relu_valpha_vbeta, 0x60e59af0f93cf, cga={2 4 2 1 2 1 1} , 1
[09/08/2026-09:04:42] [TRT] [V]  (foreignNode)   67, 0.0068448, 1.21603, 1.63301, cutlass3x_sm100_tensorop_s128x256x8tf32implicit_gemm_fprop_f32_f32_f32_f32_f32_f32_128x256x32_dyn_cga_ndhwc_ndhwc_ndhwc_align4_2sm_relu_valpha_vbeta, 0x30a3eecce76a0, cga={2 2 1 1 2 1 1} , 1
[09/08/2026-09:04:42] [TRT] [V]  (foreignNode)   70, 0.0068544, 1.21774, 1.63257, cutlass3x_sm100_tensorop_s128x256x8tf32implicit_gemm_fprop_f32_f32_f32_f32_f32_f32_128x256x32_dyn_cga_ndhwc_ndhwc_ndhwc_align4_2sm_relu_valpha_vbeta, 0x2d8aa242be81f, cga={2 8 1 1 2 1 1} , 1
[09/08/2026-09:04:42] [TRT] [V]  (foreignNode)   68, 0.0068576, 1.21831, 1.63092, cutlass3x_sm100_tensorop_s128x256x8tf32implicit_gemm_fprop_f32_f32_f32_f32_f32_f32_128x256x32_dyn_cga_ndhwc_ndhwc_ndhwc_align4_2sm_relu_valpha_vbeta, 0x442a1623f91d1, cga={2 4 1 1 2 1 1} , 1
[09/08/2026-09:04:42] [TRT] [V]  (foreignNode)   59, 0.0068608, 1.21887, 1.53836, cutlass3x_sm100_tensorop_s256x128x8tf32implicit_gemm_fprop_f32_f32_f32_f32_f32_f32_256x128x32_dyn_cga_ndhwc_ndhwc_ndhwc_align4_2sm_relu_valpha_vbeta, 0x30b7029716b7a, cga={2 8 1 1 2 1 1} , 1
[09/08/2026-09:04:42] [TRT] [V]  (foreignNode)   66, 0.0068608, 1.21887, 1.62920, cutlass3x_sm100_tensorop_s128x256x8tf32implicit_gemm_fprop_f32_f32_f32_f32_f32_f32_128x256x32_dyn_cga_ndhwc_ndhwc_ndhwc_align4_2sm_relu_valpha_vbeta, 0x5731dc8589652, cga={0 0 0 1 0 0 1} , 1
[09/08/2026-09:04:42] [TRT] [V]  (foreignNode)   26, 0.0068672, 1.22001, 1.10984, cutlass3x_sm100_tensorop_s128x128x8tf32implicit_gemm_fprop_f32_f32_f32_f32_f32_f32_128x128x32_dyn_cga_ndhwc_ndhwc_ndhwc_align4_2sm_relu_valpha_vbeta, 0x5c77c521341fe, cga={2 8 2 1 2 1 1} , 1
[09/08/2026-09:04:42] [TRT] [V]  (foreignNode)   60, 0.0069600, 1.23650, 1.51644, cutlass3x_sm100_tensorop_s256x128x8tf32implicit_gemm_fprop_f32_f32_f32_f32_f32_f32_256x128x32_dyn_cga_ndhwc_ndhwc_ndhwc_align4_2sm_relu_valpha_vbeta, 0x5a723f520c9e6, cga={2 2 4 1 2 1 1} , 1
[09/08/2026-09:04:42] [TRT] [V]  (foreignNode)   93, 0.0069600, 1.23650, 1.94143, cutlass3x_sm100_tensorop_s128x128x8tf32implicit_gemm_fprop_f32_f32_f32_f32_f32_f32_128x128x32_dyn_cga_ndhwc_ndhwc_ndhwc_align4_1sm_relu_valpha_vbeta, 0x6d889b7d61107, cga={2 4 2 1 2 1 1} , 1
[09/08/2026-09:04:42] [TRT] [V]  (foreignNode)   56, 0.0069664, 1.23764, 1.51325, cutlass3x_sm100_tensorop_s256x128x8tf32implicit_gemm_fprop_f32_f32_f32_f32_f32_f32_256x128x32_dyn_cga_ndhwc_ndhwc_ndhwc_align4_2sm_relu_valpha_vbeta, 0x5285dff98d9f3, cga={2 2 1 1 2 1 1} , 1
[09/08/2026-09:04:42] [TRT] [V]  (foreignNode)   57, 0.0069664, 1.23764, 1.51418, cutlass3x_sm100_tensorop_s256x128x8tf32implicit_gemm_fprop_f32_f32_f32_f32_f32_f32_256x128x32_dyn_cga_ndhwc_ndhwc_ndhwc_align4_2sm_relu_valpha_vbeta, 0x5b7ba1b2149ee, cga={2 4 1 1 2 1 1} , 1
[09/08/2026-09:04:42] [TRT] [V]  (foreignNode)   90, 0.0069728, 1.23877, 1.93753, cutlass3x_sm100_tensorop_s128x128x8tf32implicit_gemm_fprop_f32_f32_f32_f32_f32_f32_128x128x32_dyn_cga_ndhwc_ndhwc_ndhwc_align4_1sm_relu_valpha_vbeta, 0x2a0df310453d9, cga={2 4 2 1 1 2 1} , 1
[09/08/2026-09:04:42] [TRT] [V]  (foreignNode)   55, 0.0069760, 1.23934, 1.51117, cutlass3x_sm100_tensorop_s256x128x8tf32implicit_gemm_fprop_f32_f32_f32_f32_f32_f32_256x128x32_dyn_cga_ndhwc_ndhwc_ndhwc_align4_2sm_relu_valpha_vbeta, 0x2c083b2f88f8a, cga={0 0 0 1 0 0 1} , 1
[09/08/2026-09:04:42] [TRT] [V]  (foreignNode)   74, 0.0070592, 1.25412, 1.58655, cutlass3x_sm100_tensorop_s128x256x8tf32implicit_gemm_fprop_f32_f32_f32_f32_f32_f32_128x256x32_dyn_cga_ndhwc_ndhwc_ndhwc_align4_2sm_relu_valpha_vbeta, 0x44ec1d551c946, cga={2 4 4 1 2 1 1} , 1
[09/08/2026-09:04:42] [TRT] [V]  (foreignNode)   72, 0.0070624, 1.25469, 1.58481, cutlass3x_sm100_tensorop_s128x256x8tf32implicit_gemm_fprop_f32_f32_f32_f32_f32_f32_128x256x32_dyn_cga_ndhwc_ndhwc_ndhwc_align4_2sm_relu_valpha_vbeta, 0x4ba4cc8612d29, cga={2 4 2 1 2 1 1} , 1
[09/08/2026-09:04:42] [TRT] [V]  (foreignNode)   42, 0.0070656, 1.25526, 1.37591, cutlass3x_sm100_tensorop_s64x128x8tf32implicit_gemm_fprop_f32_f32_f32_f32_f32_f32_64x128x32_dyn_cga_ndhwc_ndhwc_ndhwc_align4_1sm_relu_valpha_vbeta, 0x3dd921239daea, cga={2 8 1 1 2 1 1} , 1
[09/08/2026-09:04:42] [TRT] [V]  (foreignNode)   62, 0.0070656, 1.25526, 1.49424, cutlass3x_sm100_tensorop_s256x128x8tf32implicit_gemm_fprop_f32_f32_f32_f32_f32_f32_256x128x32_dyn_cga_ndhwc_ndhwc_ndhwc_align4_2sm_relu_valpha_vbeta, 0x2cd14519bae3e, cga={2 2 8 1 2 1 1} , 1
[09/08/2026-09:04:42] [TRT] [V]  (foreignNode)   64, 0.0070656, 1.25526, 1.49510, cutlass3x_sm100_tensorop_s256x128x8tf32implicit_gemm_fprop_f32_f32_f32_f32_f32_f32_256x128x32_dyn_cga_ndhwc_ndhwc_ndhwc_align4_2sm_relu_valpha_vbeta, 0x3f0763c0c4647, cga={2 4 4 1 2 1 1} , 1
[09/08/2026-09:04:42] [TRT] [V]  (foreignNode)   86, 0.0070656, 1.25526, 1.91119, cutlass3x_sm100_tensorop_s128x128x8tf32implicit_gemm_fprop_f32_f32_f32_f32_f32_f32_128x128x32_dyn_cga_ndhwc_ndhwc_ndhwc_align4_1sm_relu_valpha_vbeta, 0x59162f20061ab, cga={2 2 2 1 2 1 1} , 1
[09/08/2026-09:04:42] [TRT] [V]  (foreignNode)   87, 0.0070656, 1.25526, 1.91119, cutlass3x_sm100_tensorop_s128x128x8tf32implicit_gemm_fprop_f32_f32_f32_f32_f32_f32_128x128x32_dyn_cga_ndhwc_ndhwc_ndhwc_align4_1sm_relu_valpha_vbeta, 0x302e4b7ca4807, cga={2 2 2 1 1 2 1} , 1
[09/08/2026-09:04:42] [TRT] [V]  (foreignNode)   27, 0.0070688, 1.25583, 1.07818, cutlass3x_sm100_tensorop_s128x128x8tf32implicit_gemm_fprop_f32_f32_f32_f32_f32_f32_128x128x32_dyn_cga_ndhwc_ndhwc_ndhwc_align4_2sm_relu_valpha_vbeta, 0x3d5e8ae1f53f7, cga={2 4 4 1 2 1 1} , 1
[09/08/2026-09:04:42] [TRT] [V]  (foreignNode)   89, 0.0071648, 1.27288, 1.88561, cutlass3x_sm100_tensorop_s128x128x8tf32implicit_gemm_fprop_f32_f32_f32_f32_f32_f32_128x128x32_dyn_cga_ndhwc_ndhwc_ndhwc_align4_1sm_relu_valpha_vbeta, 0x416159919669a, cga={2 8 1 1 2 1 1} , 1
[09/08/2026-09:04:42] [TRT] [V]  (foreignNode)   83, 0.0071680, 1.27345, 1.88293, cutlass3x_sm100_tensorop_s128x128x8tf32implicit_gemm_fprop_f32_f32_f32_f32_f32_f32_128x128x32_dyn_cga_ndhwc_ndhwc_ndhwc_align4_1sm_relu_valpha_vbeta, 0x3168ecf233768, cga={2 2 1 1 2 1 1} , 1
[09/08/2026-09:04:42] [TRT] [V]  (foreignNode)   71, 0.0071712, 1.27402, 1.56045, cutlass3x_sm100_tensorop_s128x256x8tf32implicit_gemm_fprop_f32_f32_f32_f32_f32_f32_128x256x32_dyn_cga_ndhwc_ndhwc_ndhwc_align4_2sm_relu_valpha_vbeta, 0x35ca6792f5490, cga={2 2 4 1 2 1 1} , 1
[09/08/2026-09:04:42] [TRT] [V]  (foreignNode)   69, 0.0071776, 1.27516, 1.55821, cutlass3x_sm100_tensorop_s128x256x8tf32implicit_gemm_fprop_f32_f32_f32_f32_f32_f32_128x256x32_dyn_cga_ndhwc_ndhwc_ndhwc_align4_2sm_relu_valpha_vbeta, 0x45e6226562935, cga={2 2 2 1 2 1 1} , 1
[09/08/2026-09:04:42] [TRT] [V]  (foreignNode)   43, 0.0072512, 1.28823, 1.34069, cutlass3x_sm100_tensorop_s64x128x8tf32implicit_gemm_fprop_f32_f32_f32_f32_f32_f32_64x128x32_dyn_cga_ndhwc_ndhwc_ndhwc_align4_1sm_relu_valpha_vbeta, 0x62004b46a5148, cga={2 4 2 1 1 2 1} , 1
[09/08/2026-09:04:42] [TRT] [V]  (foreignNode)   47, 0.0072640, 1.29051, 1.33877, cutlass3x_sm100_tensorop_s64x128x8tf32implicit_gemm_fprop_f32_f32_f32_f32_f32_f32_64x128x32_dyn_cga_ndhwc_ndhwc_ndhwc_align4_1sm_relu_valpha_vbeta, 0x6648f2426a146, cga={2 8 2 1 1 2 1} , 1
[09/08/2026-09:04:42] [TRT] [V]  (foreignNode)   63, 0.0072640, 1.29051, 1.45427, cutlass3x_sm100_tensorop_s256x128x8tf32implicit_gemm_fprop_f32_f32_f32_f32_f32_f32_256x128x32_dyn_cga_ndhwc_ndhwc_ndhwc_align4_2sm_relu_valpha_vbeta, 0x2990a7a09d869, cga={2 8 2 1 2 1 1} , 1
[09/08/2026-09:04:42] [TRT] [V]  (foreignNode)   75, 0.0072640, 1.29051, 1.54429, cutlass3x_sm100_tensorop_s128x256x8tf32implicit_gemm_fprop_f32_f32_f32_f32_f32_f32_128x256x32_dyn_cga_ndhwc_ndhwc_ndhwc_align4_2sm_relu_valpha_vbeta, 0x66a090dd24c6d, cga={2 2 8 1 2 1 1} , 1
[09/08/2026-09:04:42] [TRT] [V]  (foreignNode)   31, 0.0072672, 1.29107, 1.27225, cutlass3x_sm100_tensorop_s64x128x8tf32implicit_gemm_fprop_f32_f32_f32_f32_f32_f32_64x128x32_dyn_cga_ndhwc_ndhwc_ndhwc_align4_1sm_relu_valpha_vbeta, 0x33447fefd2be2, cga={0 0 0 1 0 0 1} , 1
[09/08/2026-09:04:42] [TRT] [V]  (foreignNode)   32, 0.0072672, 1.29107, 1.27225, cutlass3x_sm100_tensorop_s64x128x8tf32implicit_gemm_fprop_f32_f32_f32_f32_f32_f32_64x128x32_dyn_cga_ndhwc_ndhwc_ndhwc_align4_1sm_relu_valpha_vbeta, 0x4f48fad0f2fe4, cga={2 1 1 1 1 1 1} , 1
[09/08/2026-09:04:42] [TRT] [V]  (foreignNode)   38, 0.0072672, 1.29107, 1.33693, cutlass3x_sm100_tensorop_s64x128x8tf32implicit_gemm_fprop_f32_f32_f32_f32_f32_f32_64x128x32_dyn_cga_ndhwc_ndhwc_ndhwc_align4_1sm_relu_valpha_vbeta, 0x33a3ef23d0e39, cga={2 4 1 1 2 1 1} , 1
[09/08/2026-09:04:42] [TRT] [V]  (foreignNode)   49, 0.0072672, 1.29107, 1.33900, cutlass3x_sm100_tensorop_s64x128x8tf32implicit_gemm_fprop_f32_f32_f32_f32_f32_f32_64x128x32_dyn_cga_ndhwc_ndhwc_ndhwc_align4_1sm_relu_valpha_vbeta, 0x49d1dc8677b35, cga={2 4 4 1 2 1 1} , 1
[09/08/2026-09:04:42] [TRT] [V]  (foreignNode)   79, 0.0072672, 1.29107, 1.66479, cutlass3x_sm100_tensorop_s128x128x8tf32implicit_gemm_fprop_f32_f32_f32_f32_f32_f32_128x128x32_dyn_cga_ndhwc_ndhwc_ndhwc_align4_1sm_relu_valpha_vbeta, 0x3bbc0347a23e8, cga={0 0 0 1 0 0 1} , 1
[09/08/2026-09:04:42] [TRT] [V]  (foreignNode)   94, 0.0072672, 1.29107, 1.85936, cutlass3x_sm100_tensorop_s128x128x8tf32implicit_gemm_fprop_f32_f32_f32_f32_f32_f32_128x128x32_dyn_cga_ndhwc_ndhwc_ndhwc_align4_1sm_relu_valpha_vbeta, 0x56ff9de33d739, cga={2 2 4 1 1 2 1} , 1
[09/08/2026-09:04:42] [TRT] [V]  (foreignNode)   48, 0.0072704, 1.29164, 1.33841, cutlass3x_sm100_tensorop_s64x128x8tf32implicit_gemm_fprop_f32_f32_f32_f32_f32_f32_64x128x32_dyn_cga_ndhwc_ndhwc_ndhwc_align4_1sm_relu_valpha_vbeta, 0x5017e86f40276, cga={2 8 2 1 2 1 1} , 1
[09/08/2026-09:04:42] [TRT] [V]  (foreignNode)   73, 0.0072704, 1.29164, 1.54047, cutlass3x_sm100_tensorop_s128x256x8tf32implicit_gemm_fprop_f32_f32_f32_f32_f32_f32_128x256x32_dyn_cga_ndhwc_ndhwc_ndhwc_align4_2sm_relu_valpha_vbeta, 0x6305b01e9cdbc, cga={2 8 2 1 2 1 1} , 1
[09/08/2026-09:04:42] [TRT] [V]  (foreignNode)   80, 0.0072704, 1.29164, 1.66405, cutlass3x_sm100_tensorop_s128x128x8tf32implicit_gemm_fprop_f32_f32_f32_f32_f32_f32_128x128x32_dyn_cga_ndhwc_ndhwc_ndhwc_align4_1sm_relu_valpha_vbeta, 0x47078bc007a52, cga={2 1 1 1 1 1 1} , 1
[09/08/2026-09:04:42] [TRT] [V]  (foreignNode)   40, 0.0072736, 1.29221, 1.33575, cutlass3x_sm100_tensorop_s64x128x8tf32implicit_gemm_fprop_f32_f32_f32_f32_f32_f32_64x128x32_dyn_cga_ndhwc_ndhwc_ndhwc_align4_1sm_relu_valpha_vbeta, 0x49ddb3089dcf6, cga={2 2 2 1 1 2 1} , 1
[09/08/2026-09:04:42] [TRT] [V]  (foreignNode)   85, 0.0072800, 1.29335, 1.85490, cutlass3x_sm100_tensorop_s128x128x8tf32implicit_gemm_fprop_f32_f32_f32_f32_f32_f32_128x128x32_dyn_cga_ndhwc_ndhwc_ndhwc_align4_1sm_relu_valpha_vbeta, 0x3ab86b967c477, cga={2 4 1 1 2 1 1} , 1
[09/08/2026-09:04:42] [TRT] [V]  (foreignNode)   39, 0.0073696, 1.30927, 1.31835, cutlass3x_sm100_tensorop_s64x128x8tf32implicit_gemm_fprop_f32_f32_f32_f32_f32_f32_64x128x32_dyn_cga_ndhwc_ndhwc_ndhwc_align4_1sm_relu_valpha_vbeta, 0x432043c145eeb, cga={2 2 2 1 2 1 1} , 1
[09/08/2026-09:04:42] [TRT] [V]  (foreignNode)   46, 0.0073760, 1.31040, 1.31830, cutlass3x_sm100_tensorop_s64x128x8tf32implicit_gemm_fprop_f32_f32_f32_f32_f32_f32_64x128x32_dyn_cga_ndhwc_ndhwc_ndhwc_align4_1sm_relu_valpha_vbeta, 0x3dc1159fd791f, cga={2 2 4 1 1 2 1} , 1
[09/08/2026-09:04:42] [TRT] [V]  (foreignNode)   91, 0.0073760, 1.31040, 1.83162, cutlass3x_sm100_tensorop_s128x128x8tf32implicit_gemm_fprop_f32_f32_f32_f32_f32_f32_128x128x32_dyn_cga_ndhwc_ndhwc_ndhwc_align4_1sm_relu_valpha_vbeta, 0x33953521c260e, cga={2 2 4 1 2 1 1} , 1
[09/08/2026-09:04:42] [TRT] [V]  (foreignNode)   45, 0.0073792, 1.31097, 1.31773, cutlass3x_sm100_tensorop_s64x128x8tf32implicit_gemm_fprop_f32_f32_f32_f32_f32_f32_64x128x32_dyn_cga_ndhwc_ndhwc_ndhwc_align4_1sm_relu_valpha_vbeta, 0x5b054723190f4, cga={2 4 2 1 2 1 1} , 1
[09/08/2026-09:04:42] [TRT] [V]  (foreignNode)   96, 0.0073792, 1.31097, 1.83129, cutlass3x_sm100_tensorop_s128x128x8tf32implicit_gemm_fprop_f32_f32_f32_f32_f32_f32_128x128x32_dyn_cga_ndhwc_ndhwc_ndhwc_align4_1sm_relu_valpha_vbeta, 0x674596db78404, cga={2 2 8 1 2 1 1} , 1
[09/08/2026-09:04:42] [TRT] [V]  (foreignNode)   37, 0.0074688, 1.32689, 1.29999, cutlass3x_sm100_tensorop_s64x128x8tf32implicit_gemm_fprop_f32_f32_f32_f32_f32_f32_64x128x32_dyn_cga_ndhwc_ndhwc_ndhwc_align4_1sm_relu_valpha_vbeta, 0x5d7223c6c14c7, cga={2 1 2 1 1 2 1} , 1
[09/08/2026-09:04:42] [TRT] [V]  (foreignNode)   88, 0.0074720, 1.32746, 1.80724, cutlass3x_sm100_tensorop_s128x128x8tf32implicit_gemm_fprop_f32_f32_f32_f32_f32_f32_128x128x32_dyn_cga_ndhwc_ndhwc_ndhwc_align4_1sm_relu_valpha_vbeta, 0x46806c43e89ea, cga={2 1 4 1 1 2 1} , 1
[09/08/2026-09:04:42] [TRT] [V]  (foreignNode)   51, 0.0074752, 1.32803, 1.30320, cutlass3x_sm100_tensorop_s64x128x8tf32implicit_gemm_fprop_f32_f32_f32_f32_f32_f32_64x128x32_dyn_cga_ndhwc_ndhwc_ndhwc_align4_1sm_relu_valpha_vbeta, 0x3c1d877c093a1, cga={2 1 8 1 1 2 1} , 1
[09/08/2026-09:04:42] [TRT] [V]  (foreignNode)   53, 0.0074752, 1.32803, 1.30567, cutlass3x_sm100_tensorop_s64x128x8tf32implicit_gemm_fprop_f32_f32_f32_f32_f32_f32_64x128x32_dyn_cga_ndhwc_ndhwc_ndhwc_align4_1sm_relu_valpha_vbeta, 0x4bc31390a3a59, cga={2 2 8 1 1 2 1} , 1
[09/08/2026-09:04:42] [TRT] [V]  (foreignNode)   84, 0.0074752, 1.32803, 1.80555, cutlass3x_sm100_tensorop_s128x128x8tf32implicit_gemm_fprop_f32_f32_f32_f32_f32_f32_128x128x32_dyn_cga_ndhwc_ndhwc_ndhwc_align4_1sm_relu_valpha_vbeta, 0x54d46c6a17bfb, cga={2 1 2 1 1 2 1} , 1
[09/08/2026-09:04:42] [TRT] [V]  (foreignNode)   98, 0.0074752, 1.32803, 1.80864, cutlass3x_sm100_tensorop_s128x128x8tf32implicit_gemm_fprop_f32_f32_f32_f32_f32_f32_128x128x32_dyn_cga_ndhwc_ndhwc_ndhwc_align4_1sm_relu_valpha_vbeta, 0x48bab4fbb4f10, cga={2 4 4 1 2 1 1} , 1
[09/08/2026-09:04:42] [TRT] [V]  (foreignNode)   99, 0.0074752, 1.32803, 1.80864, cutlass3x_sm100_tensorop_s128x128x8tf32implicit_gemm_fprop_f32_f32_f32_f32_f32_f32_128x128x32_dyn_cga_ndhwc_ndhwc_ndhwc_align4_1sm_relu_valpha_vbeta, 0x2ae2146694f29, cga={2 4 4 1 1 2 1} , 1
[09/08/2026-09:04:42] [TRT] [V]  (foreignNode)   36, 0.0074784, 1.32860, 1.29832, cutlass3x_sm100_tensorop_s64x128x8tf32implicit_gemm_fprop_f32_f32_f32_f32_f32_f32_64x128x32_dyn_cga_ndhwc_ndhwc_ndhwc_align4_1sm_relu_valpha_vbeta, 0x40ea2fcbc4258, cga={2 2 1 1 2 1 1} , 1
[09/08/2026-09:04:42] [TRT] [V]  (foreignNode)   50, 0.0074784, 1.32860, 1.30119, cutlass3x_sm100_tensorop_s64x128x8tf32implicit_gemm_fprop_f32_f32_f32_f32_f32_f32_64x128x32_dyn_cga_ndhwc_ndhwc_ndhwc_align4_1sm_relu_valpha_vbeta, 0x4a59bde2a886a, cga={2 4 4 1 1 2 1} , 1
[09/08/2026-09:04:42] [TRT] [V]  (foreignNode)   52, 0.0074784, 1.32860, 1.30350, cutlass3x_sm100_tensorop_s64x128x8tf32implicit_gemm_fprop_f32_f32_f32_f32_f32_f32_64x128x32_dyn_cga_ndhwc_ndhwc_ndhwc_align4_1sm_relu_valpha_vbeta, 0x519d4b93e9908, cga={2 2 8 1 2 1 1} , 1
[09/08/2026-09:04:42] [TRT] [V]  (foreignNode)   92, 0.0074784, 1.32860, 1.80654, cutlass3x_sm100_tensorop_s128x128x8tf32implicit_gemm_fprop_f32_f32_f32_f32_f32_f32_128x128x32_dyn_cga_ndhwc_ndhwc_ndhwc_align4_1sm_relu_valpha_vbeta, 0x33b89fe319a2f, cga={2 1 8 1 1 2 1} , 1
[09/08/2026-09:04:42] [TRT] [V]  (foreignNode)   41, 0.0074944, 1.33144, 1.29640, cutlass3x_sm100_tensorop_s64x128x8tf32implicit_gemm_fprop_f32_f32_f32_f32_f32_f32_64x128x32_dyn_cga_ndhwc_ndhwc_ndhwc_align4_1sm_relu_valpha_vbeta, 0x2bf165fc73e3a, cga={2 1 4 1 1 2 1} , 1
[09/08/2026-09:04:42] [TRT] [V]  (foreignNode)   97, 0.0075776, 1.34622, 1.78420, cutlass3x_sm100_tensorop_s128x128x8tf32implicit_gemm_fprop_f32_f32_f32_f32_f32_f32_128x128x32_dyn_cga_ndhwc_ndhwc_ndhwc_align4_1sm_relu_valpha_vbeta, 0x29313f72882de, cga={2 8 2 1 2 1 1} , 1
[09/08/2026-09:04:42] [TRT] [V]  (foreignNode)   95, 0.0076768, 1.36384, 1.76030, cutlass3x_sm100_tensorop_s128x128x8tf32implicit_gemm_fprop_f32_f32_f32_f32_f32_f32_128x128x32_dyn_cga_ndhwc_ndhwc_ndhwc_align4_1sm_relu_valpha_vbeta, 0x48d6c72844443, cga={2 8 2 1 1 2 1} , 1
[09/08/2026-09:04:42] [TRT] [V]  (foreignNode)   44, 0.0076800, 1.36441, 1.26583, cutlass3x_sm100_tensorop_s64x128x8tf32implicit_gemm_fprop_f32_f32_f32_f32_f32_f32_64x128x32_dyn_cga_ndhwc_ndhwc_ndhwc_align4_1sm_relu_valpha_vbeta, 0x3018fc1ff22a1, cga={2 2 4 1 2 1 1} , 1
[09/08/2026-09:04:42] [TRT] [V]  (foreignNode)    4, 0.0129920, 2.30813, 0.02573, sm80_xmma_fprop_implicit_gemm_f32f32_tf32f32_f32_nhwckrsc_nhwc_tilesize64x32x64_stage5_warpsize2x2x1_g1_tensor16x8x8_t1r5s5, 0x59bdfea7a7d69, , 0
[09/08/2026-09:04:42] [TRT] [V]  (foreignNode)    2, 0.0138176, 2.45480, 0.01223, sm80_xmma_fprop_implicit_gemm_f32f32_tf32f32_f32_nhwckrsc_nhwc_tilesize64x128x32_stage5_warpsize2x2x1_g1_tensor16x8x8_t1r5s5, 0x4aebcb5203240, , 0
[09/08/2026-09:04:42] [TRT] [V]  (foreignNode)    5, 0.0144352, 2.56453, 0.02581, sm80_xmma_fprop_implicit_gemm_f32f32_tf32f32_f32_nhwckrsc_nhwc_tilesize128x64x32_stage5_warpsize2x2x1_g1_tensor16x8x8_t1r5s5, 0x6a58df657dcaa, , 0
[09/08/2026-09:04:42] [TRT] [V]  (foreignNode)   35, 0.0146400, 2.60091, 0.65726, sm80_xmma_fprop_implicit_gemm_indexed_f32f32_tf32f32_f32_nhwckrsc_nhwc_tilesize64x32x64_stage5_warpsize2x2x1_g1_tensor16x8x8, 0x338165085891a, , 0
[09/08/2026-09:04:42] [TRT] [V]  (foreignNode)   77, 0.0150528, 2.67425, 0.76193, sm80_xmma_fprop_implicit_gemm_indexed_wo_smem_f32f32_tf32f32_f32_nhwckrsc_nhwc_tilesize128x16x64_stage1_warpsize4x1x1_g1_tensor16x8x8, 0x60025a7b802e9, , 0
[09/08/2026-09:04:42] [TRT] [V]  (foreignNode)   82, 0.0152672, 2.71234, 0.79830, sm80_xmma_fprop_implicit_gemm_indexed_wo_smem_f32f32_tf32f32_f32_nhwckrsc_nhwc_tilesize128x16x64_stage1_warpsize4x1x1_g1_tensor16x8x8_alignc4, 0x6234eae9821b8, , 0
[09/08/2026-09:04:42] [TRT] [V]  (foreignNode)    6, 0.0164864, 2.92894, 0.02434, sm80_xmma_fprop_implicit_gemm_f32f32_tf32f32_f32_nhwckrsc_nhwc_tilesize64x64x64_stage4_warpsize2x2x1_g1_tensor16x8x8_t1r5s5, 0x2b3f208d97ae7, , 0
[09/08/2026-09:04:42] [TRT] [V]  (foreignNode)   76, 0.0168928, 3.00114, 0.66430, sm80_xmma_fprop_implicit_gemm_indexed_f32f32_tf32f32_f32_nhwckrsc_nhwc_tilesize64x64x64_stage4_warpsize2x2x1_g1_tensor16x8x8, 0x40a10ceade816, , 0
[09/08/2026-09:04:42] [TRT] [V]  (foreignNode)    7, 0.0188928, 3.35645, 0.02440, sm80_xmma_fprop_implicit_gemm_f32f32_tf32f32_f32_nhwckrsc_nchw_tilesize64x32x64_stage5_warpsize2x2x1_g1_tensor16x8x8_t1r5s5_alignc4, 0x54d3783756be3, , 0
[09/08/2026-09:04:42] [TRT] [V]  (foreignNode)   29, 0.0201728, 3.58385, 0.42554, sm80_xmma_fprop_implicit_gemm_f32f32_f32f32_f32_nhwckrsc_nhwc_tilesize32x32x8_stage3_warpsize1x2x1_g1_ffma_aligna4_alignc4, 0x5a0eb69e547e0, , 0
[09/08/2026-09:04:42] [TRT] [V]  (foreignNode)   33, 0.0211904, 3.76464, 0.44033, sm80_xmma_fprop_implicit_gemm_indexed_f32f32_f32f32_f32_nhwckrsc_nhwc_tilesize32x32x8_stage3_warpsize1x2x1_g1_ffma_aligna4_alignc4, 0x3d4cb2024beeb, , 0
[09/08/2026-09:04:42] [TRT] [V]  (foreignNode)   18, 0.0211968, 3.76578, 0.30457, sm80_xmma_fprop_implicit_gemm_f32f32_tf32f32_f32_nhwckrsc_nhwc_tilesize128x128x16_stage4_warpsize2x2x1_g1_tensor16x8x8_t1r5s5, 0x5cb502aeee094, , 0
[09/08/2026-09:04:42] [TRT] [V]  (foreignNode)    3, 0.0227280, 4.03781, 0.00862, sm80_xmma_fprop_implicit_gemm_f32f32_tf32f32_f32_nhwckrsc_nchw_tilesize128x64x32_stage5_warpsize2x2x1_g1_tensor16x8x8_t1r5s5_alignc4, 0x615e157303686, , 0
[09/08/2026-09:04:42] [TRT] [V]  (foreignNode)   14, 0.0234624, 4.16828, 0.10896, sm80_xmma_fprop_implicit_gemm_f32f32_tf32f32_f32_nhwckrsc_nhwc_tilesize256x64x32_stage3_warpsize4x2x1_g1_tensor16x8x8_t1r5s5, 0x2d318137dabe5, , 0
[09/08/2026-09:04:42] [TRT] [V]  (foreignNode)   34, 0.0235056, 4.17595, 0.40824, sm80_xmma_fprop_implicit_gemm_indexed_f32f32_tf32f32_f32_nhwckrsc_nchw_tilesize64x32x64_stage5_warpsize2x2x1_g1_tensor16x8x8_alignc4, 0x5f268b74d7eee, , 0
[09/08/2026-09:04:42] [TRT] [V]  (foreignNode)    1, 0.0238080, 4.22968, 0.00520, sm80_xmma_fprop_implicit_gemm_f32f32_tf32f32_f32_nhwckrsc_nchw_tilesize64x128x32_stage5_warpsize2x2x1_g1_tensor16x8x8_t1r5s5_alignc4, 0x586e755fb164c, , 0
[09/08/2026-09:04:42] [TRT] [V]  (foreignNode)    8, 0.0242688, 4.31154, 0.01958, sm80_xmma_fprop_implicit_gemm_f32f32_tf32f32_f32_nhwckrsc_nhwc_tilesize128x128x32_stage4_warpsize2x2x1_g1_tensor16x8x8_t1r5s5, 0x67d95ea2715af, , 0
[09/08/2026-09:04:42] [TRT] [V]  (foreignNode)    9, 0.0258000, 4.58357, 0.01941, sm80_xmma_fprop_implicit_gemm_f32f32_tf32f32_f32_nhwckrsc_nchw_tilesize64x64x64_stage4_warpsize2x2x1_g1_tensor16x8x8_t1r5s5_alignc4, 0x688696e874812, , 0
[09/08/2026-09:04:42] [TRT] [V]  (foreignNode)   11, 0.0267232, 4.74758, 0.02552, sm80_xmma_fprop_implicit_gemm_f32f32_tf32f32_f32_nhwckrsc_nhwc_tilesize128x64x64_stage3_warpsize2x2x1_g1_tensor16x8x8_t1r5s5, 0x2dd48042b6066, , 0
[09/08/2026-09:04:42] [TRT] [V]  (foreignNode)   81, 0.0268800, 4.77544, 0.45296, sm80_xmma_fprop_implicit_gemm_indexed_f32f32_tf32f32_f32_nhwckrsc_nchw_tilesize64x64x64_stage4_warpsize2x2x1_g1_tensor16x8x8_alignc4, 0x5582301196a32, , 0
[09/08/2026-09:04:42] [TRT] [V]  (foreignNode)   30, 0.0336432, 5.97698, 0.27221, sm80_xmma_fprop_implicit_gemm_f32f32_f32f32_f32_nchwkcrs_nchw_tilesize32x32x8_stage3_warpsize1x2x1_g1_ffma_aligna4_alignc4, 0x47d7e95cee988, , 0
[09/08/2026-09:04:42] [TRT] [V]  (foreignNode)   15, 0.0342528, 6.08528, 0.11884, sm80_xmma_fprop_implicit_gemm_f32f32_tf32f32_f32_nhwckrsc_nchw_tilesize128x128x16_stage4_warpsize2x2x1_g1_tensor16x8x8_t1r5s5_alignc4, 0x64a5bc9cfe0be, , 0
[09/08/2026-09:04:42] [TRT] [V]  (foreignNode)   13, 0.0345648, 6.14071, 0.05183, sm80_xmma_fprop_implicit_gemm_f32f32_tf32f32_f32_nhwckrsc_nchw_tilesize256x64x32_stage3_warpsize4x2x1_g1_tensor16x8x8_t1r5s5_alignc4, 0x30a5d44552db2, , 0
[09/08/2026-09:04:42] [TRT] [V]  (foreignNode)   65, 0.0359424, 6.38545, 0.30234, sm80_xmma_fprop_implicit_gemm_f32f32_tf32f32_f32_nhwckrsc_nhwc_tilesize128x256x32_stage3_warpsize2x4x1_g1_tensor16x8x8_t1r5s5, 0x3b10a86956171, , 0
[09/08/2026-09:04:42] [TRT] [V]  (foreignNode)   54, 0.0364544, 6.47641, 0.27761, sm80_xmma_fprop_implicit_gemm_f32f32_tf32f32_f32_nhwckrsc_nhwc_tilesize256x128x32_stage3_warpsize4x2x1_g1_tensor16x8x8_t1r5s5, 0x3b1f9bd070fa0, , 0
[09/08/2026-09:04:42] [TRT] [V]  (foreignNode)   10, 0.0379392, 6.74019, 0.01584, sm80_xmma_fprop_implicit_gemm_f32f32_tf32f32_f32_nhwckrsc_nchw_tilesize128x64x64_stage3_warpsize2x2x1_g1_tensor16x8x8_t1r5s5_alignc4, 0x48512b62cf88f, , 0
[09/08/2026-09:04:42] [TRT] [V]  (foreignNode)   12, 0.0428784, 7.61768, 0.01677, sm80_xmma_fprop_implicit_gemm_f32f32_tf32f32_f32_nhwckrsc_nchw_tilesize128x128x32_stage4_warpsize2x2x1_g1_tensor16x8x8_t1r5s5_alignc4, 0x3e2a39739eeed, , 0
[09/08/2026-09:04:42] [TRT] [V]  (foreignNode)   78, 0.0508368, 9.03155, 0.22693, sm80_xmma_fprop_implicit_gemm_indexed_f32f32_f32f32_f32_nchwkcrs_nchw_tilesize32x32x8_stage3_warpsize1x2x1_g1_ffma_aligna4_alignc4, 0x30203ca254bcf, , 0
[09/08/2026-09:04:42] [TRT] [V]  (foreignNode)   17, 0.0569856, 10.12393, 0.08826, sm80_xmma_fprop_implicit_gemm_f32f32_tf32f32_f32_nhwckrsc_nchw_tilesize128x256x32_stage3_warpsize2x4x1_g1_tensor16x8x8_t1r5s5_alignc4, 0x37803b8af7e5a, , 0
[09/08/2026-09:04:42] [TRT] [V]  (foreignNode)   16, 0.0577488, 10.25952, 0.07361, sm80_xmma_fprop_implicit_gemm_f32f32_tf32f32_f32_nhwckrsc_nchw_tilesize256x128x32_stage3_warpsize4x2x1_g1_tensor16x8x8_t1r5s5_alignc4, 0x5779c54eff1c5, , 0
[09/08/2026-09:04:42] [TRT] [V]  (foreignNode)    0, 0.1742816, 30.96248, 0.00007, sm80_xmma_fprop_implicit_gemm_f32f32_f32f32_f32_nhwckrsc_nhwc_tilesize64x32x32_stage3_warpsize1x1x1_g1_ffma_t1r5s5_aligna4_alignc4, 0x56237ba1a6097, , 0
[09/08/2026-09:04:42] [TRT] [V]  (foreignNode) Autotuning op node_max_pool2d_1: [ONNX Layer: node_max_pool2d_1]
[09/08/2026-09:04:42] [TRT] [V]  (foreignNode) Sorted table of all evaluated tactics:
[09/08/2026-09:04:42] [TRT] [V]  (foreignNode) tactic_id, cost(in ms), cost/fastest_cost, prediction_correlation, kernel_name, tactic_hash, tunable_parameter
[09/08/2026-09:04:42] [TRT] [V]  (foreignNode)   22, 0.0032608, 1.00000, 0.00000, sm50_xmma_pooling_max_nhwc_FP32FP32_WINDOWSIZE_0_PROPAGATE_NAN_2D, 0x3dd9bff0e8c14,
[09/08/2026-09:04:42] [TRT] [V]  (foreignNode)   20, 0.0032736, 1.00393, 0.00000, sm50_xmma_pooling_max_nhwc_FP32FP32_WINDOWSIZE_0_PROPAGATE_NAN_3D, 0x6177346d98061,
[09/08/2026-09:04:42] [TRT] [V]  (foreignNode)   18, 0.0034784, 1.06673, 0.00000, sm50_xmma_pooling_max_nhwc_FP32FP32_WINDOWSIZE_0_NOT_PROPAGATE_NAN_2D, 0x601752c5587a9,
[09/08/2026-09:04:42] [TRT] [V]  (foreignNode)   19, 0.0035840, 1.09912, 0.00000, sm50_xmma_pooling_max_nhwc_FP32FP32_WINDOWSIZE_0_NOT_PROPAGATE_NAN_3D, 0x4dade819934e3,
[09/08/2026-09:04:42] [TRT] [V]  (foreignNode)   21, 0.0035872, 1.10010, 0.00000, sm50_xmma_pooling_fw_4d_FP32FP32NHWC_Max_CAlign4, 0x3da7f3d2dcdcd,
[09/08/2026-09:04:42] [TRT] [V]  (foreignNode)    5, 0.0041472, 1.27184, 0.00000, sm50_xmma_pooling_tiled_FP32NCHW_kMAX_tP2_tQ16_tR2_tS2_tU2_tV2_tUnroll6_tThreads128, 0x4b6404544edf2,
[09/08/2026-09:04:42] [TRT] [V]  (foreignNode)   14, 0.0041472, 1.27184, 0.00000, sm50_xmma_pooling_tiled_FP32NCHW_kMAX_tP2_tQ16_tR2_tS2_tU2_tV2_tUnroll4_tThreads128, 0x304f0f2939286,
[09/08/2026-09:04:42] [TRT] [V]  (foreignNode)    7, 0.0042864, 1.31452, 0.00000, sm50_xmma_pooling_tiled_FP32NCHW_kMAX_tP2_tQ32_tR2_tS2_tU2_tV2_tUnroll3_tThreads256, 0x4a75b59f583e1,
[09/08/2026-09:04:42] [TRT] [V]  (foreignNode)    6, 0.0042960, 1.31747, 0.00000, sm50_xmma_pooling_tiled_FP32NCHW_kMAX_tP2_tQ16_tR2_tS2_tU2_tV2_tUnroll5_tThreads128, 0x617e7b7086c5e,
[09/08/2026-09:04:42] [TRT] [V]  (foreignNode)   13, 0.0042960, 1.31747, 0.00000, sm50_xmma_pooling_tiled_FP32NCHW_kMAX_tP2_tQ16_tR2_tS2_tU2_tV2_tUnroll2_tThreads128, 0x5994346401f70,
[09/08/2026-09:04:42] [TRT] [V]  (foreignNode)    4, 0.0043008, 1.31894, 0.00000, sm50_xmma_pooling_tiled_FP32NCHW_kMAX_tP2_tQ16_tR2_tS2_tU2_tV2_tUnroll7_tThreads128, 0x5ea03d00b15e0,
[09/08/2026-09:04:42] [TRT] [V]  (foreignNode)    8, 0.0043008, 1.31894, 0.00000, sm50_xmma_pooling_tiled_FP32NCHW_kMAX_tP2_tQ32_tR2_tS2_tU2_tV2_tUnroll5_tThreads256, 0x65ece6dbe7db4,
[09/08/2026-09:04:42] [TRT] [V]  (foreignNode)   11, 0.0043008, 1.31894, 0.00000, sm50_xmma_pooling_tiled_FP32NCHW_kMAX_tP2_tQ16_tR2_tS2_tU2_tV2_tUnroll3_tThreads128, 0x395ae2b091f44,
[09/08/2026-09:04:42] [TRT] [V]  (foreignNode)   10, 0.0043056, 1.32041, 0.00000, sm50_xmma_pooling_tiled_FP32NCHW_kMAX_tP2_tQ32_tR2_tS2_tU2_tV2_tUnroll7_tThreads256, 0x4580c17baa2c1,
[09/08/2026-09:04:42] [TRT] [V]  (foreignNode)   12, 0.0043056, 1.32041, 0.00000, sm50_xmma_pooling_tiled_FP32NCHW_kMAX_tP2_tQ32_tR2_tS2_tU2_tV2_tUnroll2_tThreads256, 0x438ad4d9d8485,
[09/08/2026-09:04:42] [TRT] [V]  (foreignNode)    9, 0.0044496, 1.36457, 0.00000, sm50_xmma_pooling_tiled_FP32NCHW_kMAX_tP2_tQ32_tR2_tS2_tU2_tV2_tUnroll4_tThreads256, 0x4ca6630b8b8ab,
[09/08/2026-09:04:42] [TRT] [V]  (foreignNode)    2, 0.0044544, 1.36605, 0.00000, sm50_xmma_pooling_tiled_FP32NCHW_kMAX_tP2_tQ32_tR2_tS2_tU2_tV2_tUnroll8_tThreads256, 0x34c1d253bb2da,
[09/08/2026-09:04:42] [TRT] [V]  (foreignNode)   16, 0.0044544, 1.36605, 0.00000, sm50_xmma_pooling_tiled_FP32NCHW_kMAX_tP2_tQ32_tR2_tS2_tU2_tV2_tUnroll6_tThreads256, 0x4c0508fb8011a,
[09/08/2026-09:04:42] [TRT] [V]  (foreignNode)    3, 0.0046032, 1.41168, 0.00000, sm50_xmma_pooling_tiled_FP32NCHW_kMAX_tP2_tQ16_tR2_tS2_tU2_tV2_tUnroll8_tThreads128, 0x5811697597400,
[09/08/2026-09:04:42] [TRT] [V]  (foreignNode)   15, 0.0046080, 1.41315, 0.00000, sm50_xmma_pooling_tiled_FP32NCHW_kMAX_tP2_tQ16_tR2_tS2_tU2_tV2_tUnroll1_tThreads128, 0x42f5ff24d5421,
[09/08/2026-09:04:42] [TRT] [V]  (foreignNode)   17, 0.0046128, 1.41462, 0.00000, sm50_xmma_pooling_tiled_FP32NCHW_kMAX_tP2_tQ32_tR2_tS2_tU2_tV2_tUnroll1_tThreads256, 0x38ba3506f51b9,
[09/08/2026-09:04:42] [TRT] [V]  (foreignNode)    1, 0.0047616, 1.46026, 0.00000, sm50_xmma_pooling_nd_NCDHW_kMAX_kGENERIC_3D_POOLING_MODE_kFLOAT_0, 0x5c2957edc3f23,
[09/08/2026-09:04:42] [TRT] [V]  (foreignNode)    0, 0.0049104, 1.50589, 0.00000, sm50_xmma_pooling_fw_4d_FP32FP32NCHW_Max, 0x4ba9759a52761,
[09/08/2026-09:04:42] [TRT] [V]  (foreignNode) Autotuning op node_linear: [ONNX Layer: node_linear][ONNX Layer: node_relu_2]
[09/08/2026-09:04:42] [TRT] [V]  (foreignNode) Sorted table of all evaluated tactics:
[09/08/2026-09:04:42] [TRT] [V]  (foreignNode) tactic_id, cost(in ms), cost/fastest_cost, prediction_correlation, kernel_name, tactic_hash, tunable_parameter
[09/08/2026-09:04:42] [TRT] [V]  (foreignNode)    1, 0.0099328, 1.00000, 0.59517, sm80_xmma_gemm_f32f32_tf32f32_f32_tn_n_tilesize32x32x64_stage3_warpsize2x1x2_tensor16x8x8, 0x4754af3ee6112,
[09/08/2026-09:04:42] [TRT] [V]  (foreignNode)    4, 0.0109536, 1.10277, 0.56573, sm80_xmma_gemm_f32f32_tf32f32_f32_tn_n_tilesize32x32x64_stage3_warpsize2x1x2_tensor16x8x8, 0x2c80ce2f5c4a6,
[09/08/2026-09:04:42] [TRT] [V]  (foreignNode)   45, 0.0109536, 1.10277, 0.74887, sm86_xmma_gemm_f32f32_tf32f32_f32_nn_n_tilesize32x32x64_stage6_warpsize2x2x1_tensor16x8x8, 0x5f006fb224208,
[09/08/2026-09:04:42] [TRT] [V]  (foreignNode)    3, 0.0109568, 1.10309, 0.55420, sm80_xmma_gemm_f32f32_tf32f32_f32_nn_n_tilesize32x32x64_stage3_warpsize2x1x2_tensor16x8x8, 0x601ffa534e573,
[09/08/2026-09:04:42] [TRT] [V]  (foreignNode)   43, 0.0113632, 1.14401, 0.72170, sm80_xmma_gemm_f32f32_tf32f32_f32_tn_n_tilesize64x32x64_stage4_warpsize2x1x2_tensor16x8x8, 0x53bebff85b741,
[09/08/2026-09:04:42] [TRT] [V]  (foreignNode)    7, 0.0113664, 1.14433, 0.56098, sm80_xmma_gemm_f32f32_tf32f32_f32_nn_n_tilesize32x32x64_stage3_warpsize2x1x2_tensor16x8x8, 0x31806e557c683,
[09/08/2026-09:04:42] [TRT] [V]  (foreignNode)   37, 0.0113664, 1.14433, 0.70342, sm86_xmma_gemm_f32f32_tf32f32_f32_tn_n_tilesize32x32x64_stage6_warpsize2x2x1_tensor16x8x8, 0x49440904257ce,
[09/08/2026-09:04:42] [TRT] [V]  (foreignNode)    6, 0.0113696, 1.14465, 0.54855, sm80_xmma_gemm_f32f32_tf32f32_f32_tn_n_tilesize32x32x64_stage3_warpsize2x1x2_tensor16x8x8, 0x52fcf3eb82c1f,
[09/08/2026-09:04:42] [TRT] [V]  (foreignNode)    9, 0.0117664, 1.18460, 0.54554, sm80_xmma_gemm_f32f32_tf32f32_f32_nn_n_tilesize32x32x64_stage3_warpsize2x1x2_tensor16x8x8, 0x56e5cd4b1e999,
[09/08/2026-09:04:42] [TRT] [V]  (foreignNode)   47, 0.0117856, 1.18653, 0.70430, sm80_xmma_gemm_f32f32_tf32f32_f32_nn_n_tilesize64x32x64_stage4_warpsize2x1x2_tensor16x8x8, 0x4a785364cf633,
[09/08/2026-09:04:42] [TRT] [V]  (foreignNode)   13, 0.0119776, 1.20586, 0.58468, sm80_xmma_gemm_f32f32_tf32f32_f32_tn_n_tilesize32x32x64_stage3_warpsize2x1x2_tensor16x8x8, 0x2b826e27b0430,
[09/08/2026-09:04:42] [TRT] [V]  (foreignNode)   72, 0.0119904, 1.20715, 0.72708, sm86_xmma_gemm_f32f32_tf32f32_f32_tn_n_tilesize32x32x64_stage6_warpsize2x2x1_tensor16x8x8, 0x304308d622510,
[09/08/2026-09:04:42] [TRT] [V]  (foreignNode)   26, 0.0121888, 1.22713, 0.63111, sm86_xmma_gemm_f32f32_tf32f32_f32_tn_n_tilesize64x64x64_stage3_warpsize2x2x1_tensor16x8x8, 0x650de5b566787,
[09/08/2026-09:04:42] [TRT] [V]  (foreignNode)   80, 0.0123712, 1.24549, 0.70916, sm86_xmma_gemm_f32f32_tf32f32_f32_tn_n_tilesize32x32x64_stage6_warpsize2x2x1_tensor16x8x8, 0x652a3d4f71b10,
[09/08/2026-09:04:42] [TRT] [V]  (foreignNode)   63, 0.0123904, 1.24742, 0.69926, sm80_xmma_gemm_f32f32_tf32f32_f32_tn_n_tilesize64x64x64_stage4_warpsize2x2x1_tensor16x8x8, 0x3715c1a179d48,
[09/08/2026-09:04:42] [TRT] [V]  (foreignNode)   33, 0.0125792, 1.26643, 0.62700, sm86_xmma_gemm_f32f32_tf32f32_f32_nn_n_tilesize64x64x64_stage3_warpsize2x2x1_tensor16x8x8, 0x546622a97ce6a,
[09/08/2026-09:04:42] [TRT] [V]  (foreignNode)   31, 0.0125984, 1.26836, 0.61434, sm86_xmma_gemm_f32f32_tf32f32_f32_tn_n_tilesize64x64x64_stage3_warpsize2x2x1_tensor16x8x8, 0x6a578c1e81f84,
[09/08/2026-09:04:42] [TRT] [V]  (foreignNode)   71, 0.0128000, 1.28866, 0.68105, sm80_xmma_gemm_f32f32_tf32f32_f32_tn_n_tilesize64x64x64_stage4_warpsize2x2x1_tensor16x8x8, 0x3f590fa97a49c,
[09/08/2026-09:04:42] [TRT] [V]  (foreignNode)   88, 0.0130048, 1.30928, 0.68027, sm80_xmma_gemm_f32f32_tf32f32_f32_tn_n_tilesize64x32x64_stage4_warpsize2x1x2_tensor16x8x8, 0x51245ad63a290,
[09/08/2026-09:04:42] [TRT] [V]  (foreignNode)   35, 0.0130112, 1.30992, 0.60997, sm86_xmma_gemm_f32f32_tf32f32_f32_nn_n_tilesize64x64x64_stage3_warpsize2x2x1_tensor16x8x8, 0x3a29ad5e6f92a,
[09/08/2026-09:04:42] [TRT] [V]  (foreignNode)   89, 0.0131936, 1.32829, 0.67097, sm80_xmma_gemm_f32f32_tf32f32_f32_nn_n_tilesize64x64x64_stage4_warpsize2x1x2_tensor16x8x8, 0x3b4109015638a,
[09/08/2026-09:04:42] [TRT] [V]  (foreignNode)   93, 0.0132096, 1.32990, 0.67256, sm80_xmma_gemm_f32f32_tf32f32_f32_tn_n_tilesize64x32x64_stage4_warpsize2x1x2_tensor16x8x8, 0x5947a886fb6ef,
[09/08/2026-09:04:42] [TRT] [V]  (foreignNode)   87, 0.0134112, 1.35019, 0.65848, sm80_xmma_gemm_f32f32_tf32f32_f32_nn_n_tilesize64x64x64_stage4_warpsize2x1x2_tensor16x8x8, 0x6320ec617cc0c,
[09/08/2026-09:04:42] [TRT] [V]  (foreignNode)   23, 0.0134144, 1.35052, 0.53966, sm80_xmma_gemm_f32f32_tf32f32_f32_nn_n_tilesize32x32x64_stage3_warpsize2x1x2_tensor16x8x8, 0x50069414d8929,
[09/08/2026-09:04:42] [TRT] [V]  (foreignNode)   48, 0.0134176, 1.35084, 0.62987, sm80_xmma_gemm_f32f32_tf32f32_f32_tn_n_tilesize32x32x64_stage3_warpsize2x1x2_tensor16x8x8, 0x3954c87e6ea47,
[09/08/2026-09:04:42] [TRT] [V]  (foreignNode)   78, 0.0144352, 1.45329, 0.60623, sm80_xmma_gemm_f32f32_tf32f32_f32_nn_n_tilesize64x128x16_stage4_warpsize2x2x1_tensor16x8x8, 0x518da6ff6590d,
[09/08/2026-09:04:42] [TRT] [V]  (foreignNode)   12, 0.0146400, 1.47390, 0.47827, sm80_xmma_gemm_f32f32_tf32f32_f32_tn_n_tilesize32x32x64_stage3_warpsize2x1x2_tensor16x8x8, 0x49387e4fabbcb,
[09/08/2026-09:04:42] [TRT] [V]  (foreignNode)   19, 0.0146400, 1.47390, 0.49005, sm80_xmma_gemm_f32f32_tf32f32_f32_nn_n_tilesize64x128x16_stage4_warpsize2x2x1_tensor16x8x8, 0x511ce423a9d8c,
[09/08/2026-09:04:42] [TRT] [V]  (foreignNode)   74, 0.0146464, 1.47455, 0.59599, sm80_xmma_gemm_f32f32_tf32f32_f32_tn_n_tilesize64x128x16_stage4_warpsize2x2x1_tensor16x8x8, 0x5399ef8e51232,
[09/08/2026-09:04:42] [TRT] [V]  (foreignNode)   11, 0.0146592, 1.47584, 0.46494, sm80_xmma_gemm_f32f32_tf32f32_f32_tn_n_tilesize32x32x64_stage3_warpsize2x1x2_tensor16x8x8, 0x4273f3a49ff02,
[09/08/2026-09:04:42] [TRT] [V]  (foreignNode)   18, 0.0148416, 1.49420, 0.48331, sm80_xmma_gemm_f32f32_tf32f32_f32_tn_n_tilesize64x128x16_stage4_warpsize2x2x1_tensor16x8x8, 0x340cd48ea340c,
[09/08/2026-09:04:42] [TRT] [V]  (foreignNode)    0, 0.0148768, 1.49774, 0.39727, sm80_xmma_gemm_f32f32_tf32f32_f32_tn_n_tilesize32x32x64_stage3_warpsize2x1x2_tensor16x8x8, 0x55ca59c01c8e6,
[09/08/2026-09:04:42] [TRT] [V]  (foreignNode)   15, 0.0150528, 1.51546, 0.46757, sm80_xmma_gemm_f32f32_tf32f32_f32_nn_n_tilesize32x32x64_stage3_warpsize2x1x2_tensor16x8x8, 0x5c35e3523ca5d,
[09/08/2026-09:04:42] [TRT] [V]  (foreignNode)   39, 0.0156672, 1.57732, 0.52101, sm86_xmma_gemm_f32f32_tf32f32_f32_tn_n_tilesize64x128x32_stage4_warpsize2x2x1_tensor16x8x8, 0x5d24690f4b295,
[09/08/2026-09:04:42] [TRT] [V]  (foreignNode)   60, 0.0158784, 1.59858, 0.54354, sm80_xmma_gemm_f32f32_tf32f32_f32_tn_n_tilesize64x128x32_stage5_warpsize2x2x1_tensor16x8x8, 0x34cbf7978a0ab,
[09/08/2026-09:04:42] [TRT] [V]  (foreignNode)   67, 0.0160768, 1.61856, 0.54047, sm86_xmma_gemm_f32f32_tf32f32_f32_tn_n_tilesize64x64x64_stage3_warpsize2x2x1_tensor16x8x8, 0x3958d694e1568,
[09/08/2026-09:04:42] [TRT] [V]  (foreignNode)   41, 0.0164832, 1.65947, 0.49749, sm86_xmma_gemm_f32f32_tf32f32_f32_nn_n_tilesize32x32x64_stage6_warpsize2x2x1_tensor16x8x8, 0x66dc88611833d,
[09/08/2026-09:04:42] [TRT] [V]  (foreignNode)   36, 0.0164864, 1.65979, 0.48482, sm86_xmma_gemm_f32f32_tf32f32_f32_tn_n_tilesize32x32x64_stage6_warpsize2x2x1_tensor16x8x8, 0x334d6aeb9ee39,
[09/08/2026-09:04:42] [TRT] [V]  (foreignNode)   62, 0.0164896, 1.66012, 0.52452, sm80_xmma_gemm_f32f32_f32f32_f32_nn_n_tilesize32x32x8_stage3_warpsize1x2x1_ffma_aligna4_alignc4, 0x50b133907f7ab,
[09/08/2026-09:04:42] [TRT] [V]  (foreignNode)   97, 0.0164896, 1.66012, 0.54131, sm86_xmma_gemm_f32f32_tf32f32_f32_nn_n_tilesize64x64x64_stage3_warpsize2x2x1_tensor16x8x8, 0x57ad3a5939f42,
[09/08/2026-09:04:42] [TRT] [V]  (foreignNode)   83, 0.0164960, 1.66076, 0.53335, sm80_xmma_gemm_f32f32_tf32f32_f32_nn_n_tilesize32x32x64_stage3_warpsize2x1x2_tensor16x8x8, 0x3c15be2f96c18,
[09/08/2026-09:04:42] [TRT] [V]  (foreignNode)    2, 0.0166912, 1.68041, 0.36370, sm80_xmma_gemm_f32f32_tf32f32_f32_nn_n_tilesize32x32x64_stage3_warpsize2x1x2_tensor16x8x8, 0x60be6a68c09be,
[09/08/2026-09:04:42] [TRT] [V]  (foreignNode)   22, 0.0166944, 1.68073, 0.43355, sm80_xmma_gemm_f32f32_tf32f32_f32_nn_n_tilesize32x32x64_stage3_warpsize2x1x2_tensor16x8x8, 0x5c2792944e3c4,
[09/08/2026-09:04:42] [TRT] [V]  (foreignNode)   44, 0.0171008, 1.72165, 0.47964, sm86_xmma_gemm_f32f32_tf32f32_f32_tn_n_tilesize128x128x16_stage3_warpsize2x2x1_tensor16x8x8, 0x621141e7f7421,
[09/08/2026-09:04:42] [TRT] [V]  (foreignNode)   58, 0.0171008, 1.72165, 0.50425, sm86_xmma_gemm_f32f32_tf32f32_f32_nn_n_tilesize128x128x16_stage3_warpsize2x2x1_tensor16x8x8, 0x4a4cca60866fe,
[09/08/2026-09:04:42] [TRT] [V]  (foreignNode)   82, 0.0173024, 1.74195, 0.50800, sm80_xmma_gemm_f32f32_f32f32_f32_tn_n_tilesize32x32x8_stage3_warpsize1x2x1_ffma_aligna4_alignc4, 0x3895e4e299c32,
[09/08/2026-09:04:42] [TRT] [V]  (foreignNode)   85, 0.0179136, 1.80348, 0.49221, sm80_xmma_gemm_f32f32_f32f32_f32_nn_n_tilesize32x32x8_stage3_warpsize1x2x1_ffma_aligna4_alignc4, 0x55bfd27191e47,
[09/08/2026-09:04:42] [TRT] [V]  (foreignNode)   40, 0.0180256, 1.81476, 0.45484, sm80_xmma_gemm_f32f32_tf32f32_f32_tn_n_tilesize64x32x64_stage4_warpsize2x1x2_tensor16x8x8, 0x6115cd11889d1,
[09/08/2026-09:04:42] [TRT] [V]  (foreignNode)   46, 0.0187424, 1.88692, 0.44276, sm80_xmma_gemm_f32f32_tf32f32_f32_nn_n_tilesize64x32x64_stage4_warpsize2x1x2_tensor16x8x8, 0x505b265d2fd84,
[09/08/2026-09:04:42] [TRT] [V]  (foreignNode)   52, 0.0203776, 2.05155, 0.41959, sm80_xmma_gemm_f32f32_tf32f32_f32_nn_n_tilesize32x256x32_stage4_warpsize1x4x1_tensor16x8x8, 0x2d6b36f4a930b,
[09/08/2026-09:04:42] [TRT] [V]  (foreignNode)    8, 0.0209760, 2.11179, 0.30594, sm80_xmma_gemm_f32f32_tf32f32_f32_nn_n_tilesize32x32x64_stage3_warpsize2x1x2_tensor16x8x8, 0x36c3d0dadc4fc,
[09/08/2026-09:04:42] [TRT] [V]  (foreignNode)    5, 0.0209888, 2.11308, 0.29707, sm80_xmma_gemm_f32f32_tf32f32_f32_tn_n_tilesize32x32x64_stage3_warpsize2x1x2_tensor16x8x8, 0x58131294e7771,
[09/08/2026-09:04:42] [TRT] [V]  (foreignNode)   21, 0.0211936, 2.13370, 0.34003, sm80_xmma_gemm_f32f32_tf32f32_f32_tn_n_tilesize32x32x64_stage3_warpsize2x1x2_tensor16x8x8, 0x68ab9c9b89e00,
[09/08/2026-09:04:42] [TRT] [V]  (foreignNode)   28, 0.0211968, 2.13402, 0.36480, sm80_xmma_gemm_f32f32_tf32f32_f32_tn_n_tilesize64x128x16_stage4_warpsize2x2x1_tensor16x8x8, 0x50c6277f14a9d,
[09/08/2026-09:04:42] [TRT] [V]  (foreignNode)   25, 0.0213856, 2.15303, 0.34871, sm80_xmma_gemm_f32f32_tf32f32_f32_nn_n_tilesize32x32x64_stage3_warpsize2x1x2_tensor16x8x8, 0x440468bd59eeb,
[09/08/2026-09:04:42] [TRT] [V]  (foreignNode)   32, 0.0213984, 2.15432, 0.36174, sm80_xmma_gemm_f32f32_tf32f32_f32_nn_n_tilesize64x128x16_stage4_warpsize2x2x1_tensor16x8x8, 0x5320244124d72,
[09/08/2026-09:04:42] [TRT] [V]  (foreignNode)   79, 0.0213984, 2.15432, 0.40988, sm86_xmma_gemm_f32f32_tf32f32_f32_tn_n_tilesize32x32x64_stage6_warpsize2x2x1_tensor16x8x8, 0x55435e21c8bd9,
[09/08/2026-09:04:42] [TRT] [V]  (foreignNode)   56, 0.0216064, 2.17526, 0.39817, sm80_xmma_gemm_f32f32_f32f32_f32_nn_n_tilesize32x32x8_stage3_warpsize1x2x1_ffma_aligna4_alignc4, 0x34e06721671ab,
[09/08/2026-09:04:42] [TRT] [V]  (foreignNode)   66, 0.0218080, 2.19555, 0.39837, sm80_xmma_gemm_f32f32_f32f32_f32_nn_n_tilesize32x64x8_stage3_warpsize1x2x1_ffma_aligna4_alignc4, 0x457566fa3d624,
[09/08/2026-09:04:42] [TRT] [V]  (foreignNode)   91, 0.0226304, 2.27835, 0.39235, sm80_xmma_gemm_f32f32_f32f32_f32_nn_n_tilesize32x64x8_stage3_warpsize1x2x1_ffma_aligna4_alignc4, 0x477441cc379e7,
[09/08/2026-09:04:42] [TRT] [V]  (foreignNode)   76, 0.0232448, 2.34021, 0.37596, sm80_xmma_gemm_f32f32_f32f32_f32_tn_n_tilesize32x32x8_stage3_warpsize1x2x1_ffma_aligna4_alignc4, 0x662a0d08103e0,
[09/08/2026-09:04:42] [TRT] [V]  (foreignNode)   95, 0.0236544, 2.38144, 0.37651, sm80_xmma_gemm_f32f32_f32f32_f32_tn_n_tilesize32x64x8_stage3_warpsize1x2x1_ffma_aligna4_alignc4, 0x293eeea0d38fb,
[09/08/2026-09:04:42] [TRT] [V]  (foreignNode)   50, 0.0240608, 2.42236, 0.35338, sm86_xmma_gemm_f32f32_tf32f32_f32_tn_n_tilesize128x128x16_stage3_warpsize2x2x1_tensor16x8x8, 0x5a1906720f124,
[09/08/2026-09:04:42] [TRT] [V]  (foreignNode)   54, 0.0240640, 2.42268, 0.35586, sm80_xmma_gemm_f32f32_f32f32_f32_nn_n_tilesize32x32x8_stage3_warpsize1x2x1_ffma_aligna4_alignc4, 0x61334e6c5a975,
[09/08/2026-09:04:42] [TRT] [V]  (foreignNode)   99, 0.0240640, 2.42268, 0.37131, sm86_xmma_gemm_f32f32_tf32f32_f32_nn_n_tilesize128x128x16_stage3_warpsize2x2x1_tensor16x8x8, 0x3373d4895d909,
[09/08/2026-09:04:42] [TRT] [V]  (foreignNode)   29, 0.0250880, 2.52577, 0.30842, sm86_xmma_gemm_f32f32_tf32f32_f32_tn_n_tilesize64x64x64_stage3_warpsize2x2x1_tensor16x8x8, 0x3f23f8a152a5d,
[09/08/2026-09:04:42] [TRT] [V]  (foreignNode)   69, 0.0250880, 2.52577, 0.34668, sm80_xmma_gemm_f32f32_f32f32_f32_tn_n_tilesize32x32x8_stage3_warpsize1x2x1_ffma_aligna4_alignc4, 0x4b8b0eb9949c9,
[09/08/2026-09:04:42] [TRT] [V]  (foreignNode)   34, 0.0252928, 2.54639, 0.31370, sm86_xmma_gemm_f32f32_tf32f32_f32_nn_n_tilesize64x64x64_stage3_warpsize2x2x1_tensor16x8x8, 0x6322e945a5976,
[09/08/2026-09:04:42] [TRT] [V]  (foreignNode)   70, 0.0253056, 2.54768, 0.34439, sm80_xmma_gemm_f32f32_tf32f32_f32_tn_n_tilesize64x64x64_stage4_warpsize2x2x1_tensor16x8x8, 0x43848b6439669,
[09/08/2026-09:04:42] [TRT] [V]  (foreignNode)   61, 0.0254112, 2.55831, 0.34034, sm80_xmma_gemm_f32f32_f32f32_f32_nn_n_tilesize32x32x8_stage3_warpsize1x2x1_ffma_aligna4_alignc4, 0x600aa0de177f0,
[09/08/2026-09:04:42] [TRT] [V]  (foreignNode)   92, 0.0259072, 2.60825, 0.34285, sm80_xmma_gemm_f32f32_tf32f32_f32_tn_n_tilesize64x32x64_stage4_warpsize2x1x2_tensor16x8x8, 0x2cc2d52f5fcc6,
[09/08/2026-09:04:42] [TRT] [V]  (foreignNode)   55, 0.0269312, 2.71134, 0.31942, sm80_xmma_gemm_f32f32_f32f32_f32_nn_n_tilesize32x32x8_stage3_warpsize1x2x1_ffma_aligna4_alignc4, 0x2ab0757f34e1f,
[09/08/2026-09:04:42] [TRT] [V]  (foreignNode)   81, 0.0271360, 2.73196, 0.32388, sm80_xmma_gemm_f32f32_f32f32_f32_tn_n_tilesize32x32x8_stage3_warpsize1x2x1_ffma_aligna4_alignc4, 0x59b01aab2bd71,
[09/08/2026-09:04:42] [TRT] [V]  (foreignNode)   86, 0.0279520, 2.81411, 0.31583, sm80_xmma_gemm_f32f32_tf32f32_f32_nn_n_tilesize64x64x64_stage4_warpsize2x1x2_tensor16x8x8, 0x4d6ab547a5dfd,
[09/08/2026-09:04:42] [TRT] [V]  (foreignNode)   75, 0.0283648, 2.85567, 0.30808, sm80_xmma_gemm_f32f32_f32f32_f32_tn_n_tilesize32x32x8_stage3_warpsize1x2x1_ffma_aligna4_alignc4, 0x541b4d5762a3a,
[09/08/2026-09:04:42] [TRT] [V]  (foreignNode)   73, 0.0290592, 2.92558, 0.30032, sm80_xmma_gemm_f32f32_tf32f32_f32_tn_n_tilesize64x128x16_stage4_warpsize2x2x1_tensor16x8x8, 0x33d975691278a,
[09/08/2026-09:04:42] [TRT] [V]  (foreignNode)   77, 0.0291808, 2.93782, 0.29982, sm80_xmma_gemm_f32f32_tf32f32_f32_nn_n_tilesize64x128x16_stage4_warpsize2x2x1_tensor16x8x8, 0x50633218a182f,
[09/08/2026-09:04:42] [TRT] [V]  (foreignNode)   64, 0.0295936, 2.97938, 0.29354, sm80_xmma_gemm_f32f32_f32f32_f32_nn_n_tilesize32x64x8_stage3_warpsize1x2x1_ffma_aligna4_alignc4, 0x60f1628294e6b,
[09/08/2026-09:04:42] [TRT] [V]  (foreignNode)   94, 0.0312352, 3.14465, 0.28510, sm80_xmma_gemm_f32f32_f32f32_f32_tn_n_tilesize32x64x8_stage3_warpsize1x2x1_ffma_aligna4_alignc4, 0x4036f2db4de02,
[09/08/2026-09:04:42] [TRT] [V]  (foreignNode)   10, 0.0338944, 3.41237, 0.20104, sm80_xmma_gemm_f32f32_tf32f32_f32_tn_n_tilesize32x32x64_stage3_warpsize2x1x2_tensor16x8x8, 0x313eaa919b99e,
[09/08/2026-09:04:42] [TRT] [V]  (foreignNode)   14, 0.0340960, 3.43267, 0.20638, sm80_xmma_gemm_f32f32_tf32f32_f32_nn_n_tilesize32x32x64_stage3_warpsize2x1x2_tensor16x8x8, 0x40cf674f9f233,
[09/08/2026-09:04:42] [TRT] [V]  (foreignNode)   84, 0.0371744, 3.74259, 0.23717, sm80_xmma_gemm_f32f32_f32f32_f32_nn_n_tilesize32x32x8_stage3_warpsize1x2x1_ffma_aligna4_alignc4, 0x5ac33ddf1e839,
[09/08/2026-09:04:42] [TRT] [V]  (foreignNode)   90, 0.0373664, 3.76192, 0.23760, sm80_xmma_gemm_f32f32_f32f32_f32_nn_n_tilesize32x64x8_stage3_warpsize1x2x1_ffma_aligna4_alignc4, 0x6477c7b6122cf,
[09/08/2026-09:04:42] [TRT] [V]  (foreignNode)   96, 0.0412640, 4.15432, 0.21626, sm86_xmma_gemm_f32f32_tf32f32_f32_nn_n_tilesize64x64x64_stage3_warpsize2x2x1_tensor16x8x8, 0x2dbfb7f462b29,
[09/08/2026-09:04:42] [TRT] [V]  (foreignNode)   65, 0.0412672, 4.15464, 0.21051, sm86_xmma_gemm_f32f32_tf32f32_f32_tn_n_tilesize64x64x64_stage3_warpsize2x2x1_tensor16x8x8, 0x2fb43c6166a71,
[09/08/2026-09:04:42] [TRT] [V]  (foreignNode)   17, 0.0437216, 4.40174, 0.16404, sm80_xmma_gemm_f32f32_tf32f32_f32_nn_n_tilesize64x128x16_stage4_warpsize2x2x1_tensor16x8x8, 0x6129d9f7edf6b,
[09/08/2026-09:04:42] [TRT] [V]  (foreignNode)   16, 0.0441344, 4.44330, 0.16248, sm80_xmma_gemm_f32f32_tf32f32_f32_tn_n_tilesize64x128x16_stage4_warpsize2x2x1_tensor16x8x8, 0x5e2d18c0d8a5b,
[09/08/2026-09:04:42] [TRT] [V]  (foreignNode)   38, 0.0453664, 4.56733, 0.17988, sm86_xmma_gemm_f32f32_tf32f32_f32_tn_n_tilesize64x128x32_stage4_warpsize2x2x1_tensor16x8x8, 0x31b0cab2d3db7,
[09/08/2026-09:04:42] [TRT] [V]  (foreignNode)   59, 0.0455680, 4.58763, 0.18934, sm80_xmma_gemm_f32f32_tf32f32_f32_tn_n_tilesize64x128x32_stage5_warpsize2x2x1_tensor16x8x8, 0x36aedbdd985a9,
[09/08/2026-09:04:42] [TRT] [V]  (foreignNode)   20, 0.0623584, 6.27803, 0.11553, sm80_xmma_gemm_f32f32_tf32f32_f32_tn_n_tilesize32x32x64_stage3_warpsize2x1x2_tensor16x8x8, 0x2a355c1d19e67,
[09/08/2026-09:04:42] [TRT] [V]  (foreignNode)   24, 0.0623616, 6.27835, 0.11955, sm80_xmma_gemm_f32f32_tf32f32_f32_nn_n_tilesize32x32x64_stage3_warpsize2x1x2_tensor16x8x8, 0x505bbf1ba6336,
[09/08/2026-09:04:42] [TRT] [V]  (foreignNode)   42, 0.0637952, 6.42268, 0.12854, sm86_xmma_gemm_f32f32_tf32f32_f32_tn_n_tilesize128x128x16_stage3_warpsize2x2x1_tensor16x8x8, 0x3bfc7a67f80af,
[09/08/2026-09:04:42] [TRT] [V]  (foreignNode)   57, 0.0637952, 6.42268, 0.13514, sm86_xmma_gemm_f32f32_tf32f32_f32_nn_n_tilesize128x128x16_stage3_warpsize2x2x1_tensor16x8x8, 0x4cc75a31ded0e,
[09/08/2026-09:04:42] [TRT] [V]  (foreignNode)   53, 0.0699392, 7.04124, 0.12243, sm80_xmma_gemm_f32f32_f32f32_f32_nn_n_tilesize32x32x8_stage3_warpsize1x2x1_ffma_aligna4_alignc4, 0x5def255456882,
[09/08/2026-09:04:42] [TRT] [V]  (foreignNode)   68, 0.0712704, 7.17526, 0.12203, sm80_xmma_gemm_f32f32_f32f32_f32_tn_n_tilesize32x32x8_stage3_warpsize1x2x1_ffma_aligna4_alignc4, 0x35a037dfe6431,
[09/08/2026-09:04:42] [TRT] [V]  (foreignNode)   51, 0.0766976, 7.72165, 0.11144, sm80_xmma_gemm_f32f32_tf32f32_f32_nn_n_tilesize32x256x32_stage4_warpsize1x4x1_tensor16x8x8, 0x590b17c5811d7,
[09/08/2026-09:04:42] [TRT] [V]  (foreignNode)   30, 0.0787456, 7.92784, 0.09827, sm80_xmma_gemm_f32f32_tf32f32_f32_nn_n_tilesize64x128x16_stage4_warpsize2x2x1_tensor16x8x8, 0x3babff34466f9,
[09/08/2026-09:04:42] [TRT] [V]  (foreignNode)   27, 0.0789440, 7.94781, 0.09792, sm80_xmma_gemm_f32f32_tf32f32_f32_tn_n_tilesize64x128x16_stage4_warpsize2x2x1_tensor16x8x8, 0x43a65c84f33df,
[09/08/2026-09:04:42] [TRT] [V]  (foreignNode)   49, 0.1197440, 12.05541, 0.07099, sm86_xmma_gemm_f32f32_tf32f32_f32_tn_n_tilesize128x128x16_stage3_warpsize2x2x1_tensor16x8x8, 0x60c08ef4fbd35,
[09/08/2026-09:04:42] [TRT] [V]  (foreignNode)   98, 0.1198720, 12.06830, 0.07452, sm86_xmma_gemm_f32f32_tf32f32_f32_nn_n_tilesize128x128x16_stage3_warpsize2x2x1_tensor16x8x8, 0x67c204fd959ea,
[09/08/2026-09:04:42] [TRT] [V]  (foreignNode) Autotuning op node_linear_1_2: [ONNX Layer: node_linear_1]
[09/08/2026-09:04:42] [TRT] [V]  (foreignNode) Sorted table of all evaluated tactics:
[09/08/2026-09:04:42] [TRT] [V]  (foreignNode) tactic_id, cost(in ms), cost/fastest_cost, prediction_correlation, kernel_name, tactic_hash, tunable_parameter
[09/08/2026-09:04:42] [TRT] [V]  (foreignNode)   14, 0.0083008, 1.00000, 0.79444, sm80_xmma_gemm_f32f32_tf32f32_f32_tn_n_tilesize32x32x64_stage3_warpsize2x2x1_tensor16x8x8_aligna4_alignc4, 0x52a68fac6f316,
[09/08/2026-09:04:42] [TRT] [V]  (foreignNode)   22, 0.0084992, 1.02390, 0.83960, sm80_xmma_gemm_f32f32_tf32f32_f32_tn_n_tilesize32x32x64_stage3_warpsize2x2x1_tensor16x8x8_aligna4_alignc4, 0x4a01bcf5a5e6a,
[09/08/2026-09:04:42] [TRT] [V]  (foreignNode)   17, 0.0085024, 1.02429, 0.80207, sm80_xmma_gemm_f32f32_tf32f32_f32_nn_n_tilesize32x32x64_stage3_warpsize2x2x1_tensor16x8x8_aligna4_alignc4, 0x45780d7633278,
[09/08/2026-09:04:42] [TRT] [V]  (foreignNode)   20, 0.0087040, 1.04857, 0.81602, sm80_xmma_gemm_f32f32_tf32f32_f32_nn_n_tilesize32x32x64_stage3_warpsize2x2x1_tensor16x8x8_aligna4_alignc4, 0x4536f3c1fe89e,
[09/08/2026-09:04:42] [TRT] [V]  (foreignNode)   25, 0.0087040, 1.04857, 0.84743, sm80_xmma_gemm_f32f32_tf32f32_f32_nn_n_tilesize32x32x64_stage3_warpsize2x2x1_tensor16x8x8_aligna4_alignc4, 0x4ac96971a09ed,
[09/08/2026-09:04:42] [TRT] [V]  (foreignNode)   18, 0.0087072, 1.04896, 0.78899, sm80_xmma_gemm_f32f32_tf32f32_f32_tn_n_tilesize32x32x64_stage3_warpsize2x2x1_tensor16x8x8_aligna4_alignc4, 0x5caf2e16e9e6d,
[09/08/2026-09:04:42] [TRT] [V]  (foreignNode)    1, 0.0091200, 1.09869, 0.53965, sm80_xmma_gemm_f32f32_f32f32_f32_nn_n_tilesize32x32x8_stage3_warpsize1x2x1_ffma_aligna4_alignc4, 0x6d8650440f9fc,
[09/08/2026-09:04:42] [TRT] [V]  (foreignNode)   39, 0.0093184, 1.12259, 0.97900, sm80_xmma_gemm_f32f32_tf32f32_f32_tn_n_tilesize64x32x64_stage5_warpsize2x2x1_tensor16x8x8_aligna4_alignc4, 0x5ebd1bd25ec0d,
[09/08/2026-09:04:42] [TRT] [V]  (foreignNode)    0, 0.0093216, 1.12298, 0.52505, sm80_xmma_gemm_f32f32_f32f32_f32_tn_n_tilesize32x32x8_stage3_warpsize1x2x1_ffma_aligna4_alignc4, 0x53e0b736e7fdb,
[09/08/2026-09:04:42] [TRT] [V]  (foreignNode)    3, 0.0093280, 1.12375, 0.54397, sm80_xmma_gemm_f32f32_f32f32_f32_nn_n_tilesize32x32x8_stage3_warpsize1x2x1_ffma_aligna4_alignc4, 0x32735936b4af1,
[09/08/2026-09:04:42] [TRT] [V]  (foreignNode)   36, 0.0095232, 1.14726, 0.91068, sm80_xmma_gemm_f32f32_tf32f32_f32_tn_n_tilesize32x64x64_stage4_warpsize2x2x1_tensor16x8x8_aligna4_alignc4, 0x3dcaab6c61350,
[09/08/2026-09:04:42] [TRT] [V]  (foreignNode)   40, 0.0095232, 1.14726, 0.96287, sm80_xmma_gemm_f32f32_tf32f32_f32_nn_n_tilesize32x64x64_stage4_warpsize2x2x1_tensor16x8x8_aligna4_alignc4, 0x3b03774c7824d,
[09/08/2026-09:04:42] [TRT] [V]  (foreignNode)   43, 0.0095232, 1.14726, 0.97798, sm80_xmma_gemm_f32f32_tf32f32_f32_nn_n_tilesize64x32x64_stage5_warpsize2x2x1_tensor16x8x8_aligna4_alignc4, 0x65feca0fb2307,
[09/08/2026-09:04:42] [TRT] [V]  (foreignNode)    2, 0.0097184, 1.17078, 0.51983, sm80_xmma_gemm_f32f32_f32f32_f32_tn_n_tilesize32x32x8_stage3_warpsize1x2x1_ffma_aligna4_alignc4, 0x67f6cd3af2931,
[09/08/2026-09:04:42] [TRT] [V]  (foreignNode)   32, 0.0099296, 1.19622, 0.82890, sm80_xmma_gemm_f32f32_tf32f32_f32_tn_n_tilesize32x32x64_stage3_warpsize2x2x1_tensor16x8x8_aligna4_alignc4, 0x2f3acf82f1b05,
[09/08/2026-09:04:42] [TRT] [V]  (foreignNode)   34, 0.0101376, 1.22128, 0.83851, sm80_xmma_gemm_f32f32_tf32f32_f32_nn_n_tilesize32x32x64_stage3_warpsize2x2x1_tensor16x8x8_aligna4_alignc4, 0x5f4815e9ed28e,
[09/08/2026-09:04:42] [TRT] [V]  (foreignNode)   44, 0.0101472, 1.22244, 0.92104, sm80_xmma_gemm_f32f32_tf32f32_f32_tn_n_tilesize64x32x64_stage5_warpsize2x2x1_tensor16x8x8_aligna4_alignc4, 0x6654d97a8e262,
[09/08/2026-09:04:42] [TRT] [V]  (foreignNode)   46, 0.0103392, 1.24557, 0.91734, sm80_xmma_gemm_f32f32_tf32f32_f32_tn_n_tilesize32x64x64_stage4_warpsize2x2x1_tensor16x8x8_aligna4_alignc4, 0x342bcbcf43544,
[09/08/2026-09:04:42] [TRT] [V]  (foreignNode)   53, 0.0103392, 1.24557, 0.98063, sm80_xmma_gemm_f32f32_tf32f32_f32_tn_n_tilesize64x64x64_stage4_warpsize2x2x1_tensor16x8x8_aligna4_alignc4, 0x56c30e5468447,
[09/08/2026-09:04:42] [TRT] [V]  (foreignNode)   15, 0.0105472, 1.27062, 0.62837, sm80_xmma_gemm_f32f32_f32f32_f32_tn_n_tilesize64x64x8_stage3_warpsize1x4x1_ffma_aligna4_alignc4, 0x432566f52b870,
[09/08/2026-09:04:42] [TRT] [V]  (foreignNode)   47, 0.0105472, 1.27062, 0.90441, sm80_xmma_gemm_f32f32_tf32f32_f32_nn_n_tilesize64x32x64_stage5_warpsize2x2x1_tensor16x8x8_aligna4_alignc4, 0x494eb4c142719,
[09/08/2026-09:04:42] [TRT] [V]  (foreignNode)   49, 0.0105472, 1.27062, 0.94839, sm80_xmma_gemm_f32f32_tf32f32_f32_nn_n_tilesize32x64x64_stage4_warpsize2x2x1_tensor16x8x8_aligna4_alignc4, 0x60aeb3c689fac,
[09/08/2026-09:04:42] [TRT] [V]  (foreignNode)   50, 0.0105472, 1.27062, 0.95650, sm80_xmma_gemm_f32f32_tf32f32_f32_tn_n_tilesize32x64x64_stage4_warpsize2x2x1_tensor16x8x8_aligna4_alignc4, 0x4a1d7a85bbd47,
[09/08/2026-09:04:42] [TRT] [V]  (foreignNode)    4, 0.0105536, 1.27140, 0.54175, sm80_xmma_gemm_f32f32_f32f32_f32_nn_n_tilesize32x32x8_stage3_warpsize1x2x1_ffma_aligna4_alignc4, 0x659891649d8d8,
[09/08/2026-09:04:42] [TRT] [V]  (foreignNode)   13, 0.0107488, 1.29491, 0.60842, sm80_xmma_gemm_f32f32_f32f32_f32_nn_n_tilesize64x64x8_stage3_warpsize1x4x1_ffma_aligna4_alignc4, 0x5c5f59a7452c1,
[09/08/2026-09:04:42] [TRT] [V]  (foreignNode)   62, 0.0107488, 1.29491, 0.98813, sm80_xmma_gemm_f32f32_tf32f32_f32_nn_n_tilesize32x64x64_stage4_warpsize2x2x1_tensor16x8x8_aligna4_alignc4, 0x5b3593f2790f8,
[09/08/2026-09:04:42] [TRT] [V]  (foreignNode)   68, 0.0107520, 1.29530, 1.04360, sm80_xmma_gemm_f32f32_tf32f32_f32_nn_n_tilesize64x64x64_stage4_warpsize2x2x1_tensor16x8x8_aligna4_alignc4, 0x3481ff247648b,
[09/08/2026-09:04:42] [TRT] [V]  (foreignNode)   54, 0.0107552, 1.29568, 0.94436, sm80_xmma_gemm_f32f32_tf32f32_f32_tn_n_tilesize64x32x64_stage5_warpsize2x2x1_tensor16x8x8_aligna4_alignc4, 0x52602fda34293,
[09/08/2026-09:04:42] [TRT] [V]  (foreignNode)   37, 0.0107712, 1.29761, 0.82661, sm80_xmma_gemm_f32f32_tf32f32_f32_tn_n_tilesize32x32x64_stage3_warpsize2x2x1_tensor16x8x8_aligna4_alignc4, 0x42cd613e5ca06,
[09/08/2026-09:04:42] [TRT] [V]  (foreignNode)   57, 0.0109568, 1.31997, 0.94526, sm80_xmma_gemm_f32f32_tf32f32_f32_nn_n_tilesize64x32x64_stage5_warpsize2x2x1_tensor16x8x8_aligna4_alignc4, 0x62a1dc1117c3b,
[09/08/2026-09:04:42] [TRT] [V]  (foreignNode)   21, 0.0109600, 1.32035, 0.65050, sm80_xmma_gemm_f32f32_f32f32_f32_tn_n_tilesize64x64x8_stage3_warpsize1x4x1_ffma_aligna4_alignc4, 0x6b866be409fe3,
[09/08/2026-09:04:42] [TRT] [V]  (foreignNode)    5, 0.0111616, 1.34464, 0.51232, sm80_xmma_gemm_f32f32_f32f32_f32_tn_n_tilesize32x32x8_stage3_warpsize1x2x1_ffma_aligna4_alignc4, 0x3299804590860,
[09/08/2026-09:04:42] [TRT] [V]  (foreignNode)   19, 0.0111648, 1.34503, 0.62959, sm80_xmma_gemm_f32f32_f32f32_f32_nn_n_tilesize64x64x8_stage3_warpsize1x4x1_ffma_aligna4_alignc4, 0x3c6cbb87a3c11,
[09/08/2026-09:04:42] [TRT] [V]  (foreignNode)   41, 0.0113664, 1.36931, 0.80863, sm80_xmma_gemm_f32f32_tf32f32_f32_nn_n_tilesize32x32x64_stage3_warpsize2x2x1_tensor16x8x8_aligna4_alignc4, 0x54bb229ee8962,
[09/08/2026-09:04:42] [TRT] [V]  (foreignNode)   72, 0.0115712, 1.39399, 1.00251, sm80_xmma_gemm_f32f32_tf32f32_f32_tn_n_tilesize128x64x16_stage6_warpsize2x2x1_tensor16x8x8_aligna4_alignc4, 0x64f2e5c5d940f,
[09/08/2026-09:04:42] [TRT] [V]  (foreignNode)   71, 0.0117728, 1.41827, 0.98331, sm80_xmma_gemm_f32f32_tf32f32_f32_nn_n_tilesize128x64x16_stage6_warpsize2x2x1_tensor16x8x8_aligna4_alignc4, 0x2de7e2f56cf38,
[09/08/2026-09:04:42] [TRT] [V]  (foreignNode)    8, 0.0117760, 1.41866, 0.53056, sm80_xmma_gemm_f32f32_f32f32_f32_tn_n_tilesize64x32x8_stage3_warpsize1x2x1_ffma_aligna4_alignc4, 0x38d559c11c530,
[09/08/2026-09:04:42] [TRT] [V]  (foreignNode)   28, 0.0117760, 1.41866, 0.65084, sm80_xmma_gemm_f32f32_f32f32_f32_nn_n_tilesize128x32x8_stage3_warpsize2x2x1_ffma_aligna4_alignc4, 0x30fe0c9195ffc,
[09/08/2026-09:04:42] [TRT] [V]  (foreignNode)   61, 0.0117760, 1.41866, 0.89931, sm80_xmma_gemm_f32f32_tf32f32_f32_tn_n_tilesize64x64x64_stage4_warpsize2x2x1_tensor16x8x8_aligna4_alignc4, 0x33684ba0784d0,
[09/08/2026-09:04:42] [TRT] [V]  (foreignNode)   10, 0.0117792, 1.41904, 0.54323, sm80_xmma_gemm_f32f32_f32f32_f32_nn_n_tilesize64x32x8_stage3_warpsize1x2x1_ffma_aligna4_alignc4, 0x52cfa56c66fe3,
[09/08/2026-09:04:42] [TRT] [V]  (foreignNode)   31, 0.0119808, 1.44333, 0.66423, sm80_xmma_gemm_f32f32_f32f32_f32_tn_n_tilesize128x32x8_stage3_warpsize2x2x1_ffma_aligna4_alignc4, 0x48daa8d92ef38,
[09/08/2026-09:04:42] [TRT] [V]  (foreignNode)   77, 0.0119808, 1.44333, 1.00184, sm80_xmma_gemm_f32f32_tf32f32_f32_tn_n_tilesize128x64x64_stage3_warpsize2x2x1_tensor16x8x8_aligna4_alignc4, 0x432d0b8d4d8fa,
[09/08/2026-09:04:42] [TRT] [V]  (foreignNode)    6, 0.0119840, 1.44372, 0.50703, sm80_xmma_gemm_f32f32_f32f32_f32_nn_n_tilesize32x64x8_stage3_warpsize1x2x1_ffma_aligna4_alignc4, 0x4b5da5f9735be,
[09/08/2026-09:04:42] [TRT] [V]  (foreignNode)   75, 0.0119904, 1.44449, 0.98770, sm80_xmma_gemm_f32f32_tf32f32_f32_tn_n_tilesize128x64x32_stage5_warpsize2x2x1_tensor16x8x8_aligna4_alignc4, 0x3c73ed54e156d,
[09/08/2026-09:04:42] [TRT] [V]  (foreignNode)   70, 0.0121824, 1.46762, 0.93884, sm80_xmma_gemm_f32f32_tf32f32_f32_tn_n_tilesize64x64x64_stage4_warpsize2x2x1_tensor16x8x8_aligna4_alignc4, 0x2c216db6d3e71,
[09/08/2026-09:04:42] [TRT] [V]  (foreignNode)    9, 0.0121856, 1.46800, 0.52062, sm80_xmma_gemm_f32f32_f32f32_f32_nn_n_tilesize32x64x8_stage3_warpsize1x2x1_ffma_aligna4_alignc4, 0x44c45935bc7b5,
[09/08/2026-09:04:42] [TRT] [V]  (foreignNode)   33, 0.0121856, 1.46800, 0.67688, sm80_xmma_gemm_f32f32_f32f32_f32_nn_n_tilesize128x32x8_stage3_warpsize2x2x1_ffma_aligna4_alignc4, 0x4e5d102f61daf,
[09/08/2026-09:04:42] [TRT] [V]  (foreignNode)   81, 0.0121856, 1.46800, 1.01157, sm80_xmma_gemm_f32f32_tf32f32_f32_tn_n_tilesize128x64x16_stage6_warpsize2x2x1_tensor16x8x8_aligna4_alignc4, 0x64959ada68128,
[09/08/2026-09:04:42] [TRT] [V]  (foreignNode)   79, 0.0123776, 1.49113, 0.99203, sm80_xmma_gemm_f32f32_tf32f32_f32_nn_n_tilesize128x64x16_stage6_warpsize2x2x1_tensor16x8x8_aligna4_alignc4, 0x57bd74ad0587c,
[09/08/2026-09:04:42] [TRT] [V]  (foreignNode)   73, 0.0123872, 1.49229, 0.94541, sm80_xmma_gemm_f32f32_tf32f32_f32_nn_n_tilesize64x64x64_stage4_warpsize2x2x1_tensor16x8x8_aligna4_alignc4, 0x4c826aa077841,
[09/08/2026-09:04:42] [TRT] [V]  (foreignNode)   12, 0.0123904, 1.49268, 0.52652, sm80_xmma_gemm_f32f32_f32f32_f32_tn_n_tilesize64x32x8_stage3_warpsize1x2x1_ffma_aligna4_alignc4, 0x4e3d702a5a159,
[09/08/2026-09:04:42] [TRT] [V]  (foreignNode)   16, 0.0123904, 1.49268, 0.53869, sm80_xmma_gemm_f32f32_f32f32_f32_nn_n_tilesize64x32x8_stage3_warpsize1x2x1_ffma_aligna4_alignc4, 0x56f33295cb360,
[09/08/2026-09:04:42] [TRT] [V]  (foreignNode)   80, 0.0125856, 1.51619, 0.97701, sm80_xmma_gemm_f32f32_tf32f32_f32_nn_n_tilesize128x64x32_stage5_warpsize2x2x1_tensor16x8x8_aligna4_alignc4, 0x63fbde31b8230,
[09/08/2026-09:04:42] [TRT] [V]  (foreignNode)   51, 0.0125888, 1.51658, 0.80420, sm80_xmma_gemm_f32f32_tf32f32_f32_tn_n_tilesize64x128x16_stage4_warpsize2x2x1_tensor16x8x8_aligna4_alignc4, 0x621a0b86e45c5,
[09/08/2026-09:04:42] [TRT] [V]  (foreignNode)   35, 0.0125920, 1.51696, 0.68019, sm80_xmma_gemm_f32f32_f32f32_f32_tn_n_tilesize128x32x8_stage3_warpsize2x2x1_ffma_aligna4_alignc4, 0x5a8a86e184bbf,
[09/08/2026-09:04:42] [TRT] [V]  (foreignNode)   86, 0.0125920, 1.51696, 0.99230, sm80_xmma_gemm_f32f32_tf32f32_f32_tn_n_tilesize128x64x32_stage5_warpsize2x2x1_tensor16x8x8_aligna4_alignc4, 0x341f85ae7444b,
[09/08/2026-09:04:42] [TRT] [V]  (foreignNode)    7, 0.0128000, 1.54202, 0.47959, sm80_xmma_gemm_f32f32_f32f32_f32_tn_n_tilesize32x64x8_stage3_warpsize1x2x1_ffma_aligna4_alignc4, 0x67684ecabefdf,
[09/08/2026-09:04:42] [TRT] [V]  (foreignNode)   63, 0.0128000, 1.54202, 0.83635, sm80_xmma_gemm_f32f32_tf32f32_f32_tn_n_tilesize64x128x16_stage4_warpsize2x2x1_tensor16x8x8_aligna4_alignc4, 0x307e649047afe,
[09/08/2026-09:04:42] [TRT] [V]  (foreignNode)   90, 0.0128000, 1.54202, 0.98671, sm80_xmma_gemm_f32f32_tf32f32_f32_nn_n_tilesize64x64x64_stage4_warpsize2x2x1_tensor16x8x8_aligna4_alignc4, 0x3a7eb30a74588,
[09/08/2026-09:04:42] [TRT] [V]  (foreignNode)   96, 0.0128000, 1.54202, 1.02411, sm80_xmma_gemm_f32f32_tf32f32_f32_nn_n_tilesize128x64x64_stage3_warpsize2x2x1_tensor16x8x8_aligna4_alignc4, 0x454fd8e312b1c,
[09/08/2026-09:04:42] [TRT] [V]  (foreignNode)   91, 0.0130016, 1.56631, 0.97314, sm80_xmma_gemm_f32f32_tf32f32_f32_tn_n_tilesize64x32x64_stage5_warpsize2x2x1_tensor16x8x8_aligna4_alignc4, 0x36f27c794c467,
[09/08/2026-09:04:42] [TRT] [V]  (foreignNode)   89, 0.0130080, 1.56708, 0.96874, sm80_xmma_gemm_f32f32_tf32f32_f32_tn_n_tilesize32x64x64_stage4_warpsize2x2x1_tensor16x8x8_aligna4_alignc4, 0x4aa0fda122c34,
[09/08/2026-09:04:42] [TRT] [V]  (foreignNode)   42, 0.0132064, 1.59098, 0.70239, sm80_xmma_gemm_f32f32_f32f32_f32_tn_n_tilesize64x64x8_stage3_warpsize1x4x1_ffma_aligna4_alignc4, 0x3fc0c9e83dd6c,
[09/08/2026-09:04:42] [TRT] [V]  (foreignNode)   11, 0.0132096, 1.59136, 0.48605, sm80_xmma_gemm_f32f32_f32f32_f32_tn_n_tilesize32x64x8_stage3_warpsize1x2x1_ffma_aligna4_alignc4, 0x3579cd3e36d3e,
[09/08/2026-09:04:42] [TRT] [V]  (foreignNode)   95, 0.0132096, 1.59136, 0.98154, sm80_xmma_gemm_f32f32_tf32f32_f32_nn_n_tilesize128x64x32_stage5_warpsize2x2x1_tensor16x8x8_aligna4_alignc4, 0x517cb9b90327b,
[09/08/2026-09:04:42] [TRT] [V]  (foreignNode)   55, 0.0132128, 1.59175, 0.77235, sm80_xmma_gemm_f32f32_tf32f32_f32_nn_n_tilesize64x128x16_stage4_warpsize2x2x1_tensor16x8x8_aligna4_alignc4, 0x5807b5b3447a2,
[09/08/2026-09:04:42] [TRT] [V]  (foreignNode)   38, 0.0134112, 1.61565, 0.67991, sm80_xmma_gemm_f32f32_f32f32_f32_nn_n_tilesize64x64x8_stage3_warpsize1x4x1_ffma_aligna4_alignc4, 0x386ec2c5075ad,
[09/08/2026-09:04:42] [TRT] [V]  (foreignNode)   65, 0.0134112, 1.61565, 0.80246, sm80_xmma_gemm_f32f32_tf32f32_f32_nn_n_tilesize64x128x16_stage4_warpsize2x2x1_tensor16x8x8_aligna4_alignc4, 0x30270a4dccec8,
[09/08/2026-09:04:42] [TRT] [V]  (foreignNode)   83, 0.0134144, 1.61604, 0.92592, sm80_xmma_gemm_f32f32_tf32f32_f32_tn_n_tilesize128x64x64_stage3_warpsize2x2x1_tensor16x8x8_aligna4_alignc4, 0x5957f8fa5a5be,
[09/08/2026-09:04:42] [TRT] [V]  (foreignNode)   94, 0.0134144, 1.61604, 0.95950, sm80_xmma_gemm_f32f32_tf32f32_f32_nn_n_tilesize64x32x64_stage5_warpsize2x2x1_tensor16x8x8_aligna4_alignc4, 0x5ecfd53d83a64,
[09/08/2026-09:04:42] [TRT] [V]  (foreignNode)   97, 0.0136224, 1.64109, 0.96785, sm80_xmma_gemm_f32f32_tf32f32_f32_nn_n_tilesize32x64x64_stage4_warpsize2x2x1_tensor16x8x8_aligna4_alignc4, 0x2ab25b4e85c03,
[09/08/2026-09:04:42] [TRT] [V]  (foreignNode)   74, 0.0138240, 1.66538, 0.84717, sm80_xmma_gemm_f32f32_tf32f32_f32_tn_n_tilesize64x128x32_stage5_warpsize2x2x1_tensor16x8x8_aligna4_alignc4, 0x617d1125e4ab3,
[09/08/2026-09:04:42] [TRT] [V]  (foreignNode)   85, 0.0140288, 1.69005, 0.88816, sm80_xmma_gemm_f32f32_tf32f32_f32_tn_n_tilesize64x128x16_stage4_warpsize2x2x1_tensor16x8x8_aligna4_alignc4, 0x48e103b1cf144,
[09/08/2026-09:04:42] [TRT] [V]  (foreignNode)   26, 0.0140320, 1.69044, 0.53272, sm80_xmma_gemm_f32f32_f32f32_f32_nn_n_tilesize32x64x8_stage3_warpsize1x2x1_ffma_aligna4_alignc4, 0x543494ca28fa3,
[09/08/2026-09:04:42] [TRT] [V]  (foreignNode)   82, 0.0142336, 1.71473, 0.86754, sm80_xmma_gemm_f32f32_tf32f32_f32_tn_n_tilesize64x128x32_stage5_warpsize2x2x1_tensor16x8x8_aligna4_alignc4, 0x301cbec0d3a52,
[09/08/2026-09:04:42] [TRT] [V]  (foreignNode)   92, 0.0144320, 1.73863, 0.87977, sm80_xmma_gemm_f32f32_tf32f32_f32_nn_n_tilesize64x128x32_stage5_warpsize2x2x1_tensor16x8x8_aligna4_alignc4, 0x3901812a20a04,
[09/08/2026-09:04:42] [TRT] [V]  (foreignNode)   23, 0.0146528, 1.76523, 0.49358, sm80_xmma_gemm_f32f32_f32f32_f32_nn_n_tilesize32x32x8_stage3_warpsize1x2x1_ffma_aligna4_alignc4, 0x3d517a2c35f70,
[09/08/2026-09:04:42] [TRT] [V]  (foreignNode)   98, 0.0148448, 1.78836, 0.90222, sm80_xmma_gemm_f32f32_tf32f32_f32_nn_n_tilesize64x128x32_stage5_warpsize2x2x1_tensor16x8x8_aligna4_alignc4, 0x5a9e62e6f5445,
[09/08/2026-09:04:42] [TRT] [V]  (foreignNode)   84, 0.0148480, 1.78874, 0.83746, sm80_xmma_gemm_f32f32_tf32f32_f32_nn_n_tilesize64x128x16_stage4_warpsize2x2x1_tensor16x8x8_aligna4_alignc4, 0x553bc4e8ffbff,
[09/08/2026-09:04:42] [TRT] [V]  (foreignNode)   64, 0.0150528, 1.81342, 0.71405, sm80_xmma_gemm_f32f32_f32f32_f32_nn_n_tilesize128x32x8_stage3_warpsize2x2x1_ffma_aligna4_alignc4, 0x579b259467105,
[09/08/2026-09:04:42] [TRT] [V]  (foreignNode)   30, 0.0152640, 1.83886, 0.51357, sm80_xmma_gemm_f32f32_f32f32_f32_nn_n_tilesize64x32x8_stage3_warpsize1x2x1_ffma_aligna4_alignc4, 0x654a65061bd7f,
[09/08/2026-09:04:42] [TRT] [V]  (foreignNode)   27, 0.0154592, 1.86237, 0.49266, sm80_xmma_gemm_f32f32_f32f32_f32_tn_n_tilesize32x64x8_stage3_warpsize1x2x1_ffma_aligna4_alignc4, 0x4aad23749013b,
[09/08/2026-09:04:42] [TRT] [V]  (foreignNode)   88, 0.0154592, 1.86237, 0.81397, sm80_xmma_gemm_f32f32_f32f32_f32_nn_n_tilesize128x64x8_stage3_warpsize2x2x1_ffma_aligna4_alignc4, 0x4ad2cadd45255,
[09/08/2026-09:04:42] [TRT] [V]  (foreignNode)   87, 0.0154624, 1.86276, 0.81182, sm80_xmma_gemm_f32f32_f32f32_f32_tn_n_tilesize128x64x8_stage3_warpsize2x2x1_ffma_aligna4_alignc4, 0x50b40ca668238,
[09/08/2026-09:04:42] [TRT] [V]  (foreignNode)   29, 0.0154656, 1.86315, 0.49735, sm80_xmma_gemm_f32f32_f32f32_f32_tn_n_tilesize64x32x8_stage3_warpsize1x2x1_ffma_aligna4_alignc4, 0x2bcbc43a12613,
[09/08/2026-09:04:42] [TRT] [V]  (foreignNode)   67, 0.0156672, 1.88743, 0.71259, sm80_xmma_gemm_f32f32_f32f32_f32_tn_n_tilesize128x32x8_stage3_warpsize2x2x1_ffma_aligna4_alignc4, 0x5dd1e8dc3f9d8,
[09/08/2026-09:04:42] [TRT] [V]  (foreignNode)   24, 0.0156736, 1.88820, 0.46566, sm80_xmma_gemm_f32f32_f32f32_f32_tn_n_tilesize32x32x8_stage3_warpsize1x2x1_ffma_aligna4_alignc4, 0x5820e1ef3d672,
[09/08/2026-09:04:42] [TRT] [V]  (foreignNode)   78, 0.0160768, 1.93678, 0.75937, sm80_xmma_gemm_f32f32_f32f32_f32_nn_n_tilesize64x128x8_stage3_warpsize1x4x1_ffma_aligna4_alignc4, 0x3a21df75373db,
[09/08/2026-09:04:42] [TRT] [V]  (foreignNode)   93, 0.0166880, 2.01041, 0.76767, sm80_xmma_gemm_f32f32_f32f32_f32_tn_n_tilesize64x128x8_stage3_warpsize1x4x1_ffma_aligna4_alignc4, 0x49a49a69bf1e3,
[09/08/2026-09:04:42] [TRT] [V]  (foreignNode)   69, 0.0168960, 2.03547, 0.66477, sm80_xmma_gemm_f32f32_f32f32_f32_nn_n_tilesize32x128x8_stage3_warpsize1x2x1_ffma_aligna4_alignc4, 0x339c784f0defa,
[09/08/2026-09:04:42] [TRT] [V]  (foreignNode)   99, 0.0168960, 2.03547, 0.79677, sm80_xmma_gemm_f32f32_f32f32_f32_nn_n_tilesize64x128x8_stage3_warpsize1x4x1_ffma_aligna4_alignc4, 0x461ccfa549611,
[09/08/2026-09:04:42] [TRT] [V]  (foreignNode)   56, 0.0171040, 2.06052, 0.59790, sm80_xmma_gemm_f32f32_f32f32_f32_tn_n_tilesize32x128x8_stage3_warpsize1x2x1_ffma_aligna4_alignc4, 0x37753802a0d0d,
[09/08/2026-09:04:42] [TRT] [V]  (foreignNode)   66, 0.0177120, 2.13377, 0.61785, sm80_xmma_gemm_f32f32_f32f32_f32_tn_n_tilesize32x128x8_stage3_warpsize1x2x1_ffma_aligna4_alignc4, 0x42c197d08c321,
[09/08/2026-09:04:42] [TRT] [V]  (foreignNode)   76, 0.0177152, 2.13416, 0.67458, sm80_xmma_gemm_f32f32_f32f32_f32_nn_n_tilesize32x128x8_stage3_warpsize1x2x1_ffma_aligna4_alignc4, 0x5ceec0dccb95e,
[09/08/2026-09:04:42] [TRT] [V]  (foreignNode)   52, 0.0201696, 2.42984, 0.50242, sm80_xmma_gemm_f32f32_f32f32_f32_nn_n_tilesize32x64x8_stage3_warpsize1x2x1_ffma_aligna4_alignc4, 0x65e98159bcbae,
[09/08/2026-09:04:42] [TRT] [V]  (foreignNode)   45, 0.0213920, 2.57710, 0.44153, sm80_xmma_gemm_f32f32_f32f32_f32_nn_n_tilesize32x32x8_stage3_warpsize1x2x1_ffma_aligna4_alignc4, 0x333c06a4827c2,
[09/08/2026-09:04:42] [TRT] [V]  (foreignNode)   59, 0.0226336, 2.72668, 0.46187, sm80_xmma_gemm_f32f32_f32f32_f32_tn_n_tilesize32x64x8_stage3_warpsize1x2x1_ffma_aligna4_alignc4, 0x36bf3b8b0c682,
[09/08/2026-09:04:42] [TRT] [V]  (foreignNode)   48, 0.0236512, 2.84927, 0.40713, sm80_xmma_gemm_f32f32_f32f32_f32_tn_n_tilesize32x32x8_stage3_warpsize1x2x1_ffma_aligna4_alignc4, 0x433c4ca9cf9d9,
[09/08/2026-09:04:42] [TRT] [V]  (foreignNode)   60, 0.0238592, 2.87433, 0.44268, sm80_xmma_gemm_f32f32_f32f32_f32_nn_n_tilesize64x32x8_stage3_warpsize1x2x1_ffma_aligna4_alignc4, 0x2bca8d514bbf3,
[09/08/2026-09:04:42] [TRT] [V]  (foreignNode)   58, 0.0242688, 2.92367, 0.43012, sm80_xmma_gemm_f32f32_f32f32_f32_tn_n_tilesize64x32x8_stage3_warpsize1x2x1_ffma_aligna4_alignc4, 0x2a249c642dc7e,
[09/08/2026-09:04:42] [TRT] [V] Subgraph compilation completed in 6.192 seconds.
[09/08/2026-09:04:42] [TRT] [V] Tactic: 0x0000000000000000 Time: 0
[09/08/2026-09:04:42] [TRT] [V] {ForeignNode[node_conv2d...ONNXTRT_castHelper_9]} (Myelin[0x80000023]) profiling completed in 6.20041 seconds. Fastest Tactic: 0x0000000000000000 Time: 0
[09/08/2026-09:04:42] [TRT] [V] >>>>>>>>>>>>>>> Chose Runner Type: Myelin Tactic: 0x0000000000000000
[09/08/2026-09:04:42] [TRT] [V] =============== Computing reformatting costs for available format set
[09/08/2026-09:04:42] [TRT] [V] =============== Computing reformatting costs for available format set
[09/08/2026-09:04:42] [TRT] [V] =============== Computing reformatting costs for available format set
[09/08/2026-09:04:42] [TRT] [V] Formats and tactics selection completed in 6.20122 seconds.
[09/08/2026-09:04:42] [TRT] [V] After reformat layers: 1 layers
[09/08/2026-09:04:42] [TRT] [V] Total number of blocks in pre-optimized block assignment: 1
[09/08/2026-09:04:42] [TRT] [I] Detected 1 inputs and 2 output network tensors.
[09/08/2026-09:04:42] [TRT] [V] Layer: {ForeignNode[node_conv2d...ONNXTRT_castHelper_9]} Host Persistent: 80 bytes Device Persistent: 0 bytes Scratch Memory: 591872 bytes
[09/08/2026-09:04:42] [TRT] [V] Skipped printing memory information for 0 layers with 0 memory size i.e. Host Persistent + Device Persistent + Scratch Memory == 0.
[09/08/2026-09:04:42] [TRT] [I] Total Host Persistent Memory: 80 bytes
[09/08/2026-09:04:42] [TRT] [I] Total Device Persistent Memory: 0 bytes
[09/08/2026-09:04:42] [TRT] [I] Max Scratch Memory: 591872 bytes
[09/08/2026-09:04:42] [TRT] [I] [BlockAssignment] Started assigning block shifts. This will take 1 steps to complete.
[09/08/2026-09:04:42] [TRT] [I] [BlockAssignment] Algorithm ShiftNTopDown took 0.004983ms to assign 1 blocks to 1 nodes requiring 591872 bytes.
[09/08/2026-09:04:42] [TRT] [V] Total number of blocks in optimized block assignment: 1
[09/08/2026-09:04:42] [TRT] [I] Total Activation Memory: 591872 bytes
[09/08/2026-09:04:42] [TRT] [V] Constructing optimization profile number 1 [2/2].
[09/08/2026-09:04:42] [TRT] [V] Applying generic optimizations to the graph for inference.
[09/08/2026-09:04:42] [TRT] [V] Reserving memory for host IO tensors. Host: 0 bytes
[09/08/2026-09:04:42] [TRT] [V] =============== Computing costs for {ForeignNode[node_conv2d...ONNXTRT_castHelper_9]} [profile 1]
[09/08/2026-09:04:42] [TRT] [V] ForeignNode {ForeignNode[node_conv2d...ONNXTRT_castHelper_9]} [profile 1] metadata: [ONNX Layer: node_conv2d][ONNX Layer: node_relu][ONNX Layer: node_max_pool2d][ONNX Layer: node_conv2d_1][ONNX Layer: node_relu_1][ONNX Layer: node_max_pool2d_1][ONNX Layer: node_view][ONNX Layer: node_linear][ONNX Layer: node_relu_2][ONNX Layer: node_linear_1][ONNX Layer: node_softmax][ONNX Layer: node_argmax]
[09/08/2026-09:04:42] [TRT] [V] *************** Autotuning format combination: Float(784,784,28,1) -> Float(10,1), Int64(1) ***************
[09/08/2026-09:04:42] [TRT] [V] --------------- Timing Runner: {ForeignNode[node_conv2d...ONNXTRT_castHelper_9]} [profile 1] (Myelin[0x80000023])
[09/08/2026-09:04:42] [TRT] [V]  (foreignNode) Set user's cuda kernel library
[09/08/2026-09:04:42] [TRT] [V]  (foreignNode) Using legacy CPU-only mode.
[09/08/2026-09:04:42] [TRT] [V] Subgraph compilation completed in 0.488 seconds.
[09/08/2026-09:04:42] [TRT] [V] Tactic: 0x0000000000000000 Time: 0
[09/08/2026-09:04:42] [TRT] [V] {ForeignNode[node_conv2d...ONNXTRT_castHelper_9]} [profile 1] (Myelin[0x80000023]) profiling completed in 0.494894 seconds. Fastest Tactic: 0x0000000000000000 Time: 0
[09/08/2026-09:04:42] [TRT] [V] >>>>>>>>>>>>>>> Chose Runner Type: Myelin Tactic: 0x0000000000000000
[09/08/2026-09:04:42] [TRT] [V] =============== Computing reformatting costs for available format set
[09/08/2026-09:04:42] [TRT] [V] =============== Computing reformatting costs for available format set
[09/08/2026-09:04:42] [TRT] [V] =============== Computing reformatting costs for available format set
[09/08/2026-09:04:42] [TRT] [V] Formats and tactics selection completed in 0.495525 seconds.
[09/08/2026-09:04:42] [TRT] [V] After reformat layers: 1 layers
[09/08/2026-09:04:42] [TRT] [V] Total number of blocks in pre-optimized block assignment: 1
[09/08/2026-09:04:42] [TRT] [I] Detected 1 inputs and 2 output network tensors.
[09/08/2026-09:04:42] [TRT] [V] Layer: {ForeignNode[node_conv2d...ONNXTRT_castHelper_9]} [profile 1] Host Persistent: 80 bytes Device Persistent: 0 bytes Scratch Memory: 591872 bytes
[09/08/2026-09:04:42] [TRT] [V] Skipped printing memory information for 0 layers with 0 memory size i.e. Host Persistent + Device Persistent + Scratch Memory == 0.
[09/08/2026-09:04:42] [TRT] [I] Total Host Persistent Memory: 80 bytes
[09/08/2026-09:04:42] [TRT] [I] Total Device Persistent Memory: 0 bytes
[09/08/2026-09:04:42] [TRT] [I] Max Scratch Memory: 591872 bytes
[09/08/2026-09:04:42] [TRT] [I] [BlockAssignment] Started assigning block shifts. This will take 1 steps to complete.
[09/08/2026-09:04:42] [TRT] [I] [BlockAssignment] Algorithm ShiftNTopDown took 0.004046ms to assign 1 blocks to 1 nodes requiring 591872 bytes.
[09/08/2026-09:04:42] [TRT] [V] Total number of blocks in optimized block assignment: 1
[09/08/2026-09:04:42] [TRT] [I] Total Activation Memory: 591872 bytes
[09/08/2026-09:04:42] [TRT] [I] Total Weights Memory: 13098880 bytes
[09/08/2026-09:04:42] [TRT] [V] Total number of generated kernels selected for the engine: 0
[09/08/2026-09:04:42] [TRT] [I] Compiler backend is used during engine execution.
[09/08/2026-09:04:42] [TRT] [V] Disabling unused tactic source: EDGE_MASK_CONVOLUTIONS
[09/08/2026-09:04:42] [TRT] [V] Disabling unused tactic source: JIT_CONVOLUTIONS
[09/08/2026-09:04:42] [TRT] [I] Engine generation completed in 6.73504 seconds.
[09/08/2026-09:04:42] [TRT] [V] Engine Layer Information:
Layer(Myelin): {ForeignNode[node_conv2d...ONNXTRT_castHelper_9]}, Tactic: 0x0000000000000000, x (Float[-1,1,28,28]) -> y (Float[-1,10]), z (Int64[-1])
Layer(Myelin): {ForeignNode[node_conv2d...ONNXTRT_castHelper_9]} [profile 1], Tactic: 0x0000000000000000, x [profile 1] (Float[-1,1,28,28]) -> y [profile 1] (Float[-1,10]), z [profile 1] (Int64[-1])
[09/08/2026-09:04:42] [TRT] [I] [MemUsageStats] Peak memory usage of TRT CPU/GPU memory allocators: CPU 0 MiB, GPU 12 MiB
[09/08/2026-09:04:42] [TRT] [V] Adding 1 engine(s) to plan file.
[09/08/2026-09:04:42] [TRT] [V] Adding 1 engine weights(s) to plan file.
[09/08/2026-09:04:42] [TRT] [I] Loaded engine size: 12 MiB
[09/08/2026-09:04:42] [TRT] [V] Deserialization required 1035 microseconds.
[09/08/2026-09:04:42] [TRT] [V] Total per-runner device persistent memory is 0
[09/08/2026-09:04:42] [TRT] [V] Total per-runner host persistent memory is 160
[09/08/2026-09:04:42] [TRT] [V] Allocated device scratch memory of size 591872
[09/08/2026-09:04:42] [TRT] [V] - Runner scratch: 591872 bytes
[09/08/2026-09:04:42] [TRT] [I] [MemUsageChange] TensorRT-managed allocation in IExecutionContext creation: CPU +0, GPU +1, now: CPU 0, GPU 13 (MiB)
[09/08/2026-09:04:42] [TRT] [V] CUDA lazy loading is enabled.
[09/08/2026-09:04:42] [TRT] [W] Using default stream in enqueueV3() may lead to performance issues due to additional calls to cudaStreamSynchronize() by TensorRT to ensure correct synchronization. Please use non-default stream instead.
[09/08/2026-09:04:43] [TRT] [V] Trying to load shared library libnvinfer_builder_resource_sm100.so.11.0.0
[09/08/2026-09:04:43] [TRT] [V] Loaded shared library libnvinfer_builder_resource_sm100.so.11.0.0
[09/08/2026-09:04:43] [TRT] [V] CUDA lazy loading is enabled.
[09/08/2026-09:04:43] [TRT] [I] ----------------------------------------------------------------
[09/08/2026-09:04:43] [TRT] [I] Input filename:   /work/trt-samples-for-hackathon-cn-wili/cookbook/00-Data/model/model-trained.onnx
[09/08/2026-09:04:43] [TRT] [I] ONNX IR version:  0.0.10
[09/08/2026-09:04:43] [TRT] [I] Opset version:    18
[09/08/2026-09:04:43] [TRT] [I] Producer name:    pytorch
[09/08/2026-09:04:43] [TRT] [I] Producer version: 2.11.0a0+a6c236b9fd.nv26.03.46836102
[09/08/2026-09:04:43] [TRT] [I] Domain:
[09/08/2026-09:04:43] [TRT] [I] Model version:    0
[09/08/2026-09:04:43] [TRT] [I] Doc string:
[09/08/2026-09:04:43] [TRT] [I] ----------------------------------------------------------------
[09/08/2026-09:04:43] [TRT] [V] Adding network input: x with dtype: float32, dimensions: (-1, 1, 28, 28)
[09/08/2026-09:04:43] [TRT] [V] Registering tensor: x for ONNX tensor: x
[09/08/2026-09:04:43] [TRT] [V] Importing initializer: conv1.weight
[09/08/2026-09:04:43] [TRT] [V] Importing initializer: conv1.bias
[09/08/2026-09:04:43] [TRT] [V] Importing initializer: conv2.weight
[09/08/2026-09:04:43] [TRT] [V] Importing initializer: conv2.bias
[09/08/2026-09:04:43] [TRT] [V] Importing initializer: gemm1.weight
[09/08/2026-09:04:43] [TRT] [V] Importing initializer: gemm1.bias
[09/08/2026-09:04:43] [TRT] [V] Importing initializer: gemm2.weight
[09/08/2026-09:04:43] [TRT] [V] Importing initializer: gemm2.bias
[09/08/2026-09:04:43] [TRT] [V] Importing initializer: val_5
[09/08/2026-09:04:43] [TRT] [V] Static check for parsing node: node_conv2d [Conv]
[09/08/2026-09:04:43] [TRT] [V] Parsing node: node_conv2d [Conv]
[09/08/2026-09:04:43] [TRT] [V] Searching for input: x
[09/08/2026-09:04:43] [TRT] [V] Searching for input: conv1.weight
[09/08/2026-09:04:43] [TRT] [V] Searching for input: conv1.bias
[09/08/2026-09:04:43] [TRT] [V] node_conv2d [Conv] inputs: [x -> (-1, 1, 28, 28)[FLOAT]], [conv1.weight -> (32, 1, 5, 5)[FLOAT]], [conv1.bias -> (32)[FLOAT]],
[09/08/2026-09:04:43] [TRT] [V] Convolution input dimensions: (-1, 1, 28, 28)
[09/08/2026-09:04:43] [TRT] [V] Registering layer: node_conv2d for ONNX node: node_conv2d
[09/08/2026-09:04:43] [TRT] [V] Using kernel: (5, 5), strides: (1, 1), prepadding: (2, 2), postpadding: (2, 2), dilations: (1, 1), numOutputs: 32, nbGroups: 1
[09/08/2026-09:04:43] [TRT] [V] Convolution output dimensions: (-1, 32, 28, 28)
[09/08/2026-09:04:43] [TRT] [V] Registering tensor: conv2d for ONNX tensor: conv2d
[09/08/2026-09:04:43] [TRT] [V] node_conv2d [Conv] outputs: [conv2d -> (-1, 32, 28, 28)[FLOAT]],
[09/08/2026-09:04:43] [TRT] [V] Static check for parsing node: node_relu [Relu]
[09/08/2026-09:04:43] [TRT] [V] Parsing node: node_relu [Relu]
[09/08/2026-09:04:43] [TRT] [V] Searching for input: conv2d
[09/08/2026-09:04:43] [TRT] [V] node_relu [Relu] inputs: [conv2d -> (-1, 32, 28, 28)[FLOAT]],
[09/08/2026-09:04:43] [TRT] [V] Registering layer: node_relu for ONNX node: node_relu
[09/08/2026-09:04:43] [TRT] [V] Registering tensor: relu for ONNX tensor: relu
[09/08/2026-09:04:43] [TRT] [V] node_relu [Relu] outputs: [relu -> (-1, 32, 28, 28)[FLOAT]],
[09/08/2026-09:04:43] [TRT] [V] Static check for parsing node: node_max_pool2d [MaxPool]
[09/08/2026-09:04:43] [TRT] [V] Parsing node: node_max_pool2d [MaxPool]
[09/08/2026-09:04:43] [TRT] [V] Searching for input: relu
[09/08/2026-09:04:43] [TRT] [V] node_max_pool2d [MaxPool] inputs: [relu -> (-1, 32, 28, 28)[FLOAT]],
[09/08/2026-09:04:43] [TRT] [V] Registering layer: node_max_pool2d for ONNX node: node_max_pool2d
[09/08/2026-09:04:43] [TRT] [V] Registering tensor: max_pool2d for ONNX tensor: max_pool2d
[09/08/2026-09:04:43] [TRT] [V] node_max_pool2d [MaxPool] outputs: [max_pool2d -> (-1, 32, 14, 14)[FLOAT]],
[09/08/2026-09:04:43] [TRT] [V] Static check for parsing node: node_conv2d_1 [Conv]
[09/08/2026-09:04:43] [TRT] [V] Parsing node: node_conv2d_1 [Conv]
[09/08/2026-09:04:43] [TRT] [V] Searching for input: max_pool2d
[09/08/2026-09:04:43] [TRT] [V] Searching for input: conv2.weight
[09/08/2026-09:04:43] [TRT] [V] Searching for input: conv2.bias
[09/08/2026-09:04:43] [TRT] [V] node_conv2d_1 [Conv] inputs: [max_pool2d -> (-1, 32, 14, 14)[FLOAT]], [conv2.weight -> (64, 32, 5, 5)[FLOAT]], [conv2.bias -> (64)[FLOAT]],
[09/08/2026-09:04:43] [TRT] [V] Convolution input dimensions: (-1, 32, 14, 14)
[09/08/2026-09:04:43] [TRT] [V] Registering layer: node_conv2d_1 for ONNX node: node_conv2d_1
[09/08/2026-09:04:43] [TRT] [V] Using kernel: (5, 5), strides: (1, 1), prepadding: (2, 2), postpadding: (2, 2), dilations: (1, 1), numOutputs: 64, nbGroups: 1
[09/08/2026-09:04:43] [TRT] [V] Convolution output dimensions: (-1, 64, 14, 14)
[09/08/2026-09:04:43] [TRT] [V] Registering tensor: conv2d_1 for ONNX tensor: conv2d_1
[09/08/2026-09:04:43] [TRT] [V] node_conv2d_1 [Conv] outputs: [conv2d_1 -> (-1, 64, 14, 14)[FLOAT]],
[09/08/2026-09:04:43] [TRT] [V] Static check for parsing node: node_relu_1 [Relu]
[09/08/2026-09:04:43] [TRT] [V] Parsing node: node_relu_1 [Relu]
[09/08/2026-09:04:43] [TRT] [V] Searching for input: conv2d_1
[09/08/2026-09:04:43] [TRT] [V] node_relu_1 [Relu] inputs: [conv2d_1 -> (-1, 64, 14, 14)[FLOAT]],
[09/08/2026-09:04:43] [TRT] [V] Registering layer: node_relu_1 for ONNX node: node_relu_1
[09/08/2026-09:04:43] [TRT] [V] Registering tensor: relu_1 for ONNX tensor: relu_1
[09/08/2026-09:04:43] [TRT] [V] node_relu_1 [Relu] outputs: [relu_1 -> (-1, 64, 14, 14)[FLOAT]],
[09/08/2026-09:04:43] [TRT] [V] Static check for parsing node: node_max_pool2d_1 [MaxPool]
[09/08/2026-09:04:43] [TRT] [V] Parsing node: node_max_pool2d_1 [MaxPool]
[09/08/2026-09:04:43] [TRT] [V] Searching for input: relu_1
[09/08/2026-09:04:43] [TRT] [V] node_max_pool2d_1 [MaxPool] inputs: [relu_1 -> (-1, 64, 14, 14)[FLOAT]],
[09/08/2026-09:04:43] [TRT] [V] Registering layer: node_max_pool2d_1 for ONNX node: node_max_pool2d_1
[09/08/2026-09:04:43] [TRT] [V] Registering tensor: max_pool2d_1 for ONNX tensor: max_pool2d_1
[09/08/2026-09:04:43] [TRT] [V] node_max_pool2d_1 [MaxPool] outputs: [max_pool2d_1 -> (-1, 64, 7, 7)[FLOAT]],
[09/08/2026-09:04:43] [TRT] [V] Static check for parsing node: node_view [Reshape]
[09/08/2026-09:04:43] [TRT] [V] Parsing node: node_view [Reshape]
[09/08/2026-09:04:43] [TRT] [V] Searching for input: max_pool2d_1
[09/08/2026-09:04:43] [TRT] [V] Searching for input: val_5
[09/08/2026-09:04:43] [TRT] [V] node_view [Reshape] inputs: [max_pool2d_1 -> (-1, 64, 7, 7)[FLOAT]], [val_5 -> (2)[INT64]],
[09/08/2026-09:04:43] [TRT] [V] Registering layer: ONNXTRT_ShapeShuffle required by ONNX-TRT
[09/08/2026-09:04:43] [TRT] [V] Registering layer: node_view for ONNX node: node_view
[09/08/2026-09:04:43] [TRT] [V] Registering tensor: view for ONNX tensor: view
[09/08/2026-09:04:43] [TRT] [V] node_view [Reshape] outputs: [view -> (-1, 3136)[FLOAT]],
[09/08/2026-09:04:43] [TRT] [V] Static check for parsing node: node_linear [Gemm]
[09/08/2026-09:04:43] [TRT] [V] Parsing node: node_linear [Gemm]
[09/08/2026-09:04:43] [TRT] [V] Searching for input: view
[09/08/2026-09:04:43] [TRT] [V] Searching for input: gemm1.weight
[09/08/2026-09:04:43] [TRT] [V] Searching for input: gemm1.bias
[09/08/2026-09:04:43] [TRT] [V] node_linear [Gemm] inputs: [view -> (-1, 3136)[FLOAT]], [gemm1.weight -> (1024, 3136)[FLOAT]], [gemm1.bias -> (1024)[FLOAT]],
[09/08/2026-09:04:43] [TRT] [V] Registering layer: gemm1.weight required by ONNX-TRT
[09/08/2026-09:04:43] [TRT] [V] Using opA: 0 opB: 1
[09/08/2026-09:04:43] [TRT] [V] Registering layer: node_linear for ONNX node: node_linear
[09/08/2026-09:04:43] [TRT] [V] Registering layer: gemm1.bias required by ONNX-TRT
[09/08/2026-09:04:43] [TRT] [V] Registering layer: ONNXTRT_ShapeShuffle_0 required by ONNX-TRT
[09/08/2026-09:04:43] [TRT] [V] Registering layer: ONNXTRT_Broadcast required by ONNX-TRT
[09/08/2026-09:04:43] [TRT] [V] Registering layer: node_linear_1 for ONNX node: node_linear
[09/08/2026-09:04:43] [TRT] [V] Registering tensor: linear for ONNX tensor: linear
[09/08/2026-09:04:43] [TRT] [V] node_linear [Gemm] outputs: [linear -> (-1, 1024)[FLOAT]],
[09/08/2026-09:04:43] [TRT] [V] Static check for parsing node: node_relu_2 [Relu]
[09/08/2026-09:04:43] [TRT] [V] Parsing node: node_relu_2 [Relu]
[09/08/2026-09:04:43] [TRT] [V] Searching for input: linear
[09/08/2026-09:04:43] [TRT] [V] node_relu_2 [Relu] inputs: [linear -> (-1, 1024)[FLOAT]],
[09/08/2026-09:04:43] [TRT] [V] Registering layer: node_relu_2 for ONNX node: node_relu_2
[09/08/2026-09:04:43] [TRT] [V] Registering tensor: relu_2 for ONNX tensor: relu_2
[09/08/2026-09:04:43] [TRT] [V] node_relu_2 [Relu] outputs: [relu_2 -> (-1, 1024)[FLOAT]],
[09/08/2026-09:04:43] [TRT] [V] Static check for parsing node: node_linear_1 [Gemm]
[09/08/2026-09:04:43] [TRT] [V] Parsing node: node_linear_1 [Gemm]
[09/08/2026-09:04:43] [TRT] [V] Searching for input: relu_2
[09/08/2026-09:04:43] [TRT] [V] Searching for input: gemm2.weight
[09/08/2026-09:04:43] [TRT] [V] Searching for input: gemm2.bias
[09/08/2026-09:04:43] [TRT] [V] node_linear_1 [Gemm] inputs: [relu_2 -> (-1, 1024)[FLOAT]], [gemm2.weight -> (10, 1024)[FLOAT]], [gemm2.bias -> (10)[FLOAT]],
[09/08/2026-09:04:43] [TRT] [V] Registering layer: gemm2.weight required by ONNX-TRT
[09/08/2026-09:04:43] [TRT] [V] Using opA: 0 opB: 1
[09/08/2026-09:04:43] [TRT] [V] Registering layer: node_linear_1_2 for ONNX node: node_linear_1
[09/08/2026-09:04:43] [TRT] [V] Registering layer: gemm2.bias required by ONNX-TRT
[09/08/2026-09:04:43] [TRT] [V] Registering layer: ONNXTRT_ShapeShuffle_3 required by ONNX-TRT
[09/08/2026-09:04:43] [TRT] [V] Registering layer: ONNXTRT_Broadcast_4 required by ONNX-TRT
[09/08/2026-09:04:43] [TRT] [V] Registering layer: node_linear_1_5 for ONNX node: node_linear_1
[09/08/2026-09:04:43] [TRT] [V] Registering tensor: y_6 for ONNX tensor: y
[09/08/2026-09:04:43] [TRT] [V] node_linear_1 [Gemm] outputs: [y -> (-1, 10)[FLOAT]],
[09/08/2026-09:04:43] [TRT] [V] Static check for parsing node: node_softmax [Softmax]
[09/08/2026-09:04:43] [TRT] [V] Parsing node: node_softmax [Softmax]
[09/08/2026-09:04:43] [TRT] [V] Searching for input: y
[09/08/2026-09:04:43] [TRT] [V] node_softmax [Softmax] inputs: [y -> (-1, 10)[FLOAT]],
[09/08/2026-09:04:43] [TRT] [V] Registering layer: node_softmax for ONNX node: node_softmax
[09/08/2026-09:04:43] [TRT] [V] Registering layer: ONNXTRT_ShapeTensor required by ONNX-TRT
[09/08/2026-09:04:43] [TRT] [V] Registering layer: ONNXTRT_castHelper required by ONNX-TRT
[09/08/2026-09:04:43] [TRT] [V] Registering layer: ONNXTRT_ShapeShuffle_7 required by ONNX-TRT
[09/08/2026-09:04:43] [TRT] [V] Registering tensor: softmax for ONNX tensor: softmax
[09/08/2026-09:04:43] [TRT] [V] node_softmax [Softmax] outputs: [softmax -> (-1, 10)[FLOAT]],
[09/08/2026-09:04:43] [TRT] [V] Static check for parsing node: node_argmax [ArgMax]
[09/08/2026-09:04:43] [TRT] [V] Parsing node: node_argmax [ArgMax]
[09/08/2026-09:04:43] [TRT] [V] Searching for input: softmax
[09/08/2026-09:04:43] [TRT] [V] node_argmax [ArgMax] inputs: [softmax -> (-1, 10)[FLOAT]],
[09/08/2026-09:04:43] [TRT] [V] Registering layer: node_argmax for ONNX node: node_argmax
[09/08/2026-09:04:43] [TRT] [V] Registering layer: ONNXTRT_castHelper_8 required by ONNX-TRT
[09/08/2026-09:04:43] [TRT] [V] Original shape: (_, 1), squeezing to: (_,)
[09/08/2026-09:04:43] [TRT] [V] Registering layer: ONNXTRT_squeezeTensor required by ONNX-TRT
[09/08/2026-09:04:43] [TRT] [V] Registering layer: ONNXTRT_castHelper_9 required by ONNX-TRT
[09/08/2026-09:04:43] [TRT] [V] Registering tensor: z_10 for ONNX tensor: z
[09/08/2026-09:04:43] [TRT] [V] node_argmax [ArgMax] outputs: [z -> (-1)[INT64]],
[09/08/2026-09:04:43] [TRT] [V] Marking y_6 as output: y
[09/08/2026-09:04:43] [TRT] [V] Marking z_10 as output: z
[09/08/2026-09:04:43] [TRT] [W] ModelImporter.cpp:1047: Make sure output z has Int64 binding.
[09/08/2026-09:04:43] [TRT] [V] Compiler backend convergence mode enabled
[09/08/2026-09:04:43] [TRT] [I] [MemUsageChange] Init builder kernel library: CPU -314, GPU +4, now: CPU 5505, GPU 645 (MiB)
[09/08/2026-09:04:43] [TRT] [V] Original: 24 layers
[09/08/2026-09:04:43] [TRT] [V] After dead-layer removal: 24 layers
[09/08/2026-09:04:43] [TRT] [V] SYMBOLIC CHECKS
[09/08/2026-09:04:43] [TRT] [V] GRAPH NODES
[09/08/2026-09:04:43] [TRT] [V] CONSTANT gemm1.weight
[09/08/2026-09:04:43] [TRT] [V]     Output 0
[09/08/2026-09:04:43] [TRT] [V]         1024	1024
[09/08/2026-09:04:43] [TRT] [V]         3136	3136
[09/08/2026-09:04:43] [TRT] [V] CONSTANT gemm1.bias
[09/08/2026-09:04:43] [TRT] [V]     Output 0
[09/08/2026-09:04:43] [TRT] [V]         1024	1024
[09/08/2026-09:04:43] [TRT] [V] CONSTANT gemm2.weight
[09/08/2026-09:04:43] [TRT] [V]     Output 0
[09/08/2026-09:04:43] [TRT] [V]         10	10
[09/08/2026-09:04:43] [TRT] [V]         1024	1024
[09/08/2026-09:04:43] [TRT] [V] CONSTANT gemm2.bias
[09/08/2026-09:04:43] [TRT] [V]     Output 0
[09/08/2026-09:04:43] [TRT] [V]         10	10
[09/08/2026-09:04:43] [TRT] [V] CONVOLUTION node_conv2d
[09/08/2026-09:04:43] [TRT] [V]     Input 0
[09/08/2026-09:04:43] [TRT] [V]         [1,4]	nBS
[09/08/2026-09:04:43] [TRT] [V]         1	1
[09/08/2026-09:04:43] [TRT] [V]         28	28
[09/08/2026-09:04:43] [TRT] [V]         28	28
[09/08/2026-09:04:43] [TRT] [V]     Output 0
[09/08/2026-09:04:43] [TRT] [V]         [1,4]	nBS
[09/08/2026-09:04:43] [TRT] [V]         32	32
[09/08/2026-09:04:43] [TRT] [V]         28	28
[09/08/2026-09:04:43] [TRT] [V]         28	28
[09/08/2026-09:04:43] [TRT] [V] SHUFFLE ONNXTRT_Broadcast
[09/08/2026-09:04:43] [TRT] [V]     Input 0
[09/08/2026-09:04:43] [TRT] [V]         1024	1024
[09/08/2026-09:04:43] [TRT] [V]     Output 0
[09/08/2026-09:04:43] [TRT] [V]         1	1
[09/08/2026-09:04:43] [TRT] [V]         1024	1024
[09/08/2026-09:04:43] [TRT] [V] SHUFFLE ONNXTRT_Broadcast_4
[09/08/2026-09:04:43] [TRT] [V]     Input 0
[09/08/2026-09:04:43] [TRT] [V]         10	10
[09/08/2026-09:04:43] [TRT] [V]     Output 0
[09/08/2026-09:04:43] [TRT] [V]         1	1
[09/08/2026-09:04:43] [TRT] [V]         10	10
[09/08/2026-09:04:43] [TRT] [V] ACTIVATION node_relu
[09/08/2026-09:04:43] [TRT] [V]     Input 0
[09/08/2026-09:04:43] [TRT] [V]         [1,4]	nBS
[09/08/2026-09:04:43] [TRT] [V]         32	32
[09/08/2026-09:04:43] [TRT] [V]         28	28
[09/08/2026-09:04:43] [TRT] [V]         28	28
[09/08/2026-09:04:43] [TRT] [V]     Output 0
[09/08/2026-09:04:43] [TRT] [V]         [1,4]	nBS
[09/08/2026-09:04:43] [TRT] [V]         32	32
[09/08/2026-09:04:43] [TRT] [V]         28	28
[09/08/2026-09:04:43] [TRT] [V]         28	28
[09/08/2026-09:04:43] [TRT] [V] POOLING node_max_pool2d
[09/08/2026-09:04:43] [TRT] [V]     Input 0
[09/08/2026-09:04:43] [TRT] [V]         [1,4]	nBS
[09/08/2026-09:04:43] [TRT] [V]         32	32
[09/08/2026-09:04:43] [TRT] [V]         28	28
[09/08/2026-09:04:43] [TRT] [V]         28	28
[09/08/2026-09:04:43] [TRT] [V]     Output 0
[09/08/2026-09:04:43] [TRT] [V]         [1,4]	nBS
[09/08/2026-09:04:43] [TRT] [V]         32	32
[09/08/2026-09:04:43] [TRT] [V]         14	14
[09/08/2026-09:04:43] [TRT] [V]         14	14
[09/08/2026-09:04:43] [TRT] [V] CONVOLUTION node_conv2d_1
[09/08/2026-09:04:43] [TRT] [V]     Input 0
[09/08/2026-09:04:43] [TRT] [V]         [1,4]	nBS
[09/08/2026-09:04:43] [TRT] [V]         32	32
[09/08/2026-09:04:43] [TRT] [V]         14	14
[09/08/2026-09:04:43] [TRT] [V]         14	14
[09/08/2026-09:04:43] [TRT] [V]     Output 0
[09/08/2026-09:04:43] [TRT] [V]         [1,4]	nBS
[09/08/2026-09:04:43] [TRT] [V]         64	64
[09/08/2026-09:04:43] [TRT] [V]         14	14
[09/08/2026-09:04:43] [TRT] [V]         14	14
[09/08/2026-09:04:43] [TRT] [V] ACTIVATION node_relu_1
[09/08/2026-09:04:43] [TRT] [V]     Input 0
[09/08/2026-09:04:43] [TRT] [V]         [1,4]	nBS
[09/08/2026-09:04:43] [TRT] [V]         64	64
[09/08/2026-09:04:43] [TRT] [V]         14	14
[09/08/2026-09:04:43] [TRT] [V]         14	14
[09/08/2026-09:04:43] [TRT] [V]     Output 0
[09/08/2026-09:04:43] [TRT] [V]         [1,4]	nBS
[09/08/2026-09:04:43] [TRT] [V]         64	64
[09/08/2026-09:04:43] [TRT] [V]         14	14
[09/08/2026-09:04:43] [TRT] [V]         14	14
[09/08/2026-09:04:43] [TRT] [V] POOLING node_max_pool2d_1
[09/08/2026-09:04:43] [TRT] [V]     Input 0
[09/08/2026-09:04:43] [TRT] [V]         [1,4]	nBS
[09/08/2026-09:04:43] [TRT] [V]         64	64
[09/08/2026-09:04:43] [TRT] [V]         14	14
[09/08/2026-09:04:43] [TRT] [V]         14	14
[09/08/2026-09:04:43] [TRT] [V]     Output 0
[09/08/2026-09:04:43] [TRT] [V]         [1,4]	nBS
[09/08/2026-09:04:43] [TRT] [V]         64	64
[09/08/2026-09:04:43] [TRT] [V]         7	7
[09/08/2026-09:04:43] [TRT] [V]         7	7
[09/08/2026-09:04:43] [TRT] [V] SHUFFLE node_view
[09/08/2026-09:04:43] [TRT] [V]     Input 0
[09/08/2026-09:04:43] [TRT] [V]         [1,4]	nBS
[09/08/2026-09:04:43] [TRT] [V]         64	64
[09/08/2026-09:04:43] [TRT] [V]         7	7
[09/08/2026-09:04:43] [TRT] [V]         7	7
[09/08/2026-09:04:43] [TRT] [V]     Output 0
[09/08/2026-09:04:43] [TRT] [V]         [1,4]	nBS
[09/08/2026-09:04:43] [TRT] [V]         3136	3136
[09/08/2026-09:04:43] [TRT] [V] MATRIX_MULTIPLY node_linear
[09/08/2026-09:04:43] [TRT] [V]     Input 0
[09/08/2026-09:04:43] [TRT] [V]         [1,4]	nBS
[09/08/2026-09:04:43] [TRT] [V]         3136	3136
[09/08/2026-09:04:43] [TRT] [V]     Input 1
[09/08/2026-09:04:43] [TRT] [V]         1024	1024
[09/08/2026-09:04:43] [TRT] [V]         3136	3136
[09/08/2026-09:04:43] [TRT] [V]     Output 0
[09/08/2026-09:04:43] [TRT] [V]         [1,4]	nBS
[09/08/2026-09:04:43] [TRT] [V]         1024	1024
[09/08/2026-09:04:43] [TRT] [V] ELEMENTWISE node_linear_1
[09/08/2026-09:04:43] [TRT] [V]     Input 0
[09/08/2026-09:04:43] [TRT] [V]         [1,4]	nBS
[09/08/2026-09:04:43] [TRT] [V]         1024	1024
[09/08/2026-09:04:43] [TRT] [V]     Input 1
[09/08/2026-09:04:43] [TRT] [V]         1	1
[09/08/2026-09:04:43] [TRT] [V]         1024	1024
[09/08/2026-09:04:43] [TRT] [V]     Output 0
[09/08/2026-09:04:43] [TRT] [V]         [1,4]	nBS
[09/08/2026-09:04:43] [TRT] [V]         1024	1024
[09/08/2026-09:04:43] [TRT] [V] ACTIVATION node_relu_2
[09/08/2026-09:04:43] [TRT] [V]     Input 0
[09/08/2026-09:04:43] [TRT] [V]         [1,4]	nBS
[09/08/2026-09:04:43] [TRT] [V]         1024	1024
[09/08/2026-09:04:43] [TRT] [V]     Output 0
[09/08/2026-09:04:43] [TRT] [V]         [1,4]	nBS
[09/08/2026-09:04:43] [TRT] [V]         1024	1024
[09/08/2026-09:04:43] [TRT] [V] MATRIX_MULTIPLY node_linear_1_2
[09/08/2026-09:04:43] [TRT] [V]     Input 0
[09/08/2026-09:04:43] [TRT] [V]         [1,4]	nBS
[09/08/2026-09:04:43] [TRT] [V]         1024	1024
[09/08/2026-09:04:43] [TRT] [V]     Input 1
[09/08/2026-09:04:43] [TRT] [V]         10	10
[09/08/2026-09:04:43] [TRT] [V]         1024	1024
[09/08/2026-09:04:43] [TRT] [V]     Output 0
[09/08/2026-09:04:43] [TRT] [V]         [1,4]	nBS
[09/08/2026-09:04:43] [TRT] [V]         10	10
[09/08/2026-09:04:43] [TRT] [V] ELEMENTWISE node_linear_1_5
[09/08/2026-09:04:43] [TRT] [V]     Input 0
[09/08/2026-09:04:43] [TRT] [V]         [1,4]	nBS
[09/08/2026-09:04:43] [TRT] [V]         10	10
[09/08/2026-09:04:43] [TRT] [V]     Input 1
[09/08/2026-09:04:43] [TRT] [V]         1	1
[09/08/2026-09:04:43] [TRT] [V]         10	10
[09/08/2026-09:04:43] [TRT] [V]     Output 0
[09/08/2026-09:04:43] [TRT] [V]         [1,4]	nBS
[09/08/2026-09:04:43] [TRT] [V]         10	10
[09/08/2026-09:04:43] [TRT] [V] SOFTMAX node_softmax
[09/08/2026-09:04:43] [TRT] [V]     Input 0
[09/08/2026-09:04:43] [TRT] [V]         [1,4]	nBS
[09/08/2026-09:04:43] [TRT] [V]         10	10
[09/08/2026-09:04:43] [TRT] [V]     Output 0
[09/08/2026-09:04:43] [TRT] [V]         [1,4]	nBS
[09/08/2026-09:04:43] [TRT] [V]         10	10
[09/08/2026-09:04:43] [TRT] [V] SHUFFLE ONNXTRT_ShapeShuffle_7
[09/08/2026-09:04:43] [TRT] [V]     Input 0
[09/08/2026-09:04:43] [TRT] [V]         [1,4]	nBS
[09/08/2026-09:04:43] [TRT] [V]         10	10
[09/08/2026-09:04:43] [TRT] [V]     Output 0
[09/08/2026-09:04:43] [TRT] [V]         [1,4]	nBS
[09/08/2026-09:04:43] [TRT] [V]         10	10
[09/08/2026-09:04:43] [TRT] [V] TOPK node_argmax
[09/08/2026-09:04:43] [TRT] [V]     Input 0
[09/08/2026-09:04:43] [TRT] [V]         [1,4]	nBS
[09/08/2026-09:04:43] [TRT] [V]         10	10
[09/08/2026-09:04:43] [TRT] [V]     Output 0
[09/08/2026-09:04:43] [TRT] [V]         [1,4]	nBS
[09/08/2026-09:04:43] [TRT] [V]         1	1
[09/08/2026-09:04:43] [TRT] [V]     Output 1
[09/08/2026-09:04:43] [TRT] [V]         [1,4]	nBS
[09/08/2026-09:04:43] [TRT] [V]         1	1
[09/08/2026-09:04:43] [TRT] [V] CAST ONNXTRT_castHelper_8
[09/08/2026-09:04:43] [TRT] [V]     Input 0
[09/08/2026-09:04:43] [TRT] [V]         [1,4]	nBS
[09/08/2026-09:04:43] [TRT] [V]         1	1
[09/08/2026-09:04:43] [TRT] [V]     Output 0
[09/08/2026-09:04:43] [TRT] [V]         [1,4]	nBS
[09/08/2026-09:04:43] [TRT] [V]         1	1
[09/08/2026-09:04:43] [TRT] [V] SHUFFLE ONNXTRT_squeezeTensor
[09/08/2026-09:04:43] [TRT] [V]     Input 0
[09/08/2026-09:04:43] [TRT] [V]         [1,4]	nBS
[09/08/2026-09:04:43] [TRT] [V]         1	1
[09/08/2026-09:04:43] [TRT] [V]     Output 0
[09/08/2026-09:04:43] [TRT] [V]         [1,4]	nBS
[09/08/2026-09:04:43] [TRT] [V] CAST ONNXTRT_castHelper_9
[09/08/2026-09:04:43] [TRT] [V]     Input 0
[09/08/2026-09:04:43] [TRT] [V]         [1,4]	nBS
[09/08/2026-09:04:43] [TRT] [V]     Output 0
[09/08/2026-09:04:43] [TRT] [V]         [1,4]	nBS
[09/08/2026-09:04:43] [TRT] [V] Graph construction completed in 0.00078502 seconds.
[09/08/2026-09:04:43] [TRT] [V] After adding DebugOutput nodes: 24 layers
[09/08/2026-09:04:43] [TRT] [V] Running: ConstShuffleFusion on gemm1.bias
[09/08/2026-09:04:43] [TRT] [V] ConstShuffleFusion: Fusing gemm1.bias with ONNXTRT_Broadcast
[09/08/2026-09:04:43] [TRT] [V] Running: ConstShuffleFusion on gemm2.bias
[09/08/2026-09:04:43] [TRT] [V] ConstShuffleFusion: Fusing gemm2.bias with ONNXTRT_Broadcast_4
[09/08/2026-09:04:43] [TRT] [V] Running: ShuffleErasure on ONNXTRT_ShapeShuffle_7
[09/08/2026-09:04:43] [TRT] [V] Removing ONNXTRT_ShapeShuffle_7
[09/08/2026-09:04:43] [TRT] [V] After Myelin optimization: 1 layers
[09/08/2026-09:04:43] [TRT] [V] Applying ScaleNodes fusions.
[09/08/2026-09:04:43] [TRT] [V] After scale fusion: 1 layers
[09/08/2026-09:04:43] [TRT] [V] After dupe layer removal: 1 layers
[09/08/2026-09:04:43] [TRT] [V] After final dead-layer removal: 1 layers
[09/08/2026-09:04:43] [TRT] [V] After tensor merging: 1 layers
[09/08/2026-09:04:43] [TRT] [V] After vertical fusions: 1 layers
[09/08/2026-09:04:43] [TRT] [V] After dupe layer removal: 1 layers
[09/08/2026-09:04:43] [TRT] [V] After final dead-layer removal: 1 layers
[09/08/2026-09:04:43] [TRT] [V] After tensor merging: 1 layers
[09/08/2026-09:04:43] [TRT] [V] After slice removal: 1 layers
[09/08/2026-09:04:43] [TRT] [V] After concat removal: 1 layers
[09/08/2026-09:04:43] [TRT] [V] Trying to split Reshape and strided tensor
[09/08/2026-09:04:43] [TRT] [V] Graph optimization time: 0.000483221 seconds.
[09/08/2026-09:04:43] [TRT] [V] Building graph using backend strategy 2
[09/08/2026-09:04:43] [TRT] [I] Local timing cache in use. Profiling results in this builder pass will not be stored.
[09/08/2026-09:04:43] [TRT] [V] Constructing optimization profile number 0 [1/2].
[09/08/2026-09:04:43] [TRT] [V] Applying generic optimizations to the graph for inference.
[09/08/2026-09:04:43] [TRT] [V] Reserving memory for host IO tensors. Host: 0 bytes
[09/08/2026-09:04:43] [TRT] [V] =============== Computing costs for {ForeignNode[node_conv2d...ONNXTRT_castHelper_9]}
[09/08/2026-09:04:43] [TRT] [V] ForeignNode {ForeignNode[node_conv2d...ONNXTRT_castHelper_9]} metadata: [ONNX Layer: node_conv2d][ONNX Layer: node_relu][ONNX Layer: node_max_pool2d][ONNX Layer: node_conv2d_1][ONNX Layer: node_relu_1][ONNX Layer: node_max_pool2d_1][ONNX Layer: node_view][ONNX Layer: node_linear][ONNX Layer: node_relu_2][ONNX Layer: node_linear_1][ONNX Layer: node_softmax][ONNX Layer: node_argmax]
[09/08/2026-09:04:43] [TRT] [V] *************** Autotuning format combination: Float(784,784,28,1) -> Float(10,1), Int64(1) ***************
[09/08/2026-09:04:43] [TRT] [V] --------------- Timing Runner: {ForeignNode[node_conv2d...ONNXTRT_castHelper_9]} (Myelin[0x80000023])
[09/08/2026-09:04:43] [TRT] [I] Compiler backend is used during engine build.
[09/08/2026-09:04:48] [TRT] [V]  (foreignNode) Set user's cuda kernel library
[09/08/2026-09:04:48] [TRT] [V]  (foreignNode) Using legacy CPU-only mode.
[09/08/2026-09:04:48] [TRT] [V]  (foreignNode) Autotuning op node_conv2d: [ONNX Layer: node_conv2d][ONNX Layer: node_relu]
[09/08/2026-09:04:48] [TRT] [V]  (foreignNode) Sorted table of all evaluated tactics:
[09/08/2026-09:04:48] [TRT] [V]  (foreignNode) tactic_id, cost(in ms), cost/fastest_cost, prediction_correlation, kernel_name, tactic_hash, tunable_parameter, conv_w2c_input_fold
[09/08/2026-09:04:48] [TRT] [V]  (foreignNode)   62, 0.0039968, 1.00000, 2.56532, sm80_xmma_fprop_implicit_gemm_indexed_wo_smem_f32f32_tf32f32_f32_nhwckrsc_nhwc_tilesize128x16x32_stage1_warpsize4x1x1_g1_tensor16x8x8_aligna4_alignc8, 0x447797f84b244, , 0
[09/08/2026-09:04:48] [TRT] [V]  (foreignNode)   63, 0.0041952, 1.04964, 2.45697, sm80_xmma_fprop_implicit_gemm_indexed_wo_smem_f32f32_tf32f32_f32_nhwckrsc_nhwc_tilesize128x16x32_stage1_warpsize4x1x1_g1_tensor16x8x8_aligna4_alignc4, 0x61203a5779dda, , 0
[09/08/2026-09:04:48] [TRT] [V]  (foreignNode)   77, 0.0048096, 1.20336, 2.24233, sm80_xmma_fprop_implicit_gemm_indexed_wo_smem_f32f32_tf32f32_f32_nhwckrsc_nhwc_tilesize128x16x32_stage1_warpsize4x1x1_g1_tensor16x8x8_aligna4, 0x68bbd65d1a060, , 0
[09/08/2026-09:04:48] [TRT] [V]  (foreignNode)   49, 0.0048128, 1.20416, 1.91952, sm80_xmma_fprop_implicit_gemm_indexed_wo_smem_f32f32_tf32f32_f32_nhwckrsc_nhwc_tilesize128x32x16_stage1_warpsize4x1x1_g1_tensor16x8x8_aligna4_alignc8, 0x40b656980a6a1, , 0
[09/08/2026-09:04:48] [TRT] [V]  (foreignNode)   16, 0.0048160, 1.20496, 1.29596, sm80_xmma_fprop_implicit_gemm_indexed_wo_smem_f32f32_tf32f32_f32_nhwckrsc_nhwc_tilesize128x16x64_stage1_warpsize4x1x1_g1_tensor16x8x8, 0x53e82ebe669a9, , 0
[09/08/2026-09:04:48] [TRT] [V]  (foreignNode)   19, 0.0050176, 1.25540, 1.32629, sm80_xmma_fprop_implicit_gemm_indexed_wo_smem_f32f32_tf32f32_f32_nhwckrsc_nhwc_tilesize128x16x64_stage1_warpsize4x1x1_g1_tensor16x8x8_alignc4, 0x5e9e9f3b6510b, , 0
[09/08/2026-09:04:48] [TRT] [V]  (foreignNode)   66, 0.0050176, 1.25540, 2.10331, sm80_xmma_fprop_implicit_gemm_indexed_wo_smem_f32f32_tf32f32_f32_nhwckrsc_nhwc_tilesize128x32x16_stage1_warpsize4x1x1_g1_tensor16x8x8_aligna4, 0x32f0a2fe3851f, , 0
[09/08/2026-09:04:48] [TRT] [V]  (foreignNode)   52, 0.0052224, 1.30665, 1.81630, sm80_xmma_fprop_implicit_gemm_indexed_wo_smem_f32f32_tf32f32_f32_nhwckrsc_nhwc_tilesize128x32x16_stage1_warpsize4x1x1_g1_tensor16x8x8_aligna4_alignc4, 0x4932958f86249, , 0
[09/08/2026-09:04:48] [TRT] [V]  (foreignNode)   76, 0.0054272, 1.35789, 1.98069, sm80_xmma_fprop_implicit_gemm_indexed_wo_smem_f32f32_tf32f32_f32_nhwckrsc_nhwc_tilesize128x16x64_stage1_warpsize4x1x1_g1_tensor16x8x8_aligna4_alignc8, 0x36b20acc48e3e, , 0
[09/08/2026-09:04:48] [TRT] [V]  (foreignNode)   92, 0.0054304, 1.35869, 2.24490, sm80_xmma_fprop_implicit_gemm_indexed_wo_smem_f32f32_tf32f32_f32_nhwckrsc_nhwc_tilesize128x32x64_stage1_warpsize4x1x1_g1_tensor16x8x8_aligna4_alignc8, 0x45e4a977c1240, , 0
[09/08/2026-09:04:48] [TRT] [V]  (foreignNode)   23, 0.0056320, 1.40913, 1.33670, sm80_xmma_fprop_implicit_gemm_indexed_wo_smem_f32f32_tf32f32_f32_nhwckrsc_nhwc_tilesize128x32x64_stage1_warpsize4x1x1_g1_tensor16x8x8, 0x2bde4e2ffd726, , 0
[09/08/2026-09:04:48] [TRT] [V]  (foreignNode)   34, 0.0058368, 1.46037, 1.39677, sm80_xmma_fprop_implicit_gemm_indexed_wo_smem_f32f32_tf32f32_f32_nhwckrsc_nhwc_tilesize128x32x64_stage1_warpsize4x1x1_g1_tensor16x8x8_alignc8, 0x52a765b97fd00, , 0
[09/08/2026-09:04:48] [TRT] [V]  (foreignNode)   36, 0.0060416, 1.51161, 1.36152, sm80_xmma_fprop_implicit_gemm_indexed_wo_smem_f32f32_tf32f32_f32_nhwckrsc_nhwc_tilesize128x16x64_stage1_warpsize4x1x1_g1_tensor16x8x8_alignc8, 0x2c42b19f834dd, , 0
[09/08/2026-09:04:48] [TRT] [V]  (foreignNode)   39, 0.0060416, 1.51161, 1.37203, sm80_xmma_fprop_implicit_gemm_indexed_wo_smem_f32f32_tf32f32_f32_nhwckrsc_nhwc_tilesize128x32x64_stage1_warpsize4x1x1_g1_tensor16x8x8_alignc4, 0x5ca966606ead6, , 0
[09/08/2026-09:04:48] [TRT] [V]  (foreignNode)   28, 0.0061280, 1.53323, 1.27537, sm80_xmma_fprop_implicit_gemm_indexed_wo_smem_f32f32_tf32f32_f32_nhwckrsc_nhwc_tilesize128x32x64_stage1_warpsize4x1x1_g1_tensor16x8x8_aligna8, 0x399cd25e740a2, , 0
[09/08/2026-09:04:48] [TRT] [V]  (foreignNode)   45, 0.0062464, 1.56285, 1.42609, sm80_xmma_fprop_implicit_gemm_indexed_wo_smem_f32f32_tf32f32_f32_nhwckrsc_nhwc_tilesize128x16x32_stage1_warpsize4x1x1_g1_tensor16x8x8_aligna8, 0x56d0b592d555c, , 0
[09/08/2026-09:04:48] [TRT] [V]  (foreignNode)   46, 0.0062464, 1.56285, 1.43058, sm80_xmma_fprop_implicit_gemm_indexed_wo_smem_f32f32_tf32f32_f32_nhwckrsc_nhwc_tilesize128x16x32_stage1_warpsize4x1x1_g1_tensor16x8x8_aligna8_alignc8, 0x51c3180075f77, , 0
[09/08/2026-09:04:48] [TRT] [V]  (foreignNode)   41, 0.0064448, 1.61249, 1.29253, sm80_xmma_fprop_implicit_gemm_indexed_wo_smem_f32f32_tf32f32_f32_nhwckrsc_nhwc_tilesize128x16x32_stage1_warpsize4x1x1_g1_tensor16x8x8_alignc8, 0x39efcb854db0c, , 0
[09/08/2026-09:04:48] [TRT] [V]  (foreignNode)   33, 0.0064480, 1.61329, 1.25745, sm80_xmma_fprop_implicit_gemm_indexed_wo_smem_f32f32_tf32f32_f32_nhwckrsc_nhwc_tilesize128x32x64_stage1_warpsize4x1x1_g1_tensor16x8x8_aligna8_alignc4, 0x36c92cea3ae7c, , 0
[09/08/2026-09:04:48] [TRT] [V]  (foreignNode)   42, 0.0064704, 1.61890, 1.28853, sm80_xmma_fprop_implicit_gemm_indexed_wo_smem_f32f32_tf32f32_f32_nhwckrsc_nhwc_tilesize128x16x32_stage1_warpsize4x1x1_g1_tensor16x8x8, 0x4e96e01ba9248, , 0
[09/08/2026-09:04:48] [TRT] [V]  (foreignNode)   48, 0.0066432, 1.66213, 1.36322, sm80_xmma_fprop_implicit_gemm_indexed_wo_smem_f32f32_tf32f32_f32_nhwckrsc_nhwc_tilesize128x16x64_stage1_warpsize4x1x1_g1_tensor16x8x8_aligna8_alignc4, 0x4da24cec60f34, , 0
[09/08/2026-09:04:48] [TRT] [V]  (foreignNode)   43, 0.0066560, 1.66533, 1.26290, sm80_xmma_fprop_implicit_gemm_indexed_wo_smem_f32f32_tf32f32_f32_nhwckrsc_nhwc_tilesize128x16x32_stage1_warpsize4x1x1_g1_tensor16x8x8_alignc4, 0x39ccfb178f0a3, , 0
[09/08/2026-09:04:48] [TRT] [V]  (foreignNode)   47, 0.0066592, 1.66613, 1.34626, sm80_xmma_fprop_implicit_gemm_indexed_wo_smem_f32f32_tf32f32_f32_nhwckrsc_nhwc_tilesize128x16x64_stage1_warpsize4x1x1_g1_tensor16x8x8_aligna8, 0x43ad737d35171, , 0
[09/08/2026-09:04:48] [TRT] [V]  (foreignNode)   13, 0.0072144, 1.80504, 0.78204, sm80_xmma_fprop_implicit_gemm_f32f32_f32f32_f32_nchwkcrs_nchw_tilesize32x32x8_stage3_warpsize1x2x1_g1_ffma_aligna4_alignc4, 0x431ac8662980a, , 0
[09/08/2026-09:04:48] [TRT] [V]  (foreignNode)   74, 0.0076768, 1.92074, 1.39321, sm80_xmma_fprop_implicit_gemm_indexed_wo_smem_f32f32_tf32f32_f32_nhwckrsc_nhwc_tilesize128x32x16_stage1_warpsize4x1x1_g1_tensor16x8x8_aligna8, 0x4b1795081a257, , 0
[09/08/2026-09:04:48] [TRT] [V]  (foreignNode)   81, 0.0076800, 1.92154, 1.43761, sm80_xmma_fprop_implicit_gemm_indexed_wo_smem_f32f32_tf32f32_f32_nhwckrsc_nhwc_tilesize128x32x16_stage1_warpsize4x1x1_g1_tensor16x8x8_alignc8, 0x320f2e828cc56, , 0
[09/08/2026-09:04:48] [TRT] [V]  (foreignNode)   84, 0.0076800, 1.92154, 1.44250, sm80_xmma_fprop_implicit_gemm_indexed_wo_smem_f32f32_tf32f32_f32_nhwckrsc_nhwc_tilesize128x32x16_stage1_warpsize4x1x1_g1_tensor16x8x8, 0x65ed69f9242d6, , 0
[09/08/2026-09:04:48] [TRT] [V]  (foreignNode)   50, 0.0078720, 1.96958, 1.18126, cutlass3x_sm100_tensorop_s128x128x8tf32implicit_gemm_fprop_f32_f32_f32_f32_f32_f32_128x128x32_dyn_cga_ndhwc_ndhwc_ndhwc_align4_2sm_relu_valpha_vbeta, 0x524b8b813aebb, cga={2 4 2 1 2 1 1} , 1
[09/08/2026-09:04:48] [TRT] [V]  (foreignNode)   73, 0.0078816, 1.97198, 1.34546, sm80_xmma_fprop_implicit_gemm_indexed_wo_smem_f32f32_tf32f32_f32_nhwckrsc_nhwc_tilesize128x32x16_stage1_warpsize4x1x1_g1_tensor16x8x8_aligna8_alignc8, 0x5d3fc97fc5ece, , 0
[09/08/2026-09:04:48] [TRT] [V]  (foreignNode)   85, 0.0078816, 1.97198, 1.41974, cutlass3x_sm100_tensorop_s128x256x8tf32implicit_gemm_fprop_f32_f32_f32_f32_f32_f32_128x256x32_dyn_cga_ndhwc_ndhwc_ndhwc_align4_2sm_relu_valpha_vbeta, 0x33a3368ba6b62, cga={2 8 1 1 2 1 1} , 1
[09/08/2026-09:04:48] [TRT] [V]  (foreignNode)   25, 0.0078848, 1.97278, 0.96522, cutlass3x_sm100_tensorop_s128x128x8tf32implicit_gemm_fprop_f32_f32_f32_f32_f32_f32_128x128x32_dyn_cga_ndhwc_ndhwc_ndhwc_align4_2sm_relu_valpha_vbeta, 0x39a08467981a4, cga={2 8 1 1 2 1 1} , 1
[09/08/2026-09:04:48] [TRT] [V]  (foreignNode)   86, 0.0078848, 1.97278, 1.42115, cutlass3x_sm100_tensorop_s128x256x8tf32implicit_gemm_fprop_f32_f32_f32_f32_f32_f32_128x256x32_dyn_cga_ndhwc_ndhwc_ndhwc_align4_2sm_relu_valpha_vbeta, 0x64c4c130b2b15, cga={2 4 1 1 2 1 1} , 1
[09/08/2026-09:04:48] [TRT] [V]  (foreignNode)   87, 0.0078880, 1.97358, 1.42526, sm80_xmma_fprop_implicit_gemm_indexed_wo_smem_f32f32_tf32f32_f32_nhwckrsc_nhwc_tilesize128x32x16_stage1_warpsize4x1x1_g1_tensor16x8x8_alignc4, 0x2bf76ead0e8e7, , 0
[09/08/2026-09:04:48] [TRT] [V]  (foreignNode)   24, 0.0079872, 1.99840, 0.95212, cutlass3x_sm100_tensorop_s128x128x8tf32implicit_gemm_fprop_f32_f32_f32_f32_f32_f32_128x128x32_dyn_cga_ndhwc_ndhwc_ndhwc_align4_2sm_relu_valpha_vbeta, 0x512169c0e6ae4, cga={2 4 1 1 2 1 1} , 1
[09/08/2026-09:04:48] [TRT] [V]  (foreignNode)   44, 0.0079872, 1.99840, 1.08935, cutlass3x_sm100_tensorop_s128x128x8tf32implicit_gemm_fprop_f32_f32_f32_f32_f32_f32_128x128x32_dyn_cga_ndhwc_ndhwc_ndhwc_align4_2sm_relu_valpha_vbeta, 0x2ab2633c442a5, cga={2 8 2 1 2 1 1} , 1
[09/08/2026-09:04:48] [TRT] [V]  (foreignNode)    9, 0.0080896, 2.02402, 0.54051, sm80_xmma_fprop_implicit_gemm_indexed_f32f32_f32f32_f32_nhwckrsc_nhwc_tilesize32x32x8_stage3_warpsize1x2x1_g1_ffma_aligna4_alignc4, 0x46a1e74539894, , 0
[09/08/2026-09:04:48] [TRT] [V]  (foreignNode)   75, 0.0080896, 2.02402, 1.32500, sm80_xmma_fprop_implicit_gemm_indexed_wo_smem_f32f32_tf32f32_f32_nhwckrsc_nhwc_tilesize128x32x16_stage1_warpsize4x1x1_g1_tensor16x8x8_aligna8_alignc4, 0x34cb1bfa1a587, , 0
[09/08/2026-09:04:48] [TRT] [V]  (foreignNode)   12, 0.0081360, 2.03563, 0.66826, sm80_xmma_fprop_implicit_gemm_indexed_f32f32_f32f32_f32_nchwkcrs_nchw_tilesize32x32x8_stage3_warpsize1x2x1_g1_ffma_aligna4_alignc4, 0x53072733c7601, , 0
[09/08/2026-09:04:48] [TRT] [V]  (foreignNode)   30, 0.0081456, 2.03803, 0.97261, sm80_xmma_fprop_implicit_gemm_f32f32_f32f32_f32_nchwkcrs_nchw_tilesize128x16x8_stage3_warpsize4x1x1_g1_ffma_aligna4_alignc4, 0x4f761254ffcf1, , 0
[09/08/2026-09:04:48] [TRT] [V]  (foreignNode)   11, 0.0082976, 2.07606, 0.62799, sm80_xmma_fprop_implicit_gemm_f32f32_f32f32_f32_nhwckrsc_nhwc_tilesize32x32x8_stage3_warpsize1x2x1_g1_ffma_aligna4_alignc4, 0x6611607d187d4, , 0
[09/08/2026-09:04:48] [TRT] [V]  (foreignNode)   59, 0.0084960, 2.12570, 1.15118, cutlass3x_sm100_tensorop_s64x128x8tf32implicit_gemm_fprop_f32_f32_f32_f32_f32_f32_64x128x32_dyn_cga_ndhwc_ndhwc_ndhwc_align4_1sm_relu_valpha_vbeta, 0x3c8c7516f47f0, cga={2 4 2 1 2 1 1} , 1
[09/08/2026-09:04:48] [TRT] [V]  (foreignNode)   71, 0.0086016, 2.15212, 1.22724, cutlass3x_sm100_tensorop_s256x128x8tf32implicit_gemm_fprop_f32_f32_f32_f32_f32_f32_256x128x32_dyn_cga_ndhwc_ndhwc_ndhwc_align4_2sm_relu_valpha_vbeta, 0x463bd845d6f45, cga={2 4 2 1 2 1 1} , 1
[09/08/2026-09:04:48] [TRT] [V]  (foreignNode)   72, 0.0086912, 2.17454, 1.21541, cutlass3x_sm100_tensorop_s256x128x8tf32implicit_gemm_fprop_f32_f32_f32_f32_f32_f32_256x128x32_dyn_cga_ndhwc_ndhwc_ndhwc_align4_2sm_relu_valpha_vbeta, 0x43715d052237b, cga={2 8 2 1 2 1 1} , 1
[09/08/2026-09:04:48] [TRT] [V]  (foreignNode)   88, 0.0086976, 2.17614, 1.32351, cutlass3x_sm100_tensorop_s256x128x8tf32implicit_gemm_fprop_f32_f32_f32_f32_f32_f32_256x128x32_dyn_cga_ndhwc_ndhwc_ndhwc_align4_2sm_relu_valpha_vbeta, 0x3da6f833cc165, cga={2 4 4 1 2 1 1} , 1
[09/08/2026-09:04:48] [TRT] [V]  (foreignNode)   78, 0.0087008, 2.17694, 1.24029, cutlass3x_sm100_tensorop_s64x128x8tf32implicit_gemm_fprop_f32_f32_f32_f32_f32_f32_64x128x32_dyn_cga_ndhwc_ndhwc_ndhwc_align4_1sm_relu_valpha_vbeta, 0x335de326c46e4, cga={2 8 2 1 1 2 1} , 1
[09/08/2026-09:04:48] [TRT] [V]  (foreignNode)   58, 0.0087040, 2.17774, 1.12241, cutlass3x_sm100_tensorop_s64x128x8tf32implicit_gemm_fprop_f32_f32_f32_f32_f32_f32_64x128x32_dyn_cga_ndhwc_ndhwc_ndhwc_align4_1sm_relu_valpha_vbeta, 0x3c85962b2abe5, cga={2 8 2 1 2 1 1} , 1
[09/08/2026-09:04:48] [TRT] [V]  (foreignNode)   68, 0.0087040, 2.17774, 1.21270, cutlass3x_sm100_tensorop_s256x128x8tf32implicit_gemm_fprop_f32_f32_f32_f32_f32_f32_256x128x32_dyn_cga_ndhwc_ndhwc_ndhwc_align4_2sm_relu_valpha_vbeta, 0x2f8b9515c6bf4, cga={2 2 2 1 2 1 1} , 1
[09/08/2026-09:04:48] [TRT] [V]  (foreignNode)   55, 0.0087072, 2.17854, 1.11602, cutlass3x_sm100_tensorop_s64x128x8tf32implicit_gemm_fprop_f32_f32_f32_f32_f32_f32_64x128x32_dyn_cga_ndhwc_ndhwc_ndhwc_align4_1sm_relu_valpha_vbeta, 0x2e38345f24ce6, cga={2 2 1 1 2 1 1} , 1
[09/08/2026-09:04:48] [TRT] [V]  (foreignNode)   14, 0.0087552, 2.19055, 0.68767, sm80_xmma_fprop_implicit_gemm_indexed_f32f32_f32f32_f32_nchwkcrs_nchw_tilesize64x64x8_stage3_warpsize1x4x1_g1_ffma_aligna4_alignc4, 0x50058707ad9d1, , 0
[09/08/2026-09:04:48] [TRT] [V]  (foreignNode)   38, 0.0088064, 2.20336, 0.94113, cutlass3x_sm100_tensorop_s128x128x8tf32implicit_gemm_fprop_f32_f32_f32_f32_f32_f32_128x128x32_dyn_cga_ndhwc_ndhwc_ndhwc_align4_2sm_relu_valpha_vbeta, 0x2ddf60afb1c3a, cga={2 2 1 1 2 1 1} , 1
[09/08/2026-09:04:48] [TRT] [V]  (foreignNode)   56, 0.0088064, 2.20336, 1.10387, cutlass3x_sm100_tensorop_s64x128x8tf32implicit_gemm_fprop_f32_f32_f32_f32_f32_f32_64x128x32_dyn_cga_ndhwc_ndhwc_ndhwc_align4_1sm_relu_valpha_vbeta, 0x42d6eee2af3c1, cga={2 8 1 1 2 1 1} , 1
[09/08/2026-09:04:48] [TRT] [V]  (foreignNode)   79, 0.0088064, 2.20336, 1.22834, cutlass3x_sm100_tensorop_s64x128x8tf32implicit_gemm_fprop_f32_f32_f32_f32_f32_f32_64x128x32_dyn_cga_ndhwc_ndhwc_ndhwc_align4_1sm_relu_valpha_vbeta, 0x39eb43261733c, cga={2 4 2 1 1 2 1} , 1
[09/08/2026-09:04:48] [TRT] [V]  (foreignNode)   99, 0.0088096, 2.20416, 1.52268, cutlass3x_sm100_tensorop_s256x128x8tf32implicit_gemm_fprop_f32_f32_f32_f32_f32_f32_256x128x32_dyn_cga_ndhwc_ndhwc_ndhwc_align4_2sm_relu_valpha_vbeta, 0x46b86d07bcad2, cga={2 2 4 1 2 1 1} , 1
[09/08/2026-09:04:48] [TRT] [V]  (foreignNode)   54, 0.0089088, 2.22898, 1.09052, cutlass3x_sm100_tensorop_s64x128x8tf32implicit_gemm_fprop_f32_f32_f32_f32_f32_f32_64x128x32_dyn_cga_ndhwc_ndhwc_ndhwc_align4_1sm_relu_valpha_vbeta, 0x63fab4afced86, cga={2 4 1 1 2 1 1} , 1
[09/08/2026-09:04:48] [TRT] [V]  (foreignNode)   37, 0.0090112, 2.25460, 0.91974, cutlass3x_sm100_tensorop_s128x128x8tf32implicit_gemm_fprop_f32_f32_f32_f32_f32_f32_128x128x32_dyn_cga_ndhwc_ndhwc_ndhwc_align4_2sm_relu_valpha_vbeta, 0x4098bc9a582e5, cga={0 0 0 1 0 0 1} , 1
[09/08/2026-09:04:48] [TRT] [V]  (foreignNode)   53, 0.0090624, 2.26741, 1.06987, sm80_xmma_fprop_implicit_gemm_f32f32_f32f32_f32_nchwkcrs_nchw_tilesize64x64x8_stage3_warpsize1x4x1_g1_ffma_aligna4_alignc4, 0x52fd2cc1fc4ec, , 0
[09/08/2026-09:04:48] [TRT] [V]  (foreignNode)   67, 0.0092128, 2.30504, 1.14558, cutlass3x_sm100_tensorop_s256x128x8tf32implicit_gemm_fprop_f32_f32_f32_f32_f32_f32_256x128x32_dyn_cga_ndhwc_ndhwc_ndhwc_align4_2sm_relu_valpha_vbeta, 0x453d81e7227d5, cga={2 8 1 1 2 1 1} , 1
[09/08/2026-09:04:48] [TRT] [V]  (foreignNode)   82, 0.0093184, 2.33147, 1.18693, cutlass3x_sm100_tensorop_s64x128x8tf32implicit_gemm_fprop_f32_f32_f32_f32_f32_f32_64x128x32_dyn_cga_ndhwc_ndhwc_ndhwc_align4_1sm_relu_valpha_vbeta, 0x328b57f629ef8, cga={0 0 0 1 0 0 1} , 1
[09/08/2026-09:04:48] [TRT] [V]  (foreignNode)   93, 0.0093184, 2.33147, 1.34066, cutlass3x_sm100_tensorop_s64x128x8tf32implicit_gemm_fprop_f32_f32_f32_f32_f32_f32_64x128x32_dyn_cga_ndhwc_ndhwc_ndhwc_align4_1sm_relu_valpha_vbeta, 0x6131fea00d78e, cga={2 2 2 1 1 2 1} , 1
[09/08/2026-09:04:48] [TRT] [V]  (foreignNode)   83, 0.0095232, 2.38271, 1.16140, cutlass3x_sm100_tensorop_s64x128x8tf32implicit_gemm_fprop_f32_f32_f32_f32_f32_f32_64x128x32_dyn_cga_ndhwc_ndhwc_ndhwc_align4_1sm_relu_valpha_vbeta, 0x2dedc897174c8, cga={2 1 1 1 1 1 1} , 1
[09/08/2026-09:04:48] [TRT] [V]  (foreignNode)   89, 0.0095232, 2.38271, 1.20990, cutlass3x_sm100_tensorop_s128x128x8tf32implicit_gemm_fprop_f32_f32_f32_f32_f32_f32_128x128x32_dyn_cga_ndhwc_ndhwc_ndhwc_align4_2sm_relu_valpha_vbeta, 0x30a9ae9ac00d1, cga={2 2 2 1 2 1 1} , 1
[09/08/2026-09:04:48] [TRT] [V]  (foreignNode)   65, 0.0097280, 2.43395, 1.08429, cutlass3x_sm100_tensorop_s256x128x8tf32implicit_gemm_fprop_f32_f32_f32_f32_f32_f32_256x128x32_dyn_cga_ndhwc_ndhwc_ndhwc_align4_2sm_relu_valpha_vbeta, 0x698792e76b689, cga={2 4 1 1 2 1 1} , 1
[09/08/2026-09:04:48] [TRT] [V]  (foreignNode)   91, 0.0098336, 2.46037, 1.20272, cutlass3x_sm100_tensorop_s64x128x8tf32implicit_gemm_fprop_f32_f32_f32_f32_f32_f32_64x128x32_dyn_cga_ndhwc_ndhwc_ndhwc_align4_1sm_relu_valpha_vbeta, 0x43a99cc829f69, cga={2 2 2 1 2 1 1} , 1
[09/08/2026-09:04:48] [TRT] [V]  (foreignNode)   97, 0.0102368, 2.56125, 1.29480, cutlass3x_sm100_tensorop_s128x256x8tf32implicit_gemm_fprop_f32_f32_f32_f32_f32_f32_128x256x32_dyn_cga_ndhwc_ndhwc_ndhwc_align4_2sm_relu_valpha_vbeta, 0x2c44a9962d227, cga={0 0 0 1 0 0 1} , 1
[09/08/2026-09:04:48] [TRT] [V]  (foreignNode)   27, 0.0103424, 2.58767, 0.74415, sm80_xmma_fprop_implicit_gemm_f32f32_f32f32_f32_nhwckrsc_nhwc_tilesize128x16x8_stage3_warpsize4x1x1_g1_ffma_aligna4_alignc4, 0x4ae5e6b95a5f8, , 0
[09/08/2026-09:04:48] [TRT] [V]  (foreignNode)   98, 0.0103424, 2.58767, 1.28158, cutlass3x_sm100_tensorop_s128x256x8tf32implicit_gemm_fprop_f32_f32_f32_f32_f32_f32_128x256x32_dyn_cga_ndhwc_ndhwc_ndhwc_align4_2sm_relu_valpha_vbeta, 0x56704b87dfb92, cga={2 2 1 1 2 1 1} , 1
[09/08/2026-09:04:48] [TRT] [V]  (foreignNode)   70, 0.0104480, 2.61409, 1.01029, cutlass3x_sm100_tensorop_s256x128x8tf32implicit_gemm_fprop_f32_f32_f32_f32_f32_f32_256x128x32_dyn_cga_ndhwc_ndhwc_ndhwc_align4_2sm_relu_valpha_vbeta, 0x535a8851f45af, cga={2 2 1 1 2 1 1} , 1
[09/08/2026-09:04:48] [TRT] [V]  (foreignNode)   69, 0.0105536, 2.64051, 1.00019, cutlass3x_sm100_tensorop_s256x128x8tf32implicit_gemm_fprop_f32_f32_f32_f32_f32_f32_256x128x32_dyn_cga_ndhwc_ndhwc_ndhwc_align4_2sm_relu_valpha_vbeta, 0x6897023cbda56, cga={0 0 0 1 0 0 1} , 1
[09/08/2026-09:04:48] [TRT] [V]  (foreignNode)   29, 0.0105984, 2.65172, 0.73917, sm80_xmma_fprop_implicit_gemm_indexed_f32f32_f32f32_f32_nchwkcrs_nchw_tilesize128x16x8_stage3_warpsize4x1x1_g1_ffma_aligna4_alignc4, 0x381f105003178, , 0
[09/08/2026-09:04:48] [TRT] [V]  (foreignNode)   31, 0.0112128, 2.80544, 0.71616, sm80_xmma_fprop_implicit_gemm_indexed_f32f32_f32f32_f32_nchwkcrs_nchw_tilesize128x32x8_stage3_warpsize2x2x1_g1_ffma_aligna4_alignc4, 0x38b375fe898eb, , 0
[09/08/2026-09:04:48] [TRT] [V]  (foreignNode)   60, 0.0113632, 2.84307, 0.87308, sm80_xmma_fprop_implicit_gemm_f32f32_f32f32_f32_nhwckrsc_nhwc_tilesize64x64x8_stage3_warpsize1x4x1_g1_ffma_aligna4_alignc4, 0x531c3b8549188, , 0
[09/08/2026-09:04:48] [TRT] [V]  (foreignNode)   94, 0.0115712, 2.89512, 1.08712, cutlass3x_sm100_tensorop_s128x128x8tf32implicit_gemm_fprop_f32_f32_f32_f32_f32_f32_128x128x32_dyn_cga_ndhwc_ndhwc_ndhwc_align4_1sm_relu_valpha_vbeta, 0x4c8f00b51b7ca, cga={0 0 0 1 0 0 1} , 1
[09/08/2026-09:04:48] [TRT] [V]  (foreignNode)   95, 0.0115744, 2.89592, 1.08682, cutlass3x_sm100_tensorop_s128x128x8tf32implicit_gemm_fprop_f32_f32_f32_f32_f32_f32_128x128x32_dyn_cga_ndhwc_ndhwc_ndhwc_align4_1sm_relu_valpha_vbeta, 0x5c331297e0160, cga={2 1 1 1 1 1 1} , 1
[09/08/2026-09:04:48] [TRT] [V]  (foreignNode)   10, 0.0128000, 3.20256, 0.38197, sm80_xmma_fprop_implicit_gemm_indexed_f32f32_f32f32_f32_nhwckrsc_nhwc_tilesize128x16x8_stage3_warpsize4x1x1_g1_ffma_aligna4_alignc4, 0x5c10a53c8e4ee, , 0
[09/08/2026-09:04:48] [TRT] [V]  (foreignNode)   15, 0.0128000, 3.20256, 0.48024, sm80_xmma_fprop_implicit_gemm_indexed_f32f32_f32f32_f32_nhwckrsc_nhwc_tilesize64x64x8_stage3_warpsize1x4x1_g1_ffma_aligna4_alignc4, 0x45757ccc39352, , 0
[09/08/2026-09:04:48] [TRT] [V]  (foreignNode)   22, 0.0133680, 3.34468, 0.55184, sm80_xmma_fprop_implicit_gemm_indexed_f32f32_f32f32_f32_nchwkcrs_nchw_tilesize128x64x8_stage2_warpsize1x4x1_g1_ffma_aligna4_alignc4_beta0_packed_stride, 0x491c74b83d98c, , 0
[09/08/2026-09:04:48] [TRT] [V]  (foreignNode)    2, 0.0134144, 3.35629, 0.02623, sm80_xmma_fprop_implicit_gemm_f32f32_tf32f32_f32_nhwckrsc_nhwc_tilesize64x32x64_stage5_warpsize2x2x1_g1_tensor16x8x8_t1r5s5, 0x6671027229437, , 0
[09/08/2026-09:04:48] [TRT] [V]  (foreignNode)   32, 0.0136656, 3.41914, 0.58972, sm80_xmma_fprop_implicit_gemm_indexed_f32f32_f32f32_f32_nchwkcrs_nchw_tilesize128x64x8_stage2_warpsize2x2x1_g1_ffma_aligna4_alignc4_beta0_packed_stride, 0x6105a76debc1c, , 0
[09/08/2026-09:04:48] [TRT] [V]  (foreignNode)    8, 0.0140224, 3.50841, 0.29826, sm80_xmma_fprop_implicit_gemm_f32f32_tf32f32_f32_nhwckrsc_nhwc_tilesize128x128x16_stage4_warpsize2x2x1_g1_tensor16x8x8_t1r5s5, 0x4a22061aa1bca, , 0
[09/08/2026-09:04:48] [TRT] [V]  (foreignNode)    1, 0.0140256, 3.50921, 0.01227, sm80_xmma_fprop_implicit_gemm_f32f32_tf32f32_f32_nhwckrsc_nhwc_tilesize64x128x32_stage5_warpsize2x2x1_g1_tensor16x8x8_t1r5s5, 0x50bf9238876a8, , 0
[09/08/2026-09:04:48] [TRT] [V]  (foreignNode)   21, 0.0142272, 3.55965, 0.49434, sm80_xmma_fprop_implicit_gemm_indexed_f32f32_f32f32_f32_nhwckrsc_nhwc_tilesize128x32x8_stage3_warpsize2x2x1_g1_ffma_aligna4_alignc4, 0x593cc3676fa2f, , 0
[09/08/2026-09:04:48] [TRT] [V]  (foreignNode)   40, 0.0145968, 3.65212, 0.57057, sm80_xmma_fprop_implicit_gemm_indexed_f32f32_f32f32_f32_nchwkcrs_nchw_tilesize128x64x8_stage2_warpsize4x1x1_g1_ffma_aligna4_alignc4_beta0_packed_stride, 0x2ed49b83a1ace, , 0
[09/08/2026-09:04:48] [TRT] [V]  (foreignNode)   20, 0.0146432, 3.66373, 0.47314, sm80_xmma_fprop_implicit_gemm_indexed_f32f32_tf32f32_f32_nhwckrsc_nhwc_tilesize64x128x32_stage5_warpsize2x2x1_g1_tensor16x8x8, 0x63349d53d88ef, , 0
[09/08/2026-09:04:48] [TRT] [V]  (foreignNode)    3, 0.0150496, 3.76541, 0.02492, sm80_xmma_fprop_implicit_gemm_f32f32_tf32f32_f32_nhwckrsc_nhwc_tilesize128x64x32_stage5_warpsize2x2x1_g1_tensor16x8x8_t1r5s5, 0x2d7ff302789c4, , 0
[09/08/2026-09:04:48] [TRT] [V]  (foreignNode)   51, 0.0154624, 3.86870, 0.61250, sm80_xmma_fprop_implicit_gemm_indexed_f32f32_tf32f32_f32_nhwckrsc_nhwc_tilesize128x128x16_stage4_warpsize2x2x1_g1_tensor16x8x8, 0x569a5b44f4eab, , 0
[09/08/2026-09:04:48] [TRT] [V]  (foreignNode)   18, 0.0154688, 3.87030, 0.42417, sm80_xmma_fprop_implicit_gemm_indexed_f32f32_tf32f32_f32_nhwckrsc_nhwc_tilesize64x32x64_stage5_warpsize2x2x1_g1_tensor16x8x8, 0x5af5049c6d4f9, , 0
[09/08/2026-09:04:48] [TRT] [V]  (foreignNode)   26, 0.0168896, 4.22578, 0.45364, sm80_xmma_fprop_implicit_gemm_indexed_f32f32_tf32f32_f32_nhwckrsc_nhwc_tilesize128x64x32_stage5_warpsize2x2x1_g1_tensor16x8x8, 0x63102d914fbd2, , 0
[09/08/2026-09:04:48] [TRT] [V]  (foreignNode)    4, 0.0175136, 4.38191, 0.02422, sm80_xmma_fprop_implicit_gemm_f32f32_tf32f32_f32_nhwckrsc_nhwc_tilesize64x64x64_stage4_warpsize2x2x1_g1_tensor16x8x8_t1r5s5, 0x4163a3df68b16, , 0
[09/08/2026-09:04:48] [TRT] [V]  (foreignNode)   17, 0.0181152, 4.53243, 0.34940, sm80_xmma_fprop_implicit_gemm_indexed_f32f32_tf32f32_f32_nhwckrsc_nhwc_tilesize64x64x64_stage4_warpsize2x2x1_g1_tensor16x8x8, 0x2ced820775fe7, , 0
[09/08/2026-09:04:48] [TRT] [V]  (foreignNode)    5, 0.0244736, 6.12330, 0.01932, sm80_xmma_fprop_implicit_gemm_f32f32_tf32f32_f32_nhwckrsc_nhwc_tilesize128x128x32_stage4_warpsize2x2x1_g1_tensor16x8x8_t1r5s5, 0x3c2813949d00d, , 0
[09/08/2026-09:04:48] [TRT] [V]  (foreignNode)    7, 0.0246784, 6.17454, 0.10179, sm80_xmma_fprop_implicit_gemm_f32f32_tf32f32_f32_nhwckrsc_nhwc_tilesize256x64x32_stage3_warpsize4x2x1_g1_tensor16x8x8_t1r5s5, 0x5fe33cf2915df, , 0
[09/08/2026-09:04:48] [TRT] [V]  (foreignNode)   57, 0.0261120, 6.53323, 0.37278, sm80_xmma_fprop_implicit_gemm_indexed_f32f32_tf32f32_f32_nhwckrsc_nhwc_tilesize128x128x32_stage4_warpsize2x2x1_g1_tensor16x8x8, 0x571ad7d8034d3, , 0
[09/08/2026-09:04:48] [TRT] [V]  (foreignNode)   64, 0.0273376, 6.83987, 0.37959, sm80_xmma_fprop_implicit_gemm_indexed_f32f32_tf32f32_f32_nhwckrsc_nhwc_tilesize256x64x32_stage3_warpsize4x2x1_g1_tensor16x8x8, 0x58cfb7217d527, , 0
[09/08/2026-09:04:48] [TRT] [V]  (foreignNode)    6, 0.0275456, 6.89191, 0.02500, sm80_xmma_fprop_implicit_gemm_f32f32_tf32f32_f32_nhwckrsc_nhwc_tilesize128x64x64_stage3_warpsize2x2x1_g1_tensor16x8x8_t1r5s5, 0x4185075da43a9, , 0
[09/08/2026-09:04:48] [TRT] [V]  (foreignNode)   35, 0.0283712, 7.09848, 0.28971, sm80_xmma_fprop_implicit_gemm_indexed_f32f32_tf32f32_f32_nhwckrsc_nhwc_tilesize128x64x64_stage3_warpsize2x2x1_g1_tensor16x8x8, 0x65a391c4bf119, , 0
[09/08/2026-09:04:48] [TRT] [V]  (foreignNode)   80, 0.0361504, 9.04484, 0.29977, sm80_xmma_fprop_implicit_gemm_f32f32_tf32f32_f32_nhwckrsc_nhwc_tilesize128x256x32_stage3_warpsize2x4x1_g1_tensor16x8x8_t1r5s5, 0x65e9d61c48eda, , 0
[09/08/2026-09:04:48] [TRT] [V]  (foreignNode)   61, 0.0365536, 9.14572, 0.27546, sm80_xmma_fprop_implicit_gemm_f32f32_tf32f32_f32_nhwckrsc_nhwc_tilesize256x128x32_stage3_warpsize4x2x1_g1_tensor16x8x8_t1r5s5, 0x610c895e8b973, , 0
[09/08/2026-09:04:48] [TRT] [V]  (foreignNode)   90, 0.0375776, 9.40192, 0.31410, sm80_xmma_fprop_implicit_gemm_indexed_f32f32_tf32f32_f32_nhwckrsc_nhwc_tilesize128x256x32_stage3_warpsize2x4x1_g1_tensor16x8x8, 0x531a58fc22ee1, , 0
[09/08/2026-09:04:48] [TRT] [V]  (foreignNode)   96, 0.0400384, 10.01761, 0.31716, sm80_xmma_fprop_implicit_gemm_indexed_f32f32_tf32f32_f32_nhwckrsc_nhwc_tilesize256x128x32_stage3_warpsize4x2x1_g1_tensor16x8x8, 0x5389bdefe16fd, , 0
[09/08/2026-09:04:48] [TRT] [V]  (foreignNode)    0, 0.1412064, 35.32986, 0.00009, sm80_xmma_fprop_implicit_gemm_f32f32_f32f32_f32_nhwckrsc_nhwc_tilesize64x32x32_stage3_warpsize1x1x1_g1_ffma_t1r5s5_aligna4_alignc4, 0x5efcc2f47736d, , 0
[09/08/2026-09:04:48] [TRT] [V]  (foreignNode) Autotuning op node_max_pool2d: [ONNX Layer: node_max_pool2d]
[09/08/2026-09:04:48] [TRT] [V]  (foreignNode) Sorted table of all evaluated tactics:
[09/08/2026-09:04:48] [TRT] [V]  (foreignNode) tactic_id, cost(in ms), cost/fastest_cost, prediction_correlation, kernel_name, tactic_hash, tunable_parameter
[09/08/2026-09:04:48] [TRT] [V]  (foreignNode)   20, 0.0032736, 1.00000, 0.00000, sm50_xmma_pooling_max_nhwc_FP32FP32_WINDOWSIZE_0_PROPAGATE_NAN_3D, 0x63d934f4d43ce,
[09/08/2026-09:04:48] [TRT] [V]  (foreignNode)   22, 0.0032768, 1.00098, 0.00000, sm50_xmma_pooling_max_nhwc_FP32FP32_WINDOWSIZE_0_PROPAGATE_NAN_2D, 0x66f0f7054b2a5,
[09/08/2026-09:04:48] [TRT] [V]  (foreignNode)   18, 0.0034816, 1.06354, 0.00000, sm50_xmma_pooling_max_nhwc_FP32FP32_WINDOWSIZE_0_NOT_PROPAGATE_NAN_3D, 0x67bdb004749ae,
[09/08/2026-09:04:48] [TRT] [V]  (foreignNode)   19, 0.0035840, 1.09482, 0.00000, sm50_xmma_pooling_max_nhwc_FP32FP32_WINDOWSIZE_0_NOT_PROPAGATE_NAN_2D, 0x4327a8fca68b1,
[09/08/2026-09:04:48] [TRT] [V]  (foreignNode)   21, 0.0035840, 1.09482, 0.00000, sm50_xmma_pooling_fw_4d_FP32FP32NHWC_Max_CAlign4, 0x6617c82cae8f0,
[09/08/2026-09:04:48] [TRT] [V]  (foreignNode)    4, 0.0041472, 1.26686, 0.00000, sm50_xmma_pooling_tiled_FP32NCHW_kMAX_tP2_tQ16_tR2_tS2_tU2_tV2_tUnroll7_tThreads128, 0x503c1745dac9b,
[09/08/2026-09:04:48] [TRT] [V]  (foreignNode)   17, 0.0041568, 1.26979, 0.00000, sm50_xmma_pooling_tiled_FP32NCHW_kMAX_tP2_tQ32_tR2_tS2_tU2_tV2_tUnroll6_tThreads256, 0x5ba888b4b619c,
[09/08/2026-09:04:48] [TRT] [V]  (foreignNode)   15, 0.0041760, 1.27566, 0.00000, sm50_xmma_pooling_tiled_FP32NCHW_kMAX_tP2_tQ16_tR2_tS2_tU2_tV2_tUnroll4_tThreads128, 0x42627c41262ef,
[09/08/2026-09:04:48] [TRT] [V]  (foreignNode)    5, 0.0042864, 1.30938, 0.00000, sm50_xmma_pooling_tiled_FP32NCHW_kMAX_tP2_tQ16_tR2_tS2_tU2_tV2_tUnroll6_tThreads128, 0x4f17e05940187,
[09/08/2026-09:04:48] [TRT] [V]  (foreignNode)    0, 0.0042960, 1.31232, 0.00000, sm50_xmma_pooling_tiled_FP32NCHW_kMAX_tP2_tQ32_tR2_tS2_tU2_tV2_tUnroll1_tThreads256, 0x51cb4d25cbb1e,
[09/08/2026-09:04:48] [TRT] [V]  (foreignNode)   13, 0.0042960, 1.31232, 0.00000, sm50_xmma_pooling_tiled_FP32NCHW_kMAX_tP2_tQ16_tR2_tS2_tU2_tV2_tUnroll3_tThreads128, 0x637977ba0d6e2,
[09/08/2026-09:04:48] [TRT] [V]  (foreignNode)    6, 0.0043008, 1.31378, 0.00000, sm50_xmma_pooling_tiled_FP32NCHW_kMAX_tP2_tQ16_tR2_tS2_tU2_tV2_tUnroll5_tThreads128, 0x38a93743d776a,
[09/08/2026-09:04:48] [TRT] [V]  (foreignNode)    8, 0.0043008, 1.31378, 0.00000, sm50_xmma_pooling_tiled_FP32NCHW_kMAX_tP2_tQ32_tR2_tS2_tU2_tV2_tUnroll3_tThreads256, 0x64c8cc77ba50e,
[09/08/2026-09:04:48] [TRT] [V]  (foreignNode)    9, 0.0043008, 1.31378, 0.00000, sm50_xmma_pooling_tiled_FP32NCHW_kMAX_tP2_tQ32_tR2_tS2_tU2_tV2_tUnroll5_tThreads256, 0x29624b9510e6c,
[09/08/2026-09:04:48] [TRT] [V]  (foreignNode)   14, 0.0043008, 1.31378, 0.00000, sm50_xmma_pooling_tiled_FP32NCHW_kMAX_tP2_tQ16_tR2_tS2_tU2_tV2_tUnroll2_tThreads128, 0x2f6b14a6cb8d4,
[09/08/2026-09:04:48] [TRT] [V]  (foreignNode)   10, 0.0043056, 1.31525, 0.00000, sm50_xmma_pooling_tiled_FP32NCHW_kMAX_tP2_tQ32_tR2_tS2_tU2_tV2_tUnroll4_tThreads256, 0x6be0fd1dba7a4,
[09/08/2026-09:04:48] [TRT] [V]  (foreignNode)    7, 0.0044448, 1.35777, 0.00000, sm50_xmma_pooling_tiled_FP32NCHW_kMAX_tP2_tQ32_tR2_tS2_tU2_tV2_tUnroll8_tThreads256, 0x3ba7abd9d0585,
[09/08/2026-09:04:48] [TRT] [V]  (foreignNode)   12, 0.0044544, 1.36070, 0.00000, sm50_xmma_pooling_tiled_FP32NCHW_kMAX_tP2_tQ32_tR2_tS2_tU2_tV2_tUnroll2_tThreads256, 0x40206b28bf3c4,
[09/08/2026-09:04:48] [TRT] [V]  (foreignNode)   11, 0.0044592, 1.36217, 0.00000, sm50_xmma_pooling_tiled_FP32NCHW_kMAX_tP2_tQ32_tR2_tS2_tU2_tV2_tUnroll7_tThreads256, 0x2efb789daae6f,
[09/08/2026-09:04:48] [TRT] [V]  (foreignNode)   16, 0.0045744, 1.39736, 0.00000, sm50_xmma_pooling_tiled_FP32NCHW_kMAX_tP2_tQ16_tR2_tS2_tU2_tV2_tUnroll1_tThreads128, 0x2864d40f44906,
[09/08/2026-09:04:48] [TRT] [V]  (foreignNode)    3, 0.0046128, 1.40909, 0.00000, sm50_xmma_pooling_tiled_FP32NCHW_kMAX_tP2_tQ16_tR2_tS2_tU2_tV2_tUnroll8_tThreads128, 0x380c4a94fc854,
[09/08/2026-09:04:48] [TRT] [V]  (foreignNode)    2, 0.0049152, 1.50147, 0.00000, sm50_xmma_pooling_nd_NCDHW_kMAX_kGENERIC_3D_POOLING_MODE_kFLOAT_0, 0x613f51227b01b,
[09/08/2026-09:04:48] [TRT] [V]  (foreignNode)    1, 0.0050640, 1.54692, 0.00000, sm50_xmma_pooling_fw_4d_FP32FP32NCHW_Max, 0x2b65065dee694,
[09/08/2026-09:04:48] [TRT] [V]  (foreignNode) Autotuning op node_conv2d_1: [ONNX Layer: node_conv2d_1][ONNX Layer: node_relu_1]
[09/08/2026-09:04:48] [TRT] [V]  (foreignNode) Sorted table of all evaluated tactics:
[09/08/2026-09:04:48] [TRT] [V]  (foreignNode) tactic_id, cost(in ms), cost/fastest_cost, prediction_correlation, kernel_name, tactic_hash, tunable_parameter, conv_w2c_input_fold
[09/08/2026-09:04:48] [TRT] [V]  (foreignNode)   21, 0.0057408, 1.00000, 1.32501, cutlass3x_sm100_tensorop_s128x128x8tf32implicit_gemm_fprop_f32_f32_f32_f32_f32_f32_128x128x32_dyn_cga_ndhwc_ndhwc_ndhwc_align4_2sm_relu_valpha_vbeta, 0x338b9af98fb76, cga={2 4 1 1 2 1 1} , 1
[09/08/2026-09:04:48] [TRT] [V]  (foreignNode)   19, 0.0058336, 1.01617, 1.30287, cutlass3x_sm100_tensorop_s128x128x8tf32implicit_gemm_fprop_f32_f32_f32_f32_f32_f32_128x128x32_dyn_cga_ndhwc_ndhwc_ndhwc_align4_2sm_relu_valpha_vbeta, 0x285cce0d4d43f, cga={0 0 0 1 0 0 1} , 1
[09/08/2026-09:04:48] [TRT] [V]  (foreignNode)   20, 0.0058368, 1.01672, 1.30215, cutlass3x_sm100_tensorop_s128x128x8tf32implicit_gemm_fprop_f32_f32_f32_f32_f32_f32_128x128x32_dyn_cga_ndhwc_ndhwc_ndhwc_align4_2sm_relu_valpha_vbeta, 0x552274bdc9046, cga={2 2 1 1 2 1 1} , 1
[09/08/2026-09:04:48] [TRT] [V]  (foreignNode)   22, 0.0063488, 1.10591, 1.19812, cutlass3x_sm100_tensorop_s128x128x8tf32implicit_gemm_fprop_f32_f32_f32_f32_f32_f32_128x128x32_dyn_cga_ndhwc_ndhwc_ndhwc_align4_2sm_relu_valpha_vbeta, 0x43fce5e7da296, cga={2 2 2 1 2 1 1} , 1
[09/08/2026-09:04:48] [TRT] [V]  (foreignNode)   23, 0.0063648, 1.10870, 1.19602, cutlass3x_sm100_tensorop_s128x128x8tf32implicit_gemm_fprop_f32_f32_f32_f32_f32_f32_128x128x32_dyn_cga_ndhwc_ndhwc_ndhwc_align4_2sm_relu_valpha_vbeta, 0x580cce0798e67, cga={2 8 1 1 2 1 1} , 1
[09/08/2026-09:04:48] [TRT] [V]  (foreignNode)   24, 0.0065504, 1.14103, 1.16213, cutlass3x_sm100_tensorop_s128x128x8tf32implicit_gemm_fprop_f32_f32_f32_f32_f32_f32_128x128x32_dyn_cga_ndhwc_ndhwc_ndhwc_align4_2sm_relu_valpha_vbeta, 0x45f4ebc6c497d, cga={2 2 4 1 2 1 1} , 1
[09/08/2026-09:04:48] [TRT] [V]  (foreignNode)   25, 0.0066592, 1.15998, 1.14346, cutlass3x_sm100_tensorop_s128x128x8tf32implicit_gemm_fprop_f32_f32_f32_f32_f32_f32_128x128x32_dyn_cga_ndhwc_ndhwc_ndhwc_align4_2sm_relu_valpha_vbeta, 0x2af9437602943, cga={2 4 2 1 2 1 1} , 1
[09/08/2026-09:04:48] [TRT] [V]  (foreignNode)   61, 0.0067616, 1.17781, 1.56126, cutlass3x_sm100_tensorop_s256x128x8tf32implicit_gemm_fprop_f32_f32_f32_f32_f32_f32_256x128x32_dyn_cga_ndhwc_ndhwc_ndhwc_align4_2sm_relu_valpha_vbeta, 0x60e59af0f93cf, cga={2 4 2 1 2 1 1} , 1
[09/08/2026-09:04:48] [TRT] [V]  (foreignNode)   56, 0.0068480, 1.19287, 1.53942, cutlass3x_sm100_tensorop_s256x128x8tf32implicit_gemm_fprop_f32_f32_f32_f32_f32_f32_256x128x32_dyn_cga_ndhwc_ndhwc_ndhwc_align4_2sm_relu_valpha_vbeta, 0x5285dff98d9f3, cga={2 2 1 1 2 1 1} , 1
[09/08/2026-09:04:48] [TRT] [V]  (foreignNode)   55, 0.0068576, 1.19454, 1.53726, cutlass3x_sm100_tensorop_s256x128x8tf32implicit_gemm_fprop_f32_f32_f32_f32_f32_f32_256x128x32_dyn_cga_ndhwc_ndhwc_ndhwc_align4_2sm_relu_valpha_vbeta, 0x2c083b2f88f8a, cga={0 0 0 1 0 0 1} , 1
[09/08/2026-09:04:48] [TRT] [V]  (foreignNode)   59, 0.0068576, 1.19454, 1.53908, cutlass3x_sm100_tensorop_s256x128x8tf32implicit_gemm_fprop_f32_f32_f32_f32_f32_f32_256x128x32_dyn_cga_ndhwc_ndhwc_ndhwc_align4_2sm_relu_valpha_vbeta, 0x30b7029716b7a, cga={2 8 1 1 2 1 1} , 1
[09/08/2026-09:04:48] [TRT] [V]  (foreignNode)   26, 0.0068608, 1.19509, 1.11087, cutlass3x_sm100_tensorop_s128x128x8tf32implicit_gemm_fprop_f32_f32_f32_f32_f32_f32_128x128x32_dyn_cga_ndhwc_ndhwc_ndhwc_align4_2sm_relu_valpha_vbeta, 0x5c77c521341fe, cga={2 8 2 1 2 1 1} , 1
[09/08/2026-09:04:48] [TRT] [V]  (foreignNode)   66, 0.0068608, 1.19509, 1.62920, cutlass3x_sm100_tensorop_s128x256x8tf32implicit_gemm_fprop_f32_f32_f32_f32_f32_f32_128x256x32_dyn_cga_ndhwc_ndhwc_ndhwc_align4_2sm_relu_valpha_vbeta, 0x5731dc8589652, cga={0 0 0 1 0 0 1} , 1
[09/08/2026-09:04:48] [TRT] [V]  (foreignNode)   58, 0.0068640, 1.19565, 1.53677, cutlass3x_sm100_tensorop_s256x128x8tf32implicit_gemm_fprop_f32_f32_f32_f32_f32_f32_256x128x32_dyn_cga_ndhwc_ndhwc_ndhwc_align4_2sm_relu_valpha_vbeta, 0x3e4586d4bcf51, cga={2 2 2 1 2 1 1} , 1
[09/08/2026-09:04:48] [TRT] [V]  (foreignNode)   68, 0.0068640, 1.19565, 1.62940, cutlass3x_sm100_tensorop_s128x256x8tf32implicit_gemm_fprop_f32_f32_f32_f32_f32_f32_128x256x32_dyn_cga_ndhwc_ndhwc_ndhwc_align4_2sm_relu_valpha_vbeta, 0x442a1623f91d1, cga={2 4 1 1 2 1 1} , 1
[09/08/2026-09:04:48] [TRT] [V]  (foreignNode)   90, 0.0069568, 1.21182, 1.94199, cutlass3x_sm100_tensorop_s128x128x8tf32implicit_gemm_fprop_f32_f32_f32_f32_f32_f32_128x128x32_dyn_cga_ndhwc_ndhwc_ndhwc_align4_1sm_relu_valpha_vbeta, 0x2a0df310453d9, cga={2 4 2 1 1 2 1} , 1
[09/08/2026-09:04:48] [TRT] [V]  (foreignNode)   57, 0.0069600, 1.21237, 1.51557, cutlass3x_sm100_tensorop_s256x128x8tf32implicit_gemm_fprop_f32_f32_f32_f32_f32_f32_256x128x32_dyn_cga_ndhwc_ndhwc_ndhwc_align4_2sm_relu_valpha_vbeta, 0x5b7ba1b2149ee, cga={2 4 1 1 2 1 1} , 1
[09/08/2026-09:04:48] [TRT] [V]  (foreignNode)   62, 0.0069632, 1.21293, 1.51621, cutlass3x_sm100_tensorop_s256x128x8tf32implicit_gemm_fprop_f32_f32_f32_f32_f32_f32_256x128x32_dyn_cga_ndhwc_ndhwc_ndhwc_align4_2sm_relu_valpha_vbeta, 0x2cd14519bae3e, cga={2 2 8 1 2 1 1} , 1
[09/08/2026-09:04:48] [TRT] [V]  (foreignNode)   70, 0.0069664, 1.21349, 1.60632, cutlass3x_sm100_tensorop_s128x256x8tf32implicit_gemm_fprop_f32_f32_f32_f32_f32_f32_128x256x32_dyn_cga_ndhwc_ndhwc_ndhwc_align4_2sm_relu_valpha_vbeta, 0x2d8aa242be81f, cga={2 8 1 1 2 1 1} , 1
[09/08/2026-09:04:48] [TRT] [V]  (foreignNode)   28, 0.0069728, 1.21460, 1.09547, cutlass3x_sm100_tensorop_s128x128x8tf32implicit_gemm_fprop_f32_f32_f32_f32_f32_f32_128x128x32_dyn_cga_ndhwc_ndhwc_ndhwc_align4_2sm_relu_valpha_vbeta, 0x48cd5f15223c5, cga={2 2 8 1 2 1 1} , 1
[09/08/2026-09:04:48] [TRT] [V]  (foreignNode)   27, 0.0070592, 1.22965, 1.07965, cutlass3x_sm100_tensorop_s128x128x8tf32implicit_gemm_fprop_f32_f32_f32_f32_f32_f32_128x128x32_dyn_cga_ndhwc_ndhwc_ndhwc_align4_2sm_relu_valpha_vbeta, 0x3d5e8ae1f53f7, cga={2 4 4 1 2 1 1} , 1
[09/08/2026-09:04:48] [TRT] [V]  (foreignNode)   36, 0.0070624, 1.23021, 1.37480, cutlass3x_sm100_tensorop_s64x128x8tf32implicit_gemm_fprop_f32_f32_f32_f32_f32_f32_64x128x32_dyn_cga_ndhwc_ndhwc_ndhwc_align4_1sm_relu_valpha_vbeta, 0x40ea2fcbc4258, cga={2 2 1 1 2 1 1} , 1
[09/08/2026-09:04:48] [TRT] [V]  (foreignNode)   67, 0.0070624, 1.23021, 1.58269, cutlass3x_sm100_tensorop_s128x256x8tf32implicit_gemm_fprop_f32_f32_f32_f32_f32_f32_128x256x32_dyn_cga_ndhwc_ndhwc_ndhwc_align4_2sm_relu_valpha_vbeta, 0x30a3eecce76a0, cga={2 2 1 1 2 1 1} , 1
[09/08/2026-09:04:48] [TRT] [V]  (foreignNode)   38, 0.0070656, 1.23077, 1.37507, cutlass3x_sm100_tensorop_s64x128x8tf32implicit_gemm_fprop_f32_f32_f32_f32_f32_f32_64x128x32_dyn_cga_ndhwc_ndhwc_ndhwc_align4_1sm_relu_valpha_vbeta, 0x33a3ef23d0e39, cga={2 4 1 1 2 1 1} , 1
[09/08/2026-09:04:48] [TRT] [V]  (foreignNode)   42, 0.0070656, 1.23077, 1.37591, cutlass3x_sm100_tensorop_s64x128x8tf32implicit_gemm_fprop_f32_f32_f32_f32_f32_f32_64x128x32_dyn_cga_ndhwc_ndhwc_ndhwc_align4_1sm_relu_valpha_vbeta, 0x3dd921239daea, cga={2 8 1 1 2 1 1} , 1
[09/08/2026-09:04:48] [TRT] [V]  (foreignNode)   60, 0.0070656, 1.23077, 1.49377, cutlass3x_sm100_tensorop_s256x128x8tf32implicit_gemm_fprop_f32_f32_f32_f32_f32_f32_256x128x32_dyn_cga_ndhwc_ndhwc_ndhwc_align4_2sm_relu_valpha_vbeta, 0x5a723f520c9e6, cga={2 2 4 1 2 1 1} , 1
[09/08/2026-09:04:48] [TRT] [V]  (foreignNode)   71, 0.0070656, 1.23077, 1.58377, cutlass3x_sm100_tensorop_s128x256x8tf32implicit_gemm_fprop_f32_f32_f32_f32_f32_f32_128x256x32_dyn_cga_ndhwc_ndhwc_ndhwc_align4_2sm_relu_valpha_vbeta, 0x35ca6792f5490, cga={2 2 4 1 2 1 1} , 1
[09/08/2026-09:04:48] [TRT] [V]  (foreignNode)   72, 0.0070656, 1.23077, 1.58409, cutlass3x_sm100_tensorop_s128x256x8tf32implicit_gemm_fprop_f32_f32_f32_f32_f32_f32_128x256x32_dyn_cga_ndhwc_ndhwc_ndhwc_align4_2sm_relu_valpha_vbeta, 0x4ba4cc8612d29, cga={2 4 2 1 2 1 1} , 1
[09/08/2026-09:04:48] [TRT] [V]  (foreignNode)   87, 0.0070656, 1.23077, 1.91119, cutlass3x_sm100_tensorop_s128x128x8tf32implicit_gemm_fprop_f32_f32_f32_f32_f32_f32_128x128x32_dyn_cga_ndhwc_ndhwc_ndhwc_align4_1sm_relu_valpha_vbeta, 0x302e4b7ca4807, cga={2 2 2 1 1 2 1} , 1
[09/08/2026-09:04:48] [TRT] [V]  (foreignNode)   93, 0.0070656, 1.23077, 1.91242, cutlass3x_sm100_tensorop_s128x128x8tf32implicit_gemm_fprop_f32_f32_f32_f32_f32_f32_128x128x32_dyn_cga_ndhwc_ndhwc_ndhwc_align4_1sm_relu_valpha_vbeta, 0x6d889b7d61107, cga={2 4 2 1 2 1 1} , 1
[09/08/2026-09:04:48] [TRT] [V]  (foreignNode)   86, 0.0070688, 1.23133, 1.91032, cutlass3x_sm100_tensorop_s128x128x8tf32implicit_gemm_fprop_f32_f32_f32_f32_f32_f32_128x128x32_dyn_cga_ndhwc_ndhwc_ndhwc_align4_1sm_relu_valpha_vbeta, 0x59162f20061ab, cga={2 2 2 1 2 1 1} , 1
[09/08/2026-09:04:48] [TRT] [V]  (foreignNode)   32, 0.0071648, 1.24805, 1.29043, cutlass3x_sm100_tensorop_s64x128x8tf32implicit_gemm_fprop_f32_f32_f32_f32_f32_f32_64x128x32_dyn_cga_ndhwc_ndhwc_ndhwc_align4_1sm_relu_valpha_vbeta, 0x4f48fad0f2fe4, cga={2 1 1 1 1 1 1} , 1
[09/08/2026-09:04:48] [TRT] [V]  (foreignNode)   45, 0.0071648, 1.24805, 1.35716, cutlass3x_sm100_tensorop_s64x128x8tf32implicit_gemm_fprop_f32_f32_f32_f32_f32_f32_64x128x32_dyn_cga_ndhwc_ndhwc_ndhwc_align4_1sm_relu_valpha_vbeta, 0x5b054723190f4, cga={2 4 2 1 2 1 1} , 1
[09/08/2026-09:04:48] [TRT] [V]  (foreignNode)   79, 0.0071648, 1.24805, 1.68858, cutlass3x_sm100_tensorop_s128x128x8tf32implicit_gemm_fprop_f32_f32_f32_f32_f32_f32_128x128x32_dyn_cga_ndhwc_ndhwc_ndhwc_align4_1sm_relu_valpha_vbeta, 0x3bbc0347a23e8, cga={0 0 0 1 0 0 1} , 1
[09/08/2026-09:04:48] [TRT] [V]  (foreignNode)   74, 0.0071680, 1.24861, 1.56247, cutlass3x_sm100_tensorop_s128x256x8tf32implicit_gemm_fprop_f32_f32_f32_f32_f32_f32_128x256x32_dyn_cga_ndhwc_ndhwc_ndhwc_align4_2sm_relu_valpha_vbeta, 0x44ec1d551c946, cga={2 4 4 1 2 1 1} , 1
[09/08/2026-09:04:48] [TRT] [V]  (foreignNode)   89, 0.0071712, 1.24916, 1.88393, cutlass3x_sm100_tensorop_s128x128x8tf32implicit_gemm_fprop_f32_f32_f32_f32_f32_f32_128x128x32_dyn_cga_ndhwc_ndhwc_ndhwc_align4_1sm_relu_valpha_vbeta, 0x416159919669a, cga={2 8 1 1 2 1 1} , 1
[09/08/2026-09:04:48] [TRT] [V]  (foreignNode)   64, 0.0071776, 1.25028, 1.47177, cutlass3x_sm100_tensorop_s256x128x8tf32implicit_gemm_fprop_f32_f32_f32_f32_f32_f32_256x128x32_dyn_cga_ndhwc_ndhwc_ndhwc_align4_2sm_relu_valpha_vbeta, 0x3f0763c0c4647, cga={2 4 4 1 2 1 1} , 1
[09/08/2026-09:04:48] [TRT] [V]  (foreignNode)   69, 0.0071808, 1.25084, 1.55751, cutlass3x_sm100_tensorop_s128x256x8tf32implicit_gemm_fprop_f32_f32_f32_f32_f32_f32_128x256x32_dyn_cga_ndhwc_ndhwc_ndhwc_align4_2sm_relu_valpha_vbeta, 0x45e6226562935, cga={2 2 2 1 2 1 1} , 1
[09/08/2026-09:04:48] [TRT] [V]  (foreignNode)   91, 0.0072544, 1.26366, 1.86232, cutlass3x_sm100_tensorop_s128x128x8tf32implicit_gemm_fprop_f32_f32_f32_f32_f32_f32_128x128x32_dyn_cga_ndhwc_ndhwc_ndhwc_align4_1sm_relu_valpha_vbeta, 0x33953521c260e, cga={2 2 4 1 2 1 1} , 1
[09/08/2026-09:04:48] [TRT] [V]  (foreignNode)   63, 0.0072640, 1.26533, 1.45427, cutlass3x_sm100_tensorop_s256x128x8tf32implicit_gemm_fprop_f32_f32_f32_f32_f32_f32_256x128x32_dyn_cga_ndhwc_ndhwc_ndhwc_align4_2sm_relu_valpha_vbeta, 0x2990a7a09d869, cga={2 8 2 1 2 1 1} , 1
[09/08/2026-09:04:48] [TRT] [V]  (foreignNode)   43, 0.0072672, 1.26589, 1.33774, cutlass3x_sm100_tensorop_s64x128x8tf32implicit_gemm_fprop_f32_f32_f32_f32_f32_f32_64x128x32_dyn_cga_ndhwc_ndhwc_ndhwc_align4_1sm_relu_valpha_vbeta, 0x62004b46a5148, cga={2 4 2 1 1 2 1} , 1
[09/08/2026-09:04:48] [TRT] [V]  (foreignNode)   83, 0.0072672, 1.26589, 1.85723, cutlass3x_sm100_tensorop_s128x128x8tf32implicit_gemm_fprop_f32_f32_f32_f32_f32_f32_128x128x32_dyn_cga_ndhwc_ndhwc_ndhwc_align4_1sm_relu_valpha_vbeta, 0x3168ecf233768, cga={2 2 1 1 2 1 1} , 1
[09/08/2026-09:04:48] [TRT] [V]  (foreignNode)   85, 0.0072672, 1.26589, 1.85817, cutlass3x_sm100_tensorop_s128x128x8tf32implicit_gemm_fprop_f32_f32_f32_f32_f32_f32_128x128x32_dyn_cga_ndhwc_ndhwc_ndhwc_align4_1sm_relu_valpha_vbeta, 0x3ab86b967c477, cga={2 4 1 1 2 1 1} , 1
[09/08/2026-09:04:48] [TRT] [V]  (foreignNode)   37, 0.0072704, 1.26644, 1.33547, cutlass3x_sm100_tensorop_s64x128x8tf32implicit_gemm_fprop_f32_f32_f32_f32_f32_f32_64x128x32_dyn_cga_ndhwc_ndhwc_ndhwc_align4_1sm_relu_valpha_vbeta, 0x5d7223c6c14c7, cga={2 1 2 1 1 2 1} , 1
[09/08/2026-09:04:48] [TRT] [V]  (foreignNode)   75, 0.0072704, 1.26644, 1.54293, cutlass3x_sm100_tensorop_s128x256x8tf32implicit_gemm_fprop_f32_f32_f32_f32_f32_f32_128x256x32_dyn_cga_ndhwc_ndhwc_ndhwc_align4_2sm_relu_valpha_vbeta, 0x66a090dd24c6d, cga={2 2 8 1 2 1 1} , 1
[09/08/2026-09:04:48] [TRT] [V]  (foreignNode)   94, 0.0072704, 1.26644, 1.85855, cutlass3x_sm100_tensorop_s128x128x8tf32implicit_gemm_fprop_f32_f32_f32_f32_f32_f32_128x128x32_dyn_cga_ndhwc_ndhwc_ndhwc_align4_1sm_relu_valpha_vbeta, 0x56ff9de33d739, cga={2 2 4 1 1 2 1} , 1
[09/08/2026-09:04:48] [TRT] [V]  (foreignNode)   80, 0.0072736, 1.26700, 1.66332, cutlass3x_sm100_tensorop_s128x128x8tf32implicit_gemm_fprop_f32_f32_f32_f32_f32_f32_128x128x32_dyn_cga_ndhwc_ndhwc_ndhwc_align4_1sm_relu_valpha_vbeta, 0x47078bc007a52, cga={2 1 1 1 1 1 1} , 1
[09/08/2026-09:04:48] [TRT] [V]  (foreignNode)   73, 0.0072768, 1.26756, 1.53911, cutlass3x_sm100_tensorop_s128x256x8tf32implicit_gemm_fprop_f32_f32_f32_f32_f32_f32_128x256x32_dyn_cga_ndhwc_ndhwc_ndhwc_align4_2sm_relu_valpha_vbeta, 0x6305b01e9cdbc, cga={2 8 2 1 2 1 1} , 1
[09/08/2026-09:04:48] [TRT] [V]  (foreignNode)   40, 0.0073728, 1.28428, 1.31778, cutlass3x_sm100_tensorop_s64x128x8tf32implicit_gemm_fprop_f32_f32_f32_f32_f32_f32_64x128x32_dyn_cga_ndhwc_ndhwc_ndhwc_align4_1sm_relu_valpha_vbeta, 0x49ddb3089dcf6, cga={2 2 2 1 1 2 1} , 1
[09/08/2026-09:04:48] [TRT] [V]  (foreignNode)   96, 0.0073728, 1.28428, 1.83288, cutlass3x_sm100_tensorop_s128x128x8tf32implicit_gemm_fprop_f32_f32_f32_f32_f32_f32_128x128x32_dyn_cga_ndhwc_ndhwc_ndhwc_align4_1sm_relu_valpha_vbeta, 0x674596db78404, cga={2 2 8 1 2 1 1} , 1
[09/08/2026-09:04:48] [TRT] [V]  (foreignNode)   44, 0.0073760, 1.28484, 1.31800, cutlass3x_sm100_tensorop_s64x128x8tf32implicit_gemm_fprop_f32_f32_f32_f32_f32_f32_64x128x32_dyn_cga_ndhwc_ndhwc_ndhwc_align4_1sm_relu_valpha_vbeta, 0x3018fc1ff22a1, cga={2 2 4 1 2 1 1} , 1
[09/08/2026-09:04:48] [TRT] [V]  (foreignNode)   49, 0.0073760, 1.28484, 1.31925, cutlass3x_sm100_tensorop_s64x128x8tf32implicit_gemm_fprop_f32_f32_f32_f32_f32_f32_64x128x32_dyn_cga_ndhwc_ndhwc_ndhwc_align4_1sm_relu_valpha_vbeta, 0x49d1dc8677b35, cga={2 4 4 1 2 1 1} , 1
[09/08/2026-09:04:48] [TRT] [V]  (foreignNode)   52, 0.0073760, 1.28484, 1.32160, cutlass3x_sm100_tensorop_s64x128x8tf32implicit_gemm_fprop_f32_f32_f32_f32_f32_f32_64x128x32_dyn_cga_ndhwc_ndhwc_ndhwc_align4_1sm_relu_valpha_vbeta, 0x519d4b93e9908, cga={2 2 8 1 2 1 1} , 1
[09/08/2026-09:04:48] [TRT] [V]  (foreignNode)   84, 0.0073760, 1.28484, 1.82983, cutlass3x_sm100_tensorop_s128x128x8tf32implicit_gemm_fprop_f32_f32_f32_f32_f32_f32_128x128x32_dyn_cga_ndhwc_ndhwc_ndhwc_align4_1sm_relu_valpha_vbeta, 0x54d46c6a17bfb, cga={2 1 2 1 1 2 1} , 1
[09/08/2026-09:04:48] [TRT] [V]  (foreignNode)   31, 0.0073856, 1.28651, 1.25185, cutlass3x_sm100_tensorop_s64x128x8tf32implicit_gemm_fprop_f32_f32_f32_f32_f32_f32_64x128x32_dyn_cga_ndhwc_ndhwc_ndhwc_align4_1sm_relu_valpha_vbeta, 0x33447fefd2be2, cga={0 0 0 1 0 0 1} , 1
[09/08/2026-09:04:48] [TRT] [V]  (foreignNode)   50, 0.0074720, 1.30156, 1.30230, cutlass3x_sm100_tensorop_s64x128x8tf32implicit_gemm_fprop_f32_f32_f32_f32_f32_f32_64x128x32_dyn_cga_ndhwc_ndhwc_ndhwc_align4_1sm_relu_valpha_vbeta, 0x4a59bde2a886a, cga={2 4 4 1 1 2 1} , 1
[09/08/2026-09:04:48] [TRT] [V]  (foreignNode)   88, 0.0074720, 1.30156, 1.80724, cutlass3x_sm100_tensorop_s128x128x8tf32implicit_gemm_fprop_f32_f32_f32_f32_f32_f32_128x128x32_dyn_cga_ndhwc_ndhwc_ndhwc_align4_1sm_relu_valpha_vbeta, 0x46806c43e89ea, cga={2 1 4 1 1 2 1} , 1
[09/08/2026-09:04:48] [TRT] [V]  (foreignNode)   41, 0.0074752, 1.30212, 1.29973, cutlass3x_sm100_tensorop_s64x128x8tf32implicit_gemm_fprop_f32_f32_f32_f32_f32_f32_64x128x32_dyn_cga_ndhwc_ndhwc_ndhwc_align4_1sm_relu_valpha_vbeta, 0x2bf165fc73e3a, cga={2 1 4 1 1 2 1} , 1
[09/08/2026-09:04:48] [TRT] [V]  (foreignNode)   48, 0.0074752, 1.30212, 1.30174, cutlass3x_sm100_tensorop_s64x128x8tf32implicit_gemm_fprop_f32_f32_f32_f32_f32_f32_64x128x32_dyn_cga_ndhwc_ndhwc_ndhwc_align4_1sm_relu_valpha_vbeta, 0x5017e86f40276, cga={2 8 2 1 2 1 1} , 1
[09/08/2026-09:04:48] [TRT] [V]  (foreignNode)   92, 0.0074752, 1.30212, 1.80731, cutlass3x_sm100_tensorop_s128x128x8tf32implicit_gemm_fprop_f32_f32_f32_f32_f32_f32_128x128x32_dyn_cga_ndhwc_ndhwc_ndhwc_align4_1sm_relu_valpha_vbeta, 0x33b89fe319a2f, cga={2 1 8 1 1 2 1} , 1
[09/08/2026-09:04:48] [TRT] [V]  (foreignNode)   99, 0.0074784, 1.30268, 1.80787, cutlass3x_sm100_tensorop_s128x128x8tf32implicit_gemm_fprop_f32_f32_f32_f32_f32_f32_128x128x32_dyn_cga_ndhwc_ndhwc_ndhwc_align4_1sm_relu_valpha_vbeta, 0x2ae2146694f29, cga={2 4 4 1 1 2 1} , 1
[09/08/2026-09:04:48] [TRT] [V]  (foreignNode)   98, 0.0074848, 1.30379, 1.80632, cutlass3x_sm100_tensorop_s128x128x8tf32implicit_gemm_fprop_f32_f32_f32_f32_f32_f32_128x128x32_dyn_cga_ndhwc_ndhwc_ndhwc_align4_1sm_relu_valpha_vbeta, 0x48bab4fbb4f10, cga={2 4 4 1 2 1 1} , 1
[09/08/2026-09:04:48] [TRT] [V]  (foreignNode)   47, 0.0074944, 1.30546, 1.29761, cutlass3x_sm100_tensorop_s64x128x8tf32implicit_gemm_fprop_f32_f32_f32_f32_f32_f32_64x128x32_dyn_cga_ndhwc_ndhwc_ndhwc_align4_1sm_relu_valpha_vbeta, 0x6648f2426a146, cga={2 8 2 1 1 2 1} , 1
[09/08/2026-09:04:48] [TRT] [V]  (foreignNode)   95, 0.0076704, 1.33612, 1.76177, cutlass3x_sm100_tensorop_s128x128x8tf32implicit_gemm_fprop_f32_f32_f32_f32_f32_f32_128x128x32_dyn_cga_ndhwc_ndhwc_ndhwc_align4_1sm_relu_valpha_vbeta, 0x48d6c72844443, cga={2 8 2 1 1 2 1} , 1
[09/08/2026-09:04:48] [TRT] [V]  (foreignNode)   53, 0.0076768, 1.33724, 1.27138, cutlass3x_sm100_tensorop_s64x128x8tf32implicit_gemm_fprop_f32_f32_f32_f32_f32_f32_64x128x32_dyn_cga_ndhwc_ndhwc_ndhwc_align4_1sm_relu_valpha_vbeta, 0x4bc31390a3a59, cga={2 2 8 1 1 2 1} , 1
[09/08/2026-09:04:48] [TRT] [V]  (foreignNode)   46, 0.0076800, 1.33779, 1.26612, cutlass3x_sm100_tensorop_s64x128x8tf32implicit_gemm_fprop_f32_f32_f32_f32_f32_f32_64x128x32_dyn_cga_ndhwc_ndhwc_ndhwc_align4_1sm_relu_valpha_vbeta, 0x3dc1159fd791f, cga={2 2 4 1 1 2 1} , 1
[09/08/2026-09:04:48] [TRT] [V]  (foreignNode)   51, 0.0076800, 1.33779, 1.26845, cutlass3x_sm100_tensorop_s64x128x8tf32implicit_gemm_fprop_f32_f32_f32_f32_f32_f32_64x128x32_dyn_cga_ndhwc_ndhwc_ndhwc_align4_1sm_relu_valpha_vbeta, 0x3c1d877c093a1, cga={2 1 8 1 1 2 1} , 1
[09/08/2026-09:04:48] [TRT] [V]  (foreignNode)   97, 0.0076800, 1.33779, 1.76041, cutlass3x_sm100_tensorop_s128x128x8tf32implicit_gemm_fprop_f32_f32_f32_f32_f32_f32_128x128x32_dyn_cga_ndhwc_ndhwc_ndhwc_align4_1sm_relu_valpha_vbeta, 0x29313f72882de, cga={2 8 2 1 2 1 1} , 1
[09/08/2026-09:04:48] [TRT] [V]  (foreignNode)   39, 0.0076832, 1.33835, 1.26454, cutlass3x_sm100_tensorop_s64x128x8tf32implicit_gemm_fprop_f32_f32_f32_f32_f32_f32_64x128x32_dyn_cga_ndhwc_ndhwc_ndhwc_align4_1sm_relu_valpha_vbeta, 0x432043c145eeb, cga={2 2 2 1 2 1 1} , 1
[09/08/2026-09:04:48] [TRT] [V]  (foreignNode)    4, 0.0130048, 2.26533, 0.02570, sm80_xmma_fprop_implicit_gemm_f32f32_tf32f32_f32_nhwckrsc_nhwc_tilesize64x32x64_stage5_warpsize2x2x1_g1_tensor16x8x8_t1r5s5, 0x59bdfea7a7d69, , 0
[09/08/2026-09:04:48] [TRT] [V]  (foreignNode)    2, 0.0138240, 2.40803, 0.01223, sm80_xmma_fprop_implicit_gemm_f32f32_tf32f32_f32_nhwckrsc_nhwc_tilesize64x128x32_stage5_warpsize2x2x1_g1_tensor16x8x8_t1r5s5, 0x4aebcb5203240, , 0
[09/08/2026-09:04:48] [TRT] [V]  (foreignNode)    5, 0.0144416, 2.51561, 0.02580, sm80_xmma_fprop_implicit_gemm_f32f32_tf32f32_f32_nhwckrsc_nhwc_tilesize128x64x32_stage5_warpsize2x2x1_g1_tensor16x8x8_t1r5s5, 0x6a58df657dcaa, , 0
[09/08/2026-09:04:48] [TRT] [V]  (foreignNode)   35, 0.0146432, 2.55072, 0.65712, sm80_xmma_fprop_implicit_gemm_indexed_f32f32_tf32f32_f32_nhwckrsc_nhwc_tilesize64x32x64_stage5_warpsize2x2x1_g1_tensor16x8x8, 0x338165085891a, , 0
[09/08/2026-09:04:48] [TRT] [V]  (foreignNode)   77, 0.0150496, 2.62152, 0.76209, sm80_xmma_fprop_implicit_gemm_indexed_wo_smem_f32f32_tf32f32_f32_nhwckrsc_nhwc_tilesize128x16x64_stage1_warpsize4x1x1_g1_tensor16x8x8, 0x60025a7b802e9, , 0
[09/08/2026-09:04:48] [TRT] [V]  (foreignNode)   82, 0.0152544, 2.65719, 0.79897, sm80_xmma_fprop_implicit_gemm_indexed_wo_smem_f32f32_tf32f32_f32_nhwckrsc_nhwc_tilesize128x16x64_stage1_warpsize4x1x1_g1_tensor16x8x8_alignc4, 0x6234eae9821b8, , 0
[09/08/2026-09:04:48] [TRT] [V]  (foreignNode)    6, 0.0164800, 2.87068, 0.02435, sm80_xmma_fprop_implicit_gemm_f32f32_tf32f32_f32_nhwckrsc_nhwc_tilesize64x64x64_stage4_warpsize2x2x1_g1_tensor16x8x8_t1r5s5, 0x2b3f208d97ae7, , 0
[09/08/2026-09:04:48] [TRT] [V]  (foreignNode)   76, 0.0168960, 2.94314, 0.66417, sm80_xmma_fprop_implicit_gemm_indexed_f32f32_tf32f32_f32_nhwckrsc_nhwc_tilesize64x64x64_stage4_warpsize2x2x1_g1_tensor16x8x8, 0x40a10ceade816, , 0
[09/08/2026-09:04:48] [TRT] [V]  (foreignNode)    7, 0.0188928, 3.29097, 0.02440, sm80_xmma_fprop_implicit_gemm_f32f32_tf32f32_f32_nhwckrsc_nchw_tilesize64x32x64_stage5_warpsize2x2x1_g1_tensor16x8x8_t1r5s5_alignc4, 0x54d3783756be3, , 0
[09/08/2026-09:04:48] [TRT] [V]  (foreignNode)   29, 0.0201696, 3.51338, 0.42561, sm80_xmma_fprop_implicit_gemm_f32f32_f32f32_f32_nhwckrsc_nhwc_tilesize32x32x8_stage3_warpsize1x2x1_g1_ffma_aligna4_alignc4, 0x5a0eb69e547e0, , 0
[09/08/2026-09:04:48] [TRT] [V]  (foreignNode)   18, 0.0210976, 3.67503, 0.30600, sm80_xmma_fprop_implicit_gemm_f32f32_tf32f32_f32_nhwckrsc_nhwc_tilesize128x128x16_stage4_warpsize2x2x1_g1_tensor16x8x8_t1r5s5, 0x5cb502aeee094, , 0
[09/08/2026-09:04:48] [TRT] [V]  (foreignNode)   33, 0.0212064, 3.69398, 0.44000, sm80_xmma_fprop_implicit_gemm_indexed_f32f32_f32f32_f32_nhwckrsc_nhwc_tilesize32x32x8_stage3_warpsize1x2x1_g1_ffma_aligna4_alignc4, 0x3d4cb2024beeb, , 0
[09/08/2026-09:04:48] [TRT] [V]  (foreignNode)    3, 0.0228960, 3.98829, 0.00856, sm80_xmma_fprop_implicit_gemm_f32f32_tf32f32_f32_nhwckrsc_nchw_tilesize128x64x32_stage5_warpsize2x2x1_g1_tensor16x8x8_t1r5s5_alignc4, 0x615e157303686, , 0
[09/08/2026-09:04:48] [TRT] [V]  (foreignNode)   14, 0.0234464, 4.08417, 0.10903, sm80_xmma_fprop_implicit_gemm_f32f32_tf32f32_f32_nhwckrsc_nhwc_tilesize256x64x32_stage3_warpsize4x2x1_g1_tensor16x8x8_t1r5s5, 0x2d318137dabe5, , 0
[09/08/2026-09:04:48] [TRT] [V]  (foreignNode)   34, 0.0234960, 4.09281, 0.40841, sm80_xmma_fprop_implicit_gemm_indexed_f32f32_tf32f32_f32_nhwckrsc_nchw_tilesize64x32x64_stage5_warpsize2x2x1_g1_tensor16x8x8_alignc4, 0x5f268b74d7eee, , 0
[09/08/2026-09:04:48] [TRT] [V]  (foreignNode)    1, 0.0238032, 4.14632, 0.00521, sm80_xmma_fprop_implicit_gemm_f32f32_tf32f32_f32_nhwckrsc_nchw_tilesize64x128x32_stage5_warpsize2x2x1_g1_tensor16x8x8_t1r5s5_alignc4, 0x586e755fb164c, , 0
[09/08/2026-09:04:48] [TRT] [V]  (foreignNode)    8, 0.0242752, 4.22854, 0.01957, sm80_xmma_fprop_implicit_gemm_f32f32_tf32f32_f32_nhwckrsc_nhwc_tilesize128x128x32_stage4_warpsize2x2x1_g1_tensor16x8x8_t1r5s5, 0x67d95ea2715af, , 0
[09/08/2026-09:04:48] [TRT] [V]  (foreignNode)    9, 0.0258192, 4.49749, 0.01939, sm80_xmma_fprop_implicit_gemm_f32f32_tf32f32_f32_nhwckrsc_nchw_tilesize64x64x64_stage4_warpsize2x2x1_g1_tensor16x8x8_t1r5s5_alignc4, 0x688696e874812, , 0
[09/08/2026-09:04:48] [TRT] [V]  (foreignNode)   81, 0.0268896, 4.68395, 0.45279, sm80_xmma_fprop_implicit_gemm_indexed_f32f32_tf32f32_f32_nhwckrsc_nchw_tilesize64x64x64_stage4_warpsize2x2x1_g1_tensor16x8x8_alignc4, 0x5582301196a32, , 0
[09/08/2026-09:04:48] [TRT] [V]  (foreignNode)   11, 0.0269344, 4.69175, 0.02532, sm80_xmma_fprop_implicit_gemm_f32f32_tf32f32_f32_nhwckrsc_nhwc_tilesize128x64x64_stage3_warpsize2x2x1_g1_tensor16x8x8_t1r5s5, 0x2dd48042b6066, , 0
[09/08/2026-09:04:48] [TRT] [V]  (foreignNode)   30, 0.0336384, 5.85953, 0.27224, sm80_xmma_fprop_implicit_gemm_f32f32_f32f32_f32_nchwkcrs_nchw_tilesize32x32x8_stage3_warpsize1x2x1_g1_ffma_aligna4_alignc4, 0x47d7e95cee988, , 0
[09/08/2026-09:04:48] [TRT] [V]  (foreignNode)   13, 0.0345600, 6.02007, 0.05184, sm80_xmma_fprop_implicit_gemm_f32f32_tf32f32_f32_nhwckrsc_nchw_tilesize256x64x32_stage3_warpsize4x2x1_g1_tensor16x8x8_t1r5s5_alignc4, 0x30a5d44552db2, , 0
[09/08/2026-09:04:48] [TRT] [V]  (foreignNode)   15, 0.0345600, 6.02007, 0.11779, sm80_xmma_fprop_implicit_gemm_f32f32_tf32f32_f32_nhwckrsc_nchw_tilesize128x128x16_stage4_warpsize2x2x1_g1_tensor16x8x8_t1r5s5_alignc4, 0x64a5bc9cfe0be, , 0
[09/08/2026-09:04:48] [TRT] [V]  (foreignNode)   65, 0.0361472, 6.29654, 0.30063, sm80_xmma_fprop_implicit_gemm_f32f32_tf32f32_f32_nhwckrsc_nhwc_tilesize128x256x32_stage3_warpsize2x4x1_g1_tensor16x8x8_t1r5s5, 0x3b10a86956171, , 0
[09/08/2026-09:04:48] [TRT] [V]  (foreignNode)   54, 0.0363520, 6.33222, 0.27840, sm80_xmma_fprop_implicit_gemm_f32f32_tf32f32_f32_nhwckrsc_nhwc_tilesize256x128x32_stage3_warpsize4x2x1_g1_tensor16x8x8_t1r5s5, 0x3b1f9bd070fa0, , 0
[09/08/2026-09:04:48] [TRT] [V]  (foreignNode)   10, 0.0383904, 6.68729, 0.01566, sm80_xmma_fprop_implicit_gemm_f32f32_tf32f32_f32_nhwckrsc_nchw_tilesize128x64x64_stage3_warpsize2x2x1_g1_tensor16x8x8_t1r5s5_alignc4, 0x48512b62cf88f, , 0
[09/08/2026-09:04:48] [TRT] [V]  (foreignNode)   12, 0.0428496, 7.46405, 0.01678, sm80_xmma_fprop_implicit_gemm_f32f32_tf32f32_f32_nhwckrsc_nchw_tilesize128x128x32_stage4_warpsize2x2x1_g1_tensor16x8x8_t1r5s5_alignc4, 0x3e2a39739eeed, , 0
[09/08/2026-09:04:48] [TRT] [V]  (foreignNode)   78, 0.0508416, 8.85619, 0.22691, sm80_xmma_fprop_implicit_gemm_indexed_f32f32_f32f32_f32_nchwkcrs_nchw_tilesize32x32x8_stage3_warpsize1x2x1_g1_ffma_aligna4_alignc4, 0x30203ca254bcf, , 0
[09/08/2026-09:04:48] [TRT] [V]  (foreignNode)   17, 0.0571440, 9.95401, 0.08802, sm80_xmma_fprop_implicit_gemm_f32f32_tf32f32_f32_nhwckrsc_nchw_tilesize128x256x32_stage3_warpsize2x4x1_g1_tensor16x8x8_t1r5s5_alignc4, 0x37803b8af7e5a, , 0
[09/08/2026-09:04:48] [TRT] [V]  (foreignNode)   16, 0.0576048, 10.03428, 0.07379, sm80_xmma_fprop_implicit_gemm_f32f32_tf32f32_f32_nhwckrsc_nchw_tilesize256x128x32_stage3_warpsize4x2x1_g1_tensor16x8x8_t1r5s5_alignc4, 0x5779c54eff1c5, , 0
[09/08/2026-09:04:48] [TRT] [V]  (foreignNode)    0, 0.1740832, 30.32386, 0.00007, sm80_xmma_fprop_implicit_gemm_f32f32_f32f32_f32_nhwckrsc_nhwc_tilesize64x32x32_stage3_warpsize1x1x1_g1_ffma_t1r5s5_aligna4_alignc4, 0x56237ba1a6097, , 0
[09/08/2026-09:04:48] [TRT] [V]  (foreignNode) Autotuning op node_max_pool2d_1: [ONNX Layer: node_max_pool2d_1]
[09/08/2026-09:04:48] [TRT] [V]  (foreignNode) Sorted table of all evaluated tactics:
[09/08/2026-09:04:48] [TRT] [V]  (foreignNode) tactic_id, cost(in ms), cost/fastest_cost, prediction_correlation, kernel_name, tactic_hash, tunable_parameter
[09/08/2026-09:04:48] [TRT] [V]  (foreignNode)   20, 0.0031776, 1.00000, 0.00000, sm50_xmma_pooling_max_nhwc_FP32FP32_WINDOWSIZE_0_PROPAGATE_NAN_3D, 0x6177346d98061,
[09/08/2026-09:04:48] [TRT] [V]  (foreignNode)   22, 0.0032768, 1.03122, 0.00000, sm50_xmma_pooling_max_nhwc_FP32FP32_WINDOWSIZE_0_PROPAGATE_NAN_2D, 0x3dd9bff0e8c14,
[09/08/2026-09:04:48] [TRT] [V]  (foreignNode)   19, 0.0033792, 1.06344, 0.00000, sm50_xmma_pooling_max_nhwc_FP32FP32_WINDOWSIZE_0_NOT_PROPAGATE_NAN_2D, 0x601752c5587a9,
[09/08/2026-09:04:48] [TRT] [V]  (foreignNode)   18, 0.0034784, 1.09466, 0.00000, sm50_xmma_pooling_max_nhwc_FP32FP32_WINDOWSIZE_0_NOT_PROPAGATE_NAN_3D, 0x4dade819934e3,
[09/08/2026-09:04:48] [TRT] [V]  (foreignNode)   21, 0.0035840, 1.12790, 0.00000, sm50_xmma_pooling_fw_4d_FP32FP32NHWC_Max_CAlign4, 0x3da7f3d2dcdcd,
[09/08/2026-09:04:48] [TRT] [V]  (foreignNode)    5, 0.0041472, 1.30514, 0.00000, sm50_xmma_pooling_tiled_FP32NCHW_kMAX_tP2_tQ16_tR2_tS2_tU2_tV2_tUnroll6_tThreads128, 0x4b6404544edf2,
[09/08/2026-09:04:48] [TRT] [V]  (foreignNode)    6, 0.0041472, 1.30514, 0.00000, sm50_xmma_pooling_tiled_FP32NCHW_kMAX_tP2_tQ16_tR2_tS2_tU2_tV2_tUnroll5_tThreads128, 0x617e7b7086c5e,
[09/08/2026-09:04:48] [TRT] [V]  (foreignNode)   15, 0.0041520, 1.30665, 0.00000, sm50_xmma_pooling_tiled_FP32NCHW_kMAX_tP2_tQ16_tR2_tS2_tU2_tV2_tUnroll4_tThreads128, 0x304f0f2939286,
[09/08/2026-09:04:48] [TRT] [V]  (foreignNode)   14, 0.0042816, 1.34743, 0.00000, sm50_xmma_pooling_tiled_FP32NCHW_kMAX_tP2_tQ16_tR2_tS2_tU2_tV2_tUnroll2_tThreads128, 0x5994346401f70,
[09/08/2026-09:04:48] [TRT] [V]  (foreignNode)    4, 0.0042960, 1.35196, 0.00000, sm50_xmma_pooling_tiled_FP32NCHW_kMAX_tP2_tQ16_tR2_tS2_tU2_tV2_tUnroll7_tThreads128, 0x5ea03d00b15e0,
[09/08/2026-09:04:48] [TRT] [V]  (foreignNode)   13, 0.0042960, 1.35196, 0.00000, sm50_xmma_pooling_tiled_FP32NCHW_kMAX_tP2_tQ16_tR2_tS2_tU2_tV2_tUnroll3_tThreads128, 0x395ae2b091f44,
[09/08/2026-09:04:48] [TRT] [V]  (foreignNode)    8, 0.0043008, 1.35347, 0.00000, sm50_xmma_pooling_tiled_FP32NCHW_kMAX_tP2_tQ32_tR2_tS2_tU2_tV2_tUnroll3_tThreads256, 0x4a75b59f583e1,
[09/08/2026-09:04:48] [TRT] [V]  (foreignNode)   10, 0.0043008, 1.35347, 0.00000, sm50_xmma_pooling_tiled_FP32NCHW_kMAX_tP2_tQ32_tR2_tS2_tU2_tV2_tUnroll4_tThreads256, 0x4ca6630b8b8ab,
[09/08/2026-09:04:48] [TRT] [V]  (foreignNode)    9, 0.0044496, 1.40030, 0.00000, sm50_xmma_pooling_tiled_FP32NCHW_kMAX_tP2_tQ32_tR2_tS2_tU2_tV2_tUnroll5_tThreads256, 0x65ece6dbe7db4,
[09/08/2026-09:04:48] [TRT] [V]  (foreignNode)   12, 0.0044544, 1.40181, 0.00000, sm50_xmma_pooling_tiled_FP32NCHW_kMAX_tP2_tQ32_tR2_tS2_tU2_tV2_tUnroll2_tThreads256, 0x438ad4d9d8485,
[09/08/2026-09:04:48] [TRT] [V]  (foreignNode)   16, 0.0044544, 1.40181, 0.00000, sm50_xmma_pooling_tiled_FP32NCHW_kMAX_tP2_tQ16_tR2_tS2_tU2_tV2_tUnroll1_tThreads128, 0x42f5ff24d5421,
[09/08/2026-09:04:48] [TRT] [V]  (foreignNode)   17, 0.0044544, 1.40181, 0.00000, sm50_xmma_pooling_tiled_FP32NCHW_kMAX_tP2_tQ32_tR2_tS2_tU2_tV2_tUnroll6_tThreads256, 0x4c0508fb8011a,
[09/08/2026-09:04:48] [TRT] [V]  (foreignNode)   11, 0.0044592, 1.40332, 0.00000, sm50_xmma_pooling_tiled_FP32NCHW_kMAX_tP2_tQ32_tR2_tS2_tU2_tV2_tUnroll7_tThreads256, 0x4580c17baa2c1,
[09/08/2026-09:04:48] [TRT] [V]  (foreignNode)    3, 0.0046032, 1.44864, 0.00000, sm50_xmma_pooling_tiled_FP32NCHW_kMAX_tP2_tQ16_tR2_tS2_tU2_tV2_tUnroll8_tThreads128, 0x5811697597400,
[09/08/2026-09:04:48] [TRT] [V]  (foreignNode)    7, 0.0046032, 1.44864, 0.00000, sm50_xmma_pooling_tiled_FP32NCHW_kMAX_tP2_tQ32_tR2_tS2_tU2_tV2_tUnroll8_tThreads256, 0x34c1d253bb2da,
[09/08/2026-09:04:48] [TRT] [V]  (foreignNode)    0, 0.0046080, 1.45015, 0.00000, sm50_xmma_pooling_tiled_FP32NCHW_kMAX_tP2_tQ32_tR2_tS2_tU2_tV2_tUnroll1_tThreads256, 0x38ba3506f51b9,
[09/08/2026-09:04:48] [TRT] [V]  (foreignNode)    2, 0.0049200, 1.54834, 0.00000, sm50_xmma_pooling_nd_NCDHW_kMAX_kGENERIC_3D_POOLING_MODE_kFLOAT_0, 0x5c2957edc3f23,
[09/08/2026-09:04:48] [TRT] [V]  (foreignNode)    1, 0.0050880, 1.60121, 0.00000, sm50_xmma_pooling_fw_4d_FP32FP32NCHW_Max, 0x4ba9759a52761,
[09/08/2026-09:04:48] [TRT] [V]  (foreignNode) Autotuning op node_linear: [ONNX Layer: node_linear][ONNX Layer: node_relu_2]
[09/08/2026-09:04:48] [TRT] [V]  (foreignNode) Sorted table of all evaluated tactics:
[09/08/2026-09:04:48] [TRT] [V]  (foreignNode) tactic_id, cost(in ms), cost/fastest_cost, prediction_correlation, kernel_name, tactic_hash, tunable_parameter
[09/08/2026-09:04:48] [TRT] [V]  (foreignNode)    1, 0.0101344, 1.00000, 0.58333, sm80_xmma_gemm_f32f32_tf32f32_f32_tn_n_tilesize32x32x64_stage3_warpsize2x1x2_tensor16x8x8, 0x4754af3ee6112,
[09/08/2026-09:04:48] [TRT] [V]  (foreignNode)   45, 0.0109376, 1.07925, 0.74996, sm86_xmma_gemm_f32f32_tf32f32_f32_nn_n_tilesize32x32x64_stage6_warpsize2x2x1_tensor16x8x8, 0x5f006fb224208,
[09/08/2026-09:04:48] [TRT] [V]  (foreignNode)    3, 0.0109536, 1.08083, 0.55436, sm80_xmma_gemm_f32f32_tf32f32_f32_nn_n_tilesize32x32x64_stage3_warpsize2x1x2_tensor16x8x8, 0x601ffa534e573,
[09/08/2026-09:04:48] [TRT] [V]  (foreignNode)    4, 0.0111616, 1.10136, 0.55519, sm80_xmma_gemm_f32f32_tf32f32_f32_tn_n_tilesize32x32x64_stage3_warpsize2x1x2_tensor16x8x8, 0x2c80ce2f5c4a6,
[09/08/2026-09:04:48] [TRT] [V]  (foreignNode)   37, 0.0111744, 1.10262, 0.71551, sm86_xmma_gemm_f32f32_tf32f32_f32_tn_n_tilesize32x32x64_stage6_warpsize2x2x1_tensor16x8x8, 0x49440904257ce,
[09/08/2026-09:04:48] [TRT] [V]  (foreignNode)    6, 0.0113632, 1.12125, 0.54886, sm80_xmma_gemm_f32f32_tf32f32_f32_tn_n_tilesize32x32x64_stage3_warpsize2x1x2_tensor16x8x8, 0x52fcf3eb82c1f,
[09/08/2026-09:04:48] [TRT] [V]  (foreignNode)    7, 0.0113632, 1.12125, 0.56114, sm80_xmma_gemm_f32f32_tf32f32_f32_nn_n_tilesize32x32x64_stage3_warpsize2x1x2_tensor16x8x8, 0x31806e557c683,
[09/08/2026-09:04:48] [TRT] [V]  (foreignNode)   43, 0.0113696, 1.12188, 0.72129, sm80_xmma_gemm_f32f32_tf32f32_f32_tn_n_tilesize64x32x64_stage4_warpsize2x1x2_tensor16x8x8, 0x53bebff85b741,
[09/08/2026-09:04:48] [TRT] [V]  (foreignNode)   47, 0.0115680, 1.14146, 0.71755, sm80_xmma_gemm_f32f32_tf32f32_f32_nn_n_tilesize64x32x64_stage4_warpsize2x1x2_tensor16x8x8, 0x4a785364cf633,
[09/08/2026-09:04:48] [TRT] [V]  (foreignNode)    9, 0.0115904, 1.14367, 0.55382, sm80_xmma_gemm_f32f32_tf32f32_f32_nn_n_tilesize32x32x64_stage3_warpsize2x1x2_tensor16x8x8, 0x56e5cd4b1e999,
[09/08/2026-09:04:48] [TRT] [V]  (foreignNode)   13, 0.0117792, 1.16230, 0.59453, sm80_xmma_gemm_f32f32_tf32f32_f32_tn_n_tilesize32x32x64_stage3_warpsize2x1x2_tensor16x8x8, 0x2b826e27b0430,
[09/08/2026-09:04:48] [TRT] [V]  (foreignNode)   72, 0.0119776, 1.18188, 0.72786, sm86_xmma_gemm_f32f32_tf32f32_f32_tn_n_tilesize32x32x64_stage6_warpsize2x2x1_tensor16x8x8, 0x304308d622510,
[09/08/2026-09:04:48] [TRT] [V]  (foreignNode)   26, 0.0121856, 1.20240, 0.63127, sm86_xmma_gemm_f32f32_tf32f32_f32_tn_n_tilesize64x64x64_stage3_warpsize2x2x1_tensor16x8x8, 0x650de5b566787,
[09/08/2026-09:04:48] [TRT] [V]  (foreignNode)   80, 0.0121856, 1.20240, 0.71996, sm86_xmma_gemm_f32f32_tf32f32_f32_tn_n_tilesize32x32x64_stage6_warpsize2x2x1_tensor16x8x8, 0x652a3d4f71b10,
[09/08/2026-09:04:48] [TRT] [V]  (foreignNode)   31, 0.0123744, 1.22103, 0.62546, sm86_xmma_gemm_f32f32_tf32f32_f32_tn_n_tilesize64x64x64_stage3_warpsize2x2x1_tensor16x8x8, 0x6a578c1e81f84,
[09/08/2026-09:04:48] [TRT] [V]  (foreignNode)   63, 0.0123936, 1.22292, 0.69908, sm80_xmma_gemm_f32f32_tf32f32_f32_tn_n_tilesize64x64x64_stage4_warpsize2x2x1_tensor16x8x8, 0x3715c1a179d48,
[09/08/2026-09:04:48] [TRT] [V]  (foreignNode)   33, 0.0125792, 1.24124, 0.62700, sm86_xmma_gemm_f32f32_tf32f32_f32_nn_n_tilesize64x64x64_stage3_warpsize2x2x1_tensor16x8x8, 0x546622a97ce6a,
[09/08/2026-09:04:48] [TRT] [V]  (foreignNode)   35, 0.0125952, 1.24282, 0.63012, sm86_xmma_gemm_f32f32_tf32f32_f32_nn_n_tilesize64x64x64_stage3_warpsize2x2x1_tensor16x8x8, 0x3a29ad5e6f92a,
[09/08/2026-09:04:48] [TRT] [V]  (foreignNode)   71, 0.0125952, 1.24282, 0.69213, sm80_xmma_gemm_f32f32_tf32f32_f32_tn_n_tilesize64x64x64_stage4_warpsize2x2x1_tensor16x8x8, 0x3f590fa97a49c,
[09/08/2026-09:04:48] [TRT] [V]  (foreignNode)   88, 0.0130144, 1.28418, 0.67977, sm80_xmma_gemm_f32f32_tf32f32_f32_tn_n_tilesize64x32x64_stage4_warpsize2x1x2_tensor16x8x8, 0x51245ad63a290,
[09/08/2026-09:04:48] [TRT] [V]  (foreignNode)   89, 0.0132064, 1.30313, 0.67032, sm80_xmma_gemm_f32f32_tf32f32_f32_nn_n_tilesize64x64x64_stage4_warpsize2x1x2_tensor16x8x8, 0x3b4109015638a,
[09/08/2026-09:04:48] [TRT] [V]  (foreignNode)   93, 0.0132192, 1.30439, 0.67208, sm80_xmma_gemm_f32f32_tf32f32_f32_tn_n_tilesize64x32x64_stage4_warpsize2x1x2_tensor16x8x8, 0x5947a886fb6ef,
[09/08/2026-09:04:48] [TRT] [V]  (foreignNode)   87, 0.0134016, 1.32239, 0.65895, sm80_xmma_gemm_f32f32_tf32f32_f32_nn_n_tilesize64x64x64_stage4_warpsize2x1x2_tensor16x8x8, 0x6320ec617cc0c,
[09/08/2026-09:04:48] [TRT] [V]  (foreignNode)   23, 0.0134112, 1.32333, 0.53978, sm80_xmma_gemm_f32f32_tf32f32_f32_nn_n_tilesize32x32x64_stage3_warpsize2x1x2_tensor16x8x8, 0x50069414d8929,
[09/08/2026-09:04:48] [TRT] [V]  (foreignNode)   48, 0.0134240, 1.32460, 0.62957, sm80_xmma_gemm_f32f32_tf32f32_f32_tn_n_tilesize32x32x64_stage3_warpsize2x1x2_tensor16x8x8, 0x3954c87e6ea47,
[09/08/2026-09:04:48] [TRT] [V]  (foreignNode)   78, 0.0144384, 1.42469, 0.60609, sm80_xmma_gemm_f32f32_tf32f32_f32_nn_n_tilesize64x128x16_stage4_warpsize2x2x1_tensor16x8x8, 0x518da6ff6590d,
[09/08/2026-09:04:48] [TRT] [V]  (foreignNode)   74, 0.0146432, 1.44490, 0.59612, sm80_xmma_gemm_f32f32_tf32f32_f32_tn_n_tilesize64x128x16_stage4_warpsize2x2x1_tensor16x8x8, 0x5399ef8e51232,
[09/08/2026-09:04:48] [TRT] [V]  (foreignNode)   12, 0.0146464, 1.44522, 0.47806, sm80_xmma_gemm_f32f32_tf32f32_f32_tn_n_tilesize32x32x64_stage3_warpsize2x1x2_tensor16x8x8, 0x49387e4fabbcb,
[09/08/2026-09:04:48] [TRT] [V]  (foreignNode)   11, 0.0148384, 1.46416, 0.45933, sm80_xmma_gemm_f32f32_tf32f32_f32_tn_n_tilesize32x32x64_stage3_warpsize2x1x2_tensor16x8x8, 0x4273f3a49ff02,
[09/08/2026-09:04:48] [TRT] [V]  (foreignNode)    0, 0.0148448, 1.46479, 0.39813, sm80_xmma_gemm_f32f32_tf32f32_f32_tn_n_tilesize32x32x64_stage3_warpsize2x1x2_tensor16x8x8, 0x55ca59c01c8e6,
[09/08/2026-09:04:48] [TRT] [V]  (foreignNode)   18, 0.0148448, 1.46479, 0.48321, sm80_xmma_gemm_f32f32_tf32f32_f32_tn_n_tilesize64x128x16_stage4_warpsize2x2x1_tensor16x8x8, 0x340cd48ea340c,
[09/08/2026-09:04:48] [TRT] [V]  (foreignNode)   19, 0.0148448, 1.46479, 0.48329, sm80_xmma_gemm_f32f32_tf32f32_f32_nn_n_tilesize64x128x16_stage4_warpsize2x2x1_tensor16x8x8, 0x511ce423a9d8c,
[09/08/2026-09:04:48] [TRT] [V]  (foreignNode)   15, 0.0152576, 1.50553, 0.46130, sm80_xmma_gemm_f32f32_tf32f32_f32_nn_n_tilesize32x32x64_stage3_warpsize2x1x2_tensor16x8x8, 0x5c35e3523ca5d,
[09/08/2026-09:04:48] [TRT] [V]  (foreignNode)   39, 0.0156608, 1.54531, 0.52122, sm86_xmma_gemm_f32f32_tf32f32_f32_tn_n_tilesize64x128x32_stage4_warpsize2x2x1_tensor16x8x8, 0x5d24690f4b295,
[09/08/2026-09:04:48] [TRT] [V]  (foreignNode)   41, 0.0156704, 1.54626, 0.52329, sm86_xmma_gemm_f32f32_tf32f32_f32_nn_n_tilesize32x32x64_stage6_warpsize2x2x1_tensor16x8x8, 0x66dc88611833d,
[09/08/2026-09:04:48] [TRT] [V]  (foreignNode)   60, 0.0158720, 1.56615, 0.54376, sm80_xmma_gemm_f32f32_tf32f32_f32_tn_n_tilesize64x128x32_stage5_warpsize2x2x1_tensor16x8x8, 0x34cbf7978a0ab,
[09/08/2026-09:04:48] [TRT] [V]  (foreignNode)   36, 0.0159712, 1.57594, 0.50046, sm86_xmma_gemm_f32f32_tf32f32_f32_tn_n_tilesize32x32x64_stage6_warpsize2x2x1_tensor16x8x8, 0x334d6aeb9ee39,
[09/08/2026-09:04:48] [TRT] [V]  (foreignNode)   67, 0.0160768, 1.58636, 0.54047, sm86_xmma_gemm_f32f32_tf32f32_f32_tn_n_tilesize64x64x64_stage3_warpsize2x2x1_tensor16x8x8, 0x3958d694e1568,
[09/08/2026-09:04:48] [TRT] [V]  (foreignNode)   22, 0.0162784, 1.60625, 0.44463, sm80_xmma_gemm_f32f32_tf32f32_f32_nn_n_tilesize32x32x64_stage3_warpsize2x1x2_tensor16x8x8, 0x5c2792944e3c4,
[09/08/2026-09:04:48] [TRT] [V]  (foreignNode)   97, 0.0162784, 1.60625, 0.54833, sm86_xmma_gemm_f32f32_tf32f32_f32_nn_n_tilesize64x64x64_stage3_warpsize2x2x1_tensor16x8x8, 0x57ad3a5939f42,
[09/08/2026-09:04:48] [TRT] [V]  (foreignNode)   62, 0.0162816, 1.60657, 0.53122, sm80_xmma_gemm_f32f32_f32f32_f32_nn_n_tilesize32x32x8_stage3_warpsize1x2x1_ffma_aligna4_alignc4, 0x50b133907f7ab,
[09/08/2026-09:04:48] [TRT] [V]  (foreignNode)    2, 0.0166016, 1.63814, 0.36566, sm80_xmma_gemm_f32f32_tf32f32_f32_nn_n_tilesize32x32x64_stage3_warpsize2x1x2_tensor16x8x8, 0x60be6a68c09be,
[09/08/2026-09:04:48] [TRT] [V]  (foreignNode)   83, 0.0166880, 1.64667, 0.52721, sm80_xmma_gemm_f32f32_tf32f32_f32_nn_n_tilesize32x32x64_stage3_warpsize2x1x2_tensor16x8x8, 0x3c15be2f96c18,
[09/08/2026-09:04:48] [TRT] [V]  (foreignNode)   44, 0.0168960, 1.66719, 0.48545, sm86_xmma_gemm_f32f32_tf32f32_f32_tn_n_tilesize128x128x16_stage3_warpsize2x2x1_tensor16x8x8, 0x621141e7f7421,
[09/08/2026-09:04:48] [TRT] [V]  (foreignNode)   58, 0.0171008, 1.68740, 0.50425, sm86_xmma_gemm_f32f32_tf32f32_f32_nn_n_tilesize128x128x16_stage3_warpsize2x2x1_tensor16x8x8, 0x4a4cca60866fe,
[09/08/2026-09:04:48] [TRT] [V]  (foreignNode)   40, 0.0177120, 1.74771, 0.46289, sm80_xmma_gemm_f32f32_tf32f32_f32_tn_n_tilesize64x32x64_stage4_warpsize2x1x2_tensor16x8x8, 0x6115cd11889d1,
[09/08/2026-09:04:48] [TRT] [V]  (foreignNode)   46, 0.0179168, 1.76792, 0.46316, sm80_xmma_gemm_f32f32_tf32f32_f32_nn_n_tilesize64x32x64_stage4_warpsize2x1x2_tensor16x8x8, 0x505b265d2fd84,
[09/08/2026-09:04:48] [TRT] [V]  (foreignNode)   82, 0.0179168, 1.76792, 0.49058, sm80_xmma_gemm_f32f32_f32f32_f32_tn_n_tilesize32x32x8_stage3_warpsize1x2x1_ffma_aligna4_alignc4, 0x3895e4e299c32,
[09/08/2026-09:04:48] [TRT] [V]  (foreignNode)   85, 0.0183328, 1.80897, 0.48096, sm80_xmma_gemm_f32f32_f32f32_f32_nn_n_tilesize32x32x8_stage3_warpsize1x2x1_ffma_aligna4_alignc4, 0x55bfd27191e47,
[09/08/2026-09:04:48] [TRT] [V]  (foreignNode)   52, 0.0203776, 2.01074, 0.41959, sm80_xmma_gemm_f32f32_tf32f32_f32_nn_n_tilesize32x256x32_stage4_warpsize1x4x1_tensor16x8x8, 0x2d6b36f4a930b,
[09/08/2026-09:04:48] [TRT] [V]  (foreignNode)    5, 0.0207936, 2.05178, 0.29986, sm80_xmma_gemm_f32f32_tf32f32_f32_tn_n_tilesize32x32x64_stage3_warpsize2x1x2_tensor16x8x8, 0x58131294e7771,
[09/08/2026-09:04:48] [TRT] [V]  (foreignNode)   28, 0.0211936, 2.09125, 0.36485, sm80_xmma_gemm_f32f32_tf32f32_f32_tn_n_tilesize64x128x16_stage4_warpsize2x2x1_tensor16x8x8, 0x50c6277f14a9d,
[09/08/2026-09:04:48] [TRT] [V]  (foreignNode)   25, 0.0213920, 2.11083, 0.34861, sm80_xmma_gemm_f32f32_tf32f32_f32_nn_n_tilesize32x32x64_stage3_warpsize2x1x2_tensor16x8x8, 0x440468bd59eeb,
[09/08/2026-09:04:48] [TRT] [V]  (foreignNode)   79, 0.0214016, 2.11178, 0.40982, sm86_xmma_gemm_f32f32_tf32f32_f32_tn_n_tilesize32x32x64_stage6_warpsize2x2x1_tensor16x8x8, 0x55435e21c8bd9,
[09/08/2026-09:04:48] [TRT] [V]  (foreignNode)   32, 0.0214048, 2.11209, 0.36163, sm80_xmma_gemm_f32f32_tf32f32_f32_nn_n_tilesize64x128x16_stage4_warpsize2x2x1_tensor16x8x8, 0x5320244124d72,
[09/08/2026-09:04:48] [TRT] [V]  (foreignNode)    8, 0.0216064, 2.13199, 0.29701, sm80_xmma_gemm_f32f32_tf32f32_f32_nn_n_tilesize32x32x64_stage3_warpsize2x1x2_tensor16x8x8, 0x36c3d0dadc4fc,
[09/08/2026-09:04:48] [TRT] [V]  (foreignNode)   21, 0.0216064, 2.13199, 0.33353, sm80_xmma_gemm_f32f32_tf32f32_f32_tn_n_tilesize32x32x64_stage3_warpsize2x1x2_tensor16x8x8, 0x68ab9c9b89e00,
[09/08/2026-09:04:48] [TRT] [V]  (foreignNode)   56, 0.0218080, 2.15188, 0.39448, sm80_xmma_gemm_f32f32_f32f32_f32_nn_n_tilesize32x32x8_stage3_warpsize1x2x1_ffma_aligna4_alignc4, 0x34e06721671ab,
[09/08/2026-09:04:48] [TRT] [V]  (foreignNode)   66, 0.0220160, 2.17240, 0.39461, sm80_xmma_gemm_f32f32_f32f32_f32_nn_n_tilesize32x64x8_stage3_warpsize1x2x1_ffma_aligna4_alignc4, 0x457566fa3d624,
[09/08/2026-09:04:48] [TRT] [V]  (foreignNode)   91, 0.0224224, 2.21250, 0.39599, sm80_xmma_gemm_f32f32_f32f32_f32_nn_n_tilesize32x64x8_stage3_warpsize1x2x1_ffma_aligna4_alignc4, 0x477441cc379e7,
[09/08/2026-09:04:48] [TRT] [V]  (foreignNode)   76, 0.0232448, 2.29365, 0.37596, sm80_xmma_gemm_f32f32_f32f32_f32_tn_n_tilesize32x32x8_stage3_warpsize1x2x1_ffma_aligna4_alignc4, 0x662a0d08103e0,
[09/08/2026-09:04:48] [TRT] [V]  (foreignNode)   95, 0.0234464, 2.31355, 0.37985, sm80_xmma_gemm_f32f32_f32f32_f32_tn_n_tilesize32x64x8_stage3_warpsize1x2x1_ffma_aligna4_alignc4, 0x293eeea0d38fb,
[09/08/2026-09:04:48] [TRT] [V]  (foreignNode)   54, 0.0240640, 2.37449, 0.35586, sm80_xmma_gemm_f32f32_f32f32_f32_nn_n_tilesize32x32x8_stage3_warpsize1x2x1_ffma_aligna4_alignc4, 0x61334e6c5a975,
[09/08/2026-09:04:48] [TRT] [V]  (foreignNode)   50, 0.0240672, 2.37480, 0.35328, sm86_xmma_gemm_f32f32_tf32f32_f32_tn_n_tilesize128x128x16_stage3_warpsize2x2x1_tensor16x8x8, 0x5a1906720f124,
[09/08/2026-09:04:48] [TRT] [V]  (foreignNode)   99, 0.0242688, 2.39470, 0.36817, sm86_xmma_gemm_f32f32_tf32f32_f32_nn_n_tilesize128x128x16_stage3_warpsize2x2x1_tensor16x8x8, 0x3373d4895d909,
[09/08/2026-09:04:48] [TRT] [V]  (foreignNode)   29, 0.0248832, 2.45532, 0.31096, sm86_xmma_gemm_f32f32_tf32f32_f32_tn_n_tilesize64x64x64_stage3_warpsize2x2x1_tensor16x8x8, 0x3f23f8a152a5d,
[09/08/2026-09:04:48] [TRT] [V]  (foreignNode)   69, 0.0248832, 2.45532, 0.34953, sm80_xmma_gemm_f32f32_f32f32_f32_tn_n_tilesize32x32x8_stage3_warpsize1x2x1_ffma_aligna4_alignc4, 0x4b8b0eb9949c9,
[09/08/2026-09:04:48] [TRT] [V]  (foreignNode)   70, 0.0248832, 2.45532, 0.35023, sm80_xmma_gemm_f32f32_tf32f32_f32_tn_n_tilesize64x64x64_stage4_warpsize2x2x1_tensor16x8x8, 0x43848b6439669,
[09/08/2026-09:04:48] [TRT] [V]  (foreignNode)   34, 0.0250848, 2.47521, 0.31630, sm86_xmma_gemm_f32f32_tf32f32_f32_nn_n_tilesize64x64x64_stage3_warpsize2x2x1_tensor16x8x8, 0x6322e945a5976,
[09/08/2026-09:04:48] [TRT] [V]  (foreignNode)   61, 0.0257056, 2.53647, 0.33645, sm80_xmma_gemm_f32f32_f32f32_f32_nn_n_tilesize32x32x8_stage3_warpsize1x2x1_ffma_aligna4_alignc4, 0x600aa0de177f0,
[09/08/2026-09:04:48] [TRT] [V]  (foreignNode)   92, 0.0259072, 2.55636, 0.34285, sm80_xmma_gemm_f32f32_tf32f32_f32_tn_n_tilesize64x32x64_stage4_warpsize2x1x2_tensor16x8x8, 0x2cc2d52f5fcc6,
[09/08/2026-09:04:48] [TRT] [V]  (foreignNode)   55, 0.0269312, 2.65740, 0.31942, sm80_xmma_gemm_f32f32_f32f32_f32_nn_n_tilesize32x32x8_stage3_warpsize1x2x1_ffma_aligna4_alignc4, 0x2ab0757f34e1f,
[09/08/2026-09:04:48] [TRT] [V]  (foreignNode)   86, 0.0271200, 2.67603, 0.32552, sm80_xmma_gemm_f32f32_tf32f32_f32_nn_n_tilesize64x64x64_stage4_warpsize2x1x2_tensor16x8x8, 0x4d6ab547a5dfd,
[09/08/2026-09:04:48] [TRT] [V]  (foreignNode)   81, 0.0271392, 2.67793, 0.32385, sm80_xmma_gemm_f32f32_f32f32_f32_tn_n_tilesize32x32x8_stage3_warpsize1x2x1_ffma_aligna4_alignc4, 0x59b01aab2bd71,
[09/08/2026-09:04:48] [TRT] [V]  (foreignNode)   75, 0.0281632, 2.77897, 0.31028, sm80_xmma_gemm_f32f32_f32f32_f32_tn_n_tilesize32x32x8_stage3_warpsize1x2x1_ffma_aligna4_alignc4, 0x541b4d5762a3a,
[09/08/2026-09:04:48] [TRT] [V]  (foreignNode)   64, 0.0289760, 2.85917, 0.29980, sm80_xmma_gemm_f32f32_f32f32_f32_nn_n_tilesize32x64x8_stage3_warpsize1x2x1_ffma_aligna4_alignc4, 0x60f1628294e6b,
[09/08/2026-09:04:48] [TRT] [V]  (foreignNode)   73, 0.0291808, 2.87938, 0.29907, sm80_xmma_gemm_f32f32_tf32f32_f32_tn_n_tilesize64x128x16_stage4_warpsize2x2x1_tensor16x8x8, 0x33d975691278a,
[09/08/2026-09:04:48] [TRT] [V]  (foreignNode)   77, 0.0291904, 2.88033, 0.29972, sm80_xmma_gemm_f32f32_tf32f32_f32_nn_n_tilesize64x128x16_stage4_warpsize2x2x1_tensor16x8x8, 0x50633218a182f,
[09/08/2026-09:04:48] [TRT] [V]  (foreignNode)   94, 0.0310272, 3.06157, 0.28701, sm80_xmma_gemm_f32f32_f32f32_f32_tn_n_tilesize32x64x8_stage3_warpsize1x2x1_ffma_aligna4_alignc4, 0x4036f2db4de02,
[09/08/2026-09:04:48] [TRT] [V]  (foreignNode)   10, 0.0338944, 3.34449, 0.20104, sm80_xmma_gemm_f32f32_tf32f32_f32_tn_n_tilesize32x32x64_stage3_warpsize2x1x2_tensor16x8x8, 0x313eaa919b99e,
[09/08/2026-09:04:48] [TRT] [V]  (foreignNode)   14, 0.0347072, 3.42469, 0.20274, sm80_xmma_gemm_f32f32_tf32f32_f32_nn_n_tilesize32x32x64_stage3_warpsize2x1x2_tensor16x8x8, 0x40cf674f9f233,
[09/08/2026-09:04:48] [TRT] [V]  (foreignNode)   84, 0.0369664, 3.64762, 0.23851, sm80_xmma_gemm_f32f32_f32f32_f32_nn_n_tilesize32x32x8_stage3_warpsize1x2x1_ffma_aligna4_alignc4, 0x5ac33ddf1e839,
[09/08/2026-09:04:48] [TRT] [V]  (foreignNode)   90, 0.0371808, 3.66877, 0.23878, sm80_xmma_gemm_f32f32_f32f32_f32_nn_n_tilesize32x64x8_stage3_warpsize1x2x1_ffma_aligna4_alignc4, 0x6477c7b6122cf,
[09/08/2026-09:04:48] [TRT] [V]  (foreignNode)   65, 0.0412672, 4.07199, 0.21051, sm86_xmma_gemm_f32f32_tf32f32_f32_tn_n_tilesize64x64x64_stage3_warpsize2x2x1_tensor16x8x8, 0x2fb43c6166a71,
[09/08/2026-09:04:48] [TRT] [V]  (foreignNode)   96, 0.0413632, 4.08147, 0.21574, sm86_xmma_gemm_f32f32_tf32f32_f32_nn_n_tilesize64x64x64_stage3_warpsize2x2x1_tensor16x8x8, 0x2dbfb7f462b29,
[09/08/2026-09:04:48] [TRT] [V]  (foreignNode)   16, 0.0434144, 4.28386, 0.16518, sm80_xmma_gemm_f32f32_tf32f32_f32_tn_n_tilesize64x128x16_stage4_warpsize2x2x1_tensor16x8x8, 0x5e2d18c0d8a5b,
[09/08/2026-09:04:48] [TRT] [V]  (foreignNode)   17, 0.0435200, 4.29428, 0.16480, sm80_xmma_gemm_f32f32_tf32f32_f32_nn_n_tilesize64x128x16_stage4_warpsize2x2x1_tensor16x8x8, 0x6129d9f7edf6b,
[09/08/2026-09:04:48] [TRT] [V]  (foreignNode)   38, 0.0440288, 4.34449, 0.18534, sm86_xmma_gemm_f32f32_tf32f32_f32_tn_n_tilesize64x128x32_stage4_warpsize2x2x1_tensor16x8x8, 0x31b0cab2d3db7,
[09/08/2026-09:04:48] [TRT] [V]  (foreignNode)   59, 0.0449600, 4.43638, 0.19191, sm80_xmma_gemm_f32f32_tf32f32_f32_tn_n_tilesize64x128x32_stage5_warpsize2x2x1_tensor16x8x8, 0x36aedbdd985a9,
[09/08/2026-09:04:48] [TRT] [V]  (foreignNode)   24, 0.0611360, 6.03252, 0.12195, sm80_xmma_gemm_f32f32_tf32f32_f32_nn_n_tilesize32x32x64_stage3_warpsize2x1x2_tensor16x8x8, 0x505bbf1ba6336,
[09/08/2026-09:04:48] [TRT] [V]  (foreignNode)   20, 0.0615392, 6.07231, 0.11707, sm80_xmma_gemm_f32f32_tf32f32_f32_tn_n_tilesize32x32x64_stage3_warpsize2x1x2_tensor16x8x8, 0x2a355c1d19e67,
[09/08/2026-09:04:48] [TRT] [V]  (foreignNode)   42, 0.0620512, 6.12283, 0.13215, sm86_xmma_gemm_f32f32_tf32f32_f32_tn_n_tilesize128x128x16_stage3_warpsize2x2x1_tensor16x8x8, 0x3bfc7a67f80af,
[09/08/2026-09:04:48] [TRT] [V]  (foreignNode)   57, 0.0627680, 6.19356, 0.13735, sm86_xmma_gemm_f32f32_tf32f32_f32_nn_n_tilesize128x128x16_stage3_warpsize2x2x1_tensor16x8x8, 0x4cc75a31ded0e,
[09/08/2026-09:04:48] [TRT] [V]  (foreignNode)   53, 0.0699360, 6.90085, 0.12244, sm80_xmma_gemm_f32f32_f32f32_f32_nn_n_tilesize32x32x8_stage3_warpsize1x2x1_ffma_aligna4_alignc4, 0x5def255456882,
[09/08/2026-09:04:48] [TRT] [V]  (foreignNode)   68, 0.0709600, 7.00189, 0.12256, sm80_xmma_gemm_f32f32_f32f32_f32_tn_n_tilesize32x32x8_stage3_warpsize1x2x1_ffma_aligna4_alignc4, 0x35a037dfe6431,
[09/08/2026-09:04:48] [TRT] [V]  (foreignNode)   51, 0.0760832, 7.50742, 0.11234, sm80_xmma_gemm_f32f32_tf32f32_f32_nn_n_tilesize32x256x32_stage4_warpsize1x4x1_tensor16x8x8, 0x590b17c5811d7,
[09/08/2026-09:04:48] [TRT] [V]  (foreignNode)   30, 0.0781312, 7.70950, 0.09904, sm80_xmma_gemm_f32f32_tf32f32_f32_nn_n_tilesize64x128x16_stage4_warpsize2x2x1_tensor16x8x8, 0x3babff34466f9,
[09/08/2026-09:04:48] [TRT] [V]  (foreignNode)   27, 0.0783360, 7.72971, 0.09868, sm80_xmma_gemm_f32f32_tf32f32_f32_tn_n_tilesize64x128x16_stage4_warpsize2x2x1_tensor16x8x8, 0x43a65c84f33df,
[09/08/2026-09:04:48] [TRT] [V]  (foreignNode)   49, 0.1198400, 11.82507, 0.07093, sm86_xmma_gemm_f32f32_tf32f32_f32_tn_n_tilesize128x128x16_stage3_warpsize2x2x1_tensor16x8x8, 0x60c08ef4fbd35,
[09/08/2026-09:04:48] [TRT] [V]  (foreignNode)   98, 0.1199040, 11.83139, 0.07450, sm86_xmma_gemm_f32f32_tf32f32_f32_nn_n_tilesize128x128x16_stage3_warpsize2x2x1_tensor16x8x8, 0x67c204fd959ea,
[09/08/2026-09:04:48] [TRT] [V]  (foreignNode) Autotuning op node_linear_1_2: [ONNX Layer: node_linear_1]
[09/08/2026-09:04:48] [TRT] [V]  (foreignNode) Sorted table of all evaluated tactics:
[09/08/2026-09:04:48] [TRT] [V]  (foreignNode) tactic_id, cost(in ms), cost/fastest_cost, prediction_correlation, kernel_name, tactic_hash, tunable_parameter
[09/08/2026-09:04:48] [TRT] [V]  (foreignNode)   17, 0.0082912, 1.00000, 0.82250, sm80_xmma_gemm_f32f32_tf32f32_f32_nn_n_tilesize32x32x64_stage3_warpsize2x2x1_tensor16x8x8_aligna4_alignc4, 0x45780d7633278,
[09/08/2026-09:04:48] [TRT] [V]  (foreignNode)   14, 0.0082944, 1.00039, 0.79505, sm80_xmma_gemm_f32f32_tf32f32_f32_tn_n_tilesize32x32x64_stage3_warpsize2x2x1_tensor16x8x8_aligna4_alignc4, 0x52a68fac6f316,
[09/08/2026-09:04:48] [TRT] [V]  (foreignNode)   18, 0.0084992, 1.02509, 0.80830, sm80_xmma_gemm_f32f32_tf32f32_f32_tn_n_tilesize32x32x64_stage3_warpsize2x2x1_tensor16x8x8_aligna4_alignc4, 0x5caf2e16e9e6d,
[09/08/2026-09:04:48] [TRT] [V]  (foreignNode)   25, 0.0084992, 1.02509, 0.86785, sm80_xmma_gemm_f32f32_tf32f32_f32_nn_n_tilesize32x32x64_stage3_warpsize2x2x1_tensor16x8x8_aligna4_alignc4, 0x4ac96971a09ed,
[09/08/2026-09:04:48] [TRT] [V]  (foreignNode)   22, 0.0085024, 1.02547, 0.83928, sm80_xmma_gemm_f32f32_tf32f32_f32_tn_n_tilesize32x32x64_stage3_warpsize2x2x1_tensor16x8x8_aligna4_alignc4, 0x4a01bcf5a5e6a,
[09/08/2026-09:04:48] [TRT] [V]  (foreignNode)   20, 0.0087040, 1.04979, 0.81602, sm80_xmma_gemm_f32f32_tf32f32_f32_nn_n_tilesize32x32x64_stage3_warpsize2x2x1_tensor16x8x8_aligna4_alignc4, 0x4536f3c1fe89e,
[09/08/2026-09:04:48] [TRT] [V]  (foreignNode)    1, 0.0090144, 1.08722, 0.54597, sm80_xmma_gemm_f32f32_f32f32_f32_nn_n_tilesize32x32x8_stage3_warpsize1x2x1_ffma_aligna4_alignc4, 0x6d8650440f9fc,
[09/08/2026-09:04:48] [TRT] [V]  (foreignNode)    3, 0.0093184, 1.12389, 0.54453, sm80_xmma_gemm_f32f32_f32f32_f32_nn_n_tilesize32x32x8_stage3_warpsize1x2x1_ffma_aligna4_alignc4, 0x32735936b4af1,
[09/08/2026-09:04:48] [TRT] [V]  (foreignNode)   39, 0.0093216, 1.12428, 0.97866, sm80_xmma_gemm_f32f32_tf32f32_f32_tn_n_tilesize64x32x64_stage5_warpsize2x2x1_tensor16x8x8_aligna4_alignc4, 0x5ebd1bd25ec0d,
[09/08/2026-09:04:48] [TRT] [V]  (foreignNode)    0, 0.0095232, 1.14859, 0.51393, sm80_xmma_gemm_f32f32_f32f32_f32_tn_n_tilesize32x32x8_stage3_warpsize1x2x1_ffma_aligna4_alignc4, 0x53e0b736e7fdb,
[09/08/2026-09:04:48] [TRT] [V]  (foreignNode)   40, 0.0095232, 1.14859, 0.96287, sm80_xmma_gemm_f32f32_tf32f32_f32_nn_n_tilesize32x64x64_stage4_warpsize2x2x1_tensor16x8x8_aligna4_alignc4, 0x3b03774c7824d,
[09/08/2026-09:04:48] [TRT] [V]  (foreignNode)   43, 0.0095232, 1.14859, 0.97798, sm80_xmma_gemm_f32f32_tf32f32_f32_nn_n_tilesize64x32x64_stage5_warpsize2x2x1_tensor16x8x8_aligna4_alignc4, 0x65feca0fb2307,
[09/08/2026-09:04:48] [TRT] [V]  (foreignNode)    2, 0.0095264, 1.14898, 0.53031, sm80_xmma_gemm_f32f32_f32f32_f32_tn_n_tilesize32x32x8_stage3_warpsize1x2x1_ffma_aligna4_alignc4, 0x67f6cd3af2931,
[09/08/2026-09:04:48] [TRT] [V]  (foreignNode)   36, 0.0095264, 1.14898, 0.91038, sm80_xmma_gemm_f32f32_tf32f32_f32_tn_n_tilesize32x64x64_stage4_warpsize2x2x1_tensor16x8x8_aligna4_alignc4, 0x3dcaab6c61350,
[09/08/2026-09:04:48] [TRT] [V]  (foreignNode)   32, 0.0099296, 1.19761, 0.82890, sm80_xmma_gemm_f32f32_tf32f32_f32_tn_n_tilesize32x32x64_stage3_warpsize2x2x1_tensor16x8x8_aligna4_alignc4, 0x2f3acf82f1b05,
[09/08/2026-09:04:48] [TRT] [V]  (foreignNode)   44, 0.0101280, 1.22154, 0.92279, sm80_xmma_gemm_f32f32_tf32f32_f32_tn_n_tilesize64x32x64_stage5_warpsize2x2x1_tensor16x8x8_aligna4_alignc4, 0x6654d97a8e262,
[09/08/2026-09:04:48] [TRT] [V]  (foreignNode)   34, 0.0101376, 1.22269, 0.83851, sm80_xmma_gemm_f32f32_tf32f32_f32_nn_n_tilesize32x32x64_stage3_warpsize2x2x1_tensor16x8x8_aligna4_alignc4, 0x5f4815e9ed28e,
[09/08/2026-09:04:48] [TRT] [V]  (foreignNode)   47, 0.0103392, 1.24701, 0.92260, sm80_xmma_gemm_f32f32_tf32f32_f32_nn_n_tilesize64x32x64_stage5_warpsize2x2x1_tensor16x8x8_aligna4_alignc4, 0x494eb4c142719,
[09/08/2026-09:04:48] [TRT] [V]  (foreignNode)   46, 0.0103456, 1.24778, 0.91677, sm80_xmma_gemm_f32f32_tf32f32_f32_tn_n_tilesize32x64x64_stage4_warpsize2x2x1_tensor16x8x8_aligna4_alignc4, 0x342bcbcf43544,
[09/08/2026-09:04:48] [TRT] [V]  (foreignNode)   49, 0.0105408, 1.27132, 0.94897, sm80_xmma_gemm_f32f32_tf32f32_f32_nn_n_tilesize32x64x64_stage4_warpsize2x2x1_tensor16x8x8_aligna4_alignc4, 0x60aeb3c689fac,
[09/08/2026-09:04:48] [TRT] [V]  (foreignNode)   53, 0.0105472, 1.27210, 0.96129, sm80_xmma_gemm_f32f32_tf32f32_f32_tn_n_tilesize64x64x64_stage4_warpsize2x2x1_tensor16x8x8_aligna4_alignc4, 0x56c30e5468447,
[09/08/2026-09:04:48] [TRT] [V]  (foreignNode)    4, 0.0105504, 1.27248, 0.54192, sm80_xmma_gemm_f32f32_f32f32_f32_nn_n_tilesize32x32x8_stage3_warpsize1x2x1_ffma_aligna4_alignc4, 0x659891649d8d8,
[09/08/2026-09:04:48] [TRT] [V]  (foreignNode)   50, 0.0105536, 1.27287, 0.95592, sm80_xmma_gemm_f32f32_tf32f32_f32_tn_n_tilesize32x64x64_stage4_warpsize2x2x1_tensor16x8x8_aligna4_alignc4, 0x4a1d7a85bbd47,
[09/08/2026-09:04:48] [TRT] [V]  (foreignNode)   15, 0.0107520, 1.29680, 0.61640, sm80_xmma_gemm_f32f32_f32f32_f32_tn_n_tilesize64x64x8_stage3_warpsize1x4x1_ffma_aligna4_alignc4, 0x432566f52b870,
[09/08/2026-09:04:48] [TRT] [V]  (foreignNode)   68, 0.0107520, 1.29680, 1.04360, sm80_xmma_gemm_f32f32_tf32f32_f32_nn_n_tilesize64x64x64_stage4_warpsize2x2x1_tensor16x8x8_aligna4_alignc4, 0x3481ff247648b,
[09/08/2026-09:04:48] [TRT] [V]  (foreignNode)   13, 0.0107552, 1.29718, 0.60806, sm80_xmma_gemm_f32f32_f32f32_f32_nn_n_tilesize64x64x8_stage3_warpsize1x4x1_ffma_aligna4_alignc4, 0x5c5f59a7452c1,
[09/08/2026-09:04:48] [TRT] [V]  (foreignNode)   37, 0.0107552, 1.29718, 0.82784, sm80_xmma_gemm_f32f32_tf32f32_f32_tn_n_tilesize32x32x64_stage3_warpsize2x2x1_tensor16x8x8_aligna4_alignc4, 0x42cd613e5ca06,
[09/08/2026-09:04:48] [TRT] [V]  (foreignNode)   54, 0.0107648, 1.29834, 0.94351, sm80_xmma_gemm_f32f32_tf32f32_f32_tn_n_tilesize64x32x64_stage5_warpsize2x2x1_tensor16x8x8_aligna4_alignc4, 0x52602fda34293,
[09/08/2026-09:04:48] [TRT] [V]  (foreignNode)   62, 0.0107680, 1.29873, 0.98637, sm80_xmma_gemm_f32f32_tf32f32_f32_nn_n_tilesize32x64x64_stage4_warpsize2x2x1_tensor16x8x8_aligna4_alignc4, 0x5b3593f2790f8,
[09/08/2026-09:04:48] [TRT] [V]  (foreignNode)    5, 0.0109536, 1.32111, 0.52205, sm80_xmma_gemm_f32f32_f32f32_f32_tn_n_tilesize32x32x8_stage3_warpsize1x2x1_ffma_aligna4_alignc4, 0x3299804590860,
[09/08/2026-09:04:48] [TRT] [V]  (foreignNode)   57, 0.0109568, 1.32150, 0.94526, sm80_xmma_gemm_f32f32_tf32f32_f32_nn_n_tilesize64x32x64_stage5_warpsize2x2x1_tensor16x8x8_aligna4_alignc4, 0x62a1dc1117c3b,
[09/08/2026-09:04:48] [TRT] [V]  (foreignNode)   21, 0.0111584, 1.34581, 0.63893, sm80_xmma_gemm_f32f32_f32f32_f32_tn_n_tilesize64x64x8_stage3_warpsize1x4x1_ffma_aligna4_alignc4, 0x6b866be409fe3,
[09/08/2026-09:04:48] [TRT] [V]  (foreignNode)   19, 0.0111616, 1.34620, 0.62977, sm80_xmma_gemm_f32f32_f32f32_f32_nn_n_tilesize64x64x8_stage3_warpsize1x4x1_ffma_aligna4_alignc4, 0x3c6cbb87a3c11,
[09/08/2026-09:04:48] [TRT] [V]  (foreignNode)   72, 0.0113760, 1.37206, 1.01971, sm80_xmma_gemm_f32f32_tf32f32_f32_tn_n_tilesize128x64x16_stage6_warpsize2x2x1_tensor16x8x8_aligna4_alignc4, 0x64f2e5c5d940f,
[09/08/2026-09:04:48] [TRT] [V]  (foreignNode)   28, 0.0115680, 1.39521, 0.66254, sm80_xmma_gemm_f32f32_f32f32_f32_nn_n_tilesize128x32x8_stage3_warpsize2x2x1_ffma_aligna4_alignc4, 0x30fe0c9195ffc,
[09/08/2026-09:04:48] [TRT] [V]  (foreignNode)   41, 0.0115712, 1.39560, 0.79432, sm80_xmma_gemm_f32f32_tf32f32_f32_nn_n_tilesize32x32x64_stage3_warpsize2x2x1_tensor16x8x8_aligna4_alignc4, 0x54bb229ee8962,
[09/08/2026-09:04:48] [TRT] [V]  (foreignNode)   10, 0.0117600, 1.41837, 0.54412, sm80_xmma_gemm_f32f32_f32f32_f32_nn_n_tilesize64x32x8_stage3_warpsize1x2x1_ffma_aligna4_alignc4, 0x52cfa56c66fe3,
[09/08/2026-09:04:48] [TRT] [V]  (foreignNode)    8, 0.0117760, 1.42030, 0.53056, sm80_xmma_gemm_f32f32_f32f32_f32_tn_n_tilesize64x32x8_stage3_warpsize1x2x1_ffma_aligna4_alignc4, 0x38d559c11c530,
[09/08/2026-09:04:48] [TRT] [V]  (foreignNode)   61, 0.0117760, 1.42030, 0.89931, sm80_xmma_gemm_f32f32_tf32f32_f32_tn_n_tilesize64x64x64_stage4_warpsize2x2x1_tensor16x8x8_aligna4_alignc4, 0x33684ba0784d0,
[09/08/2026-09:04:48] [TRT] [V]  (foreignNode)   71, 0.0117760, 1.42030, 0.98304, sm80_xmma_gemm_f32f32_tf32f32_f32_nn_n_tilesize128x64x16_stage6_warpsize2x2x1_tensor16x8x8_aligna4_alignc4, 0x2de7e2f56cf38,
[09/08/2026-09:04:48] [TRT] [V]  (foreignNode)   75, 0.0119744, 1.44423, 0.98902, sm80_xmma_gemm_f32f32_tf32f32_f32_tn_n_tilesize128x64x32_stage5_warpsize2x2x1_tensor16x8x8_aligna4_alignc4, 0x3c73ed54e156d,
[09/08/2026-09:04:48] [TRT] [V]  (foreignNode)    6, 0.0119776, 1.44462, 0.50730, sm80_xmma_gemm_f32f32_f32f32_f32_nn_n_tilesize32x64x8_stage3_warpsize1x2x1_ffma_aligna4_alignc4, 0x4b5da5f9735be,
[09/08/2026-09:04:48] [TRT] [V]  (foreignNode)   31, 0.0119840, 1.44539, 0.66406, sm80_xmma_gemm_f32f32_f32f32_f32_tn_n_tilesize128x32x8_stage3_warpsize2x2x1_ffma_aligna4_alignc4, 0x48daa8d92ef38,
[09/08/2026-09:04:48] [TRT] [V]  (foreignNode)   81, 0.0119840, 1.44539, 1.02858, sm80_xmma_gemm_f32f32_tf32f32_f32_tn_n_tilesize128x64x16_stage6_warpsize2x2x1_tensor16x8x8_aligna4_alignc4, 0x64959ada68128,
[09/08/2026-09:04:48] [TRT] [V]  (foreignNode)   70, 0.0121824, 1.46932, 0.93884, sm80_xmma_gemm_f32f32_tf32f32_f32_tn_n_tilesize64x64x64_stage4_warpsize2x2x1_tensor16x8x8_aligna4_alignc4, 0x2c216db6d3e71,
[09/08/2026-09:04:48] [TRT] [V]  (foreignNode)   73, 0.0121856, 1.46970, 0.96105, sm80_xmma_gemm_f32f32_tf32f32_f32_nn_n_tilesize64x64x64_stage4_warpsize2x2x1_tensor16x8x8_aligna4_alignc4, 0x4c826aa077841,
[09/08/2026-09:04:48] [TRT] [V]  (foreignNode)   77, 0.0121856, 1.46970, 0.98501, sm80_xmma_gemm_f32f32_tf32f32_f32_tn_n_tilesize128x64x64_stage3_warpsize2x2x1_tensor16x8x8_aligna4_alignc4, 0x432d0b8d4d8fa,
[09/08/2026-09:04:48] [TRT] [V]  (foreignNode)   16, 0.0123872, 1.49402, 0.53883, sm80_xmma_gemm_f32f32_f32f32_f32_nn_n_tilesize64x32x8_stage3_warpsize1x2x1_ffma_aligna4_alignc4, 0x56f33295cb360,
[09/08/2026-09:04:48] [TRT] [V]  (foreignNode)   79, 0.0123872, 1.49402, 0.99126, sm80_xmma_gemm_f32f32_tf32f32_f32_nn_n_tilesize128x64x16_stage6_warpsize2x2x1_tensor16x8x8_aligna4_alignc4, 0x57bd74ad0587c,
[09/08/2026-09:04:48] [TRT] [V]  (foreignNode)    9, 0.0123904, 1.49440, 0.51201, sm80_xmma_gemm_f32f32_f32f32_f32_nn_n_tilesize32x64x8_stage3_warpsize1x2x1_ffma_aligna4_alignc4, 0x44c45935bc7b5,
[09/08/2026-09:04:48] [TRT] [V]  (foreignNode)   33, 0.0123936, 1.49479, 0.66552, sm80_xmma_gemm_f32f32_f32f32_f32_nn_n_tilesize128x32x8_stage3_warpsize2x2x1_ffma_aligna4_alignc4, 0x4e5d102f61daf,
[09/08/2026-09:04:48] [TRT] [V]  (foreignNode)    7, 0.0125920, 1.51872, 0.48751, sm80_xmma_gemm_f32f32_f32f32_f32_tn_n_tilesize32x64x8_stage3_warpsize1x2x1_ffma_aligna4_alignc4, 0x67684ecabefdf,
[09/08/2026-09:04:48] [TRT] [V]  (foreignNode)   12, 0.0125920, 1.51872, 0.51809, sm80_xmma_gemm_f32f32_f32f32_f32_tn_n_tilesize64x32x8_stage3_warpsize1x2x1_ffma_aligna4_alignc4, 0x4e3d702a5a159,
[09/08/2026-09:04:48] [TRT] [V]  (foreignNode)   86, 0.0125952, 1.51910, 0.99205, sm80_xmma_gemm_f32f32_tf32f32_f32_tn_n_tilesize128x64x32_stage5_warpsize2x2x1_tensor16x8x8_aligna4_alignc4, 0x341f85ae7444b,
[09/08/2026-09:04:48] [TRT] [V]  (foreignNode)   80, 0.0125984, 1.51949, 0.97602, sm80_xmma_gemm_f32f32_tf32f32_f32_nn_n_tilesize128x64x32_stage5_warpsize2x2x1_tensor16x8x8_aligna4_alignc4, 0x63fbde31b8230,
[09/08/2026-09:04:48] [TRT] [V]  (foreignNode)   35, 0.0127968, 1.54342, 0.66930, sm80_xmma_gemm_f32f32_f32f32_f32_tn_n_tilesize128x32x8_stage3_warpsize2x2x1_ffma_aligna4_alignc4, 0x5a8a86e184bbf,
[09/08/2026-09:04:48] [TRT] [V]  (foreignNode)   90, 0.0127968, 1.54342, 0.98696, sm80_xmma_gemm_f32f32_tf32f32_f32_nn_n_tilesize64x64x64_stage4_warpsize2x2x1_tensor16x8x8_aligna4_alignc4, 0x3a7eb30a74588,
[09/08/2026-09:04:48] [TRT] [V]  (foreignNode)   96, 0.0127968, 1.54342, 1.02437, sm80_xmma_gemm_f32f32_tf32f32_f32_nn_n_tilesize128x64x64_stage3_warpsize2x2x1_tensor16x8x8_aligna4_alignc4, 0x454fd8e312b1c,
[09/08/2026-09:04:48] [TRT] [V]  (foreignNode)   51, 0.0128000, 1.54381, 0.79093, sm80_xmma_gemm_f32f32_tf32f32_f32_tn_n_tilesize64x128x16_stage4_warpsize2x2x1_tensor16x8x8_aligna4_alignc4, 0x621a0b86e45c5,
[09/08/2026-09:04:48] [TRT] [V]  (foreignNode)   63, 0.0130016, 1.56812, 0.82338, sm80_xmma_gemm_f32f32_tf32f32_f32_tn_n_tilesize64x128x16_stage4_warpsize2x2x1_tensor16x8x8_aligna4_alignc4, 0x307e649047afe,
[09/08/2026-09:04:48] [TRT] [V]  (foreignNode)   89, 0.0130048, 1.56851, 0.96898, sm80_xmma_gemm_f32f32_tf32f32_f32_tn_n_tilesize32x64x64_stage4_warpsize2x2x1_tensor16x8x8_aligna4_alignc4, 0x4aa0fda122c34,
[09/08/2026-09:04:48] [TRT] [V]  (foreignNode)   11, 0.0130080, 1.56889, 0.49358, sm80_xmma_gemm_f32f32_f32f32_f32_tn_n_tilesize32x64x8_stage3_warpsize1x2x1_ffma_aligna4_alignc4, 0x3579cd3e36d3e,
[09/08/2026-09:04:48] [TRT] [V]  (foreignNode)   55, 0.0132064, 1.59282, 0.77272, sm80_xmma_gemm_f32f32_tf32f32_f32_nn_n_tilesize64x128x16_stage4_warpsize2x2x1_tensor16x8x8_aligna4_alignc4, 0x5807b5b3447a2,
[09/08/2026-09:04:48] [TRT] [V]  (foreignNode)   38, 0.0132096, 1.59321, 0.69029, sm80_xmma_gemm_f32f32_f32f32_f32_nn_n_tilesize64x64x8_stage3_warpsize1x4x1_ffma_aligna4_alignc4, 0x386ec2c5075ad,
[09/08/2026-09:04:48] [TRT] [V]  (foreignNode)   42, 0.0132096, 1.59321, 0.70222, sm80_xmma_gemm_f32f32_f32f32_f32_tn_n_tilesize64x64x8_stage3_warpsize1x4x1_ffma_aligna4_alignc4, 0x3fc0c9e83dd6c,
[09/08/2026-09:04:48] [TRT] [V]  (foreignNode)   91, 0.0132096, 1.59321, 0.95782, sm80_xmma_gemm_f32f32_tf32f32_f32_tn_n_tilesize64x32x64_stage5_warpsize2x2x1_tensor16x8x8_aligna4_alignc4, 0x36f27c794c467,
[09/08/2026-09:04:48] [TRT] [V]  (foreignNode)   95, 0.0132096, 1.59321, 0.98154, sm80_xmma_gemm_f32f32_tf32f32_f32_nn_n_tilesize128x64x32_stage5_warpsize2x2x1_tensor16x8x8_aligna4_alignc4, 0x517cb9b90327b,
[09/08/2026-09:04:48] [TRT] [V]  (foreignNode)   83, 0.0134176, 1.61829, 0.92570, sm80_xmma_gemm_f32f32_tf32f32_f32_tn_n_tilesize128x64x64_stage3_warpsize2x2x1_tensor16x8x8_aligna4_alignc4, 0x5957f8fa5a5be,
[09/08/2026-09:04:48] [TRT] [V]  (foreignNode)   65, 0.0136160, 1.64222, 0.79039, sm80_xmma_gemm_f32f32_tf32f32_f32_nn_n_tilesize64x128x16_stage4_warpsize2x2x1_tensor16x8x8_aligna4_alignc4, 0x30270a4dccec8,
[09/08/2026-09:04:48] [TRT] [V]  (foreignNode)   94, 0.0136192, 1.64261, 0.94507, sm80_xmma_gemm_f32f32_tf32f32_f32_nn_n_tilesize64x32x64_stage5_warpsize2x2x1_tensor16x8x8_aligna4_alignc4, 0x5ecfd53d83a64,
[09/08/2026-09:04:48] [TRT] [V]  (foreignNode)   97, 0.0136192, 1.64261, 0.96807, sm80_xmma_gemm_f32f32_tf32f32_f32_nn_n_tilesize32x64x64_stage4_warpsize2x2x1_tensor16x8x8_aligna4_alignc4, 0x2ab25b4e85c03,
[09/08/2026-09:04:48] [TRT] [V]  (foreignNode)   74, 0.0138240, 1.66731, 0.84717, sm80_xmma_gemm_f32f32_tf32f32_f32_tn_n_tilesize64x128x32_stage5_warpsize2x2x1_tensor16x8x8_aligna4_alignc4, 0x617d1125e4ab3,
[09/08/2026-09:04:48] [TRT] [V]  (foreignNode)   82, 0.0140256, 1.69162, 0.88041, sm80_xmma_gemm_f32f32_tf32f32_f32_tn_n_tilesize64x128x32_stage5_warpsize2x2x1_tensor16x8x8_aligna4_alignc4, 0x301cbec0d3a52,
[09/08/2026-09:04:48] [TRT] [V]  (foreignNode)   85, 0.0140256, 1.69162, 0.88836, sm80_xmma_gemm_f32f32_tf32f32_f32_tn_n_tilesize64x128x16_stage4_warpsize2x2x1_tensor16x8x8_aligna4_alignc4, 0x48e103b1cf144,
[09/08/2026-09:04:48] [TRT] [V]  (foreignNode)   26, 0.0140288, 1.69201, 0.53284, sm80_xmma_gemm_f32f32_f32f32_f32_nn_n_tilesize32x64x8_stage3_warpsize1x2x1_ffma_aligna4_alignc4, 0x543494ca28fa3,
[09/08/2026-09:04:48] [TRT] [V]  (foreignNode)   92, 0.0144416, 1.74180, 0.87918, sm80_xmma_gemm_f32f32_tf32f32_f32_nn_n_tilesize64x128x32_stage5_warpsize2x2x1_tensor16x8x8_aligna4_alignc4, 0x3901812a20a04,
[09/08/2026-09:04:48] [TRT] [V]  (foreignNode)   23, 0.0146464, 1.76650, 0.49380, sm80_xmma_gemm_f32f32_f32f32_f32_nn_n_tilesize32x32x8_stage3_warpsize1x2x1_ffma_aligna4_alignc4, 0x3d517a2c35f70,
[09/08/2026-09:04:48] [TRT] [V]  (foreignNode)   98, 0.0148480, 1.79081, 0.90203, sm80_xmma_gemm_f32f32_tf32f32_f32_nn_n_tilesize64x128x32_stage5_warpsize2x2x1_tensor16x8x8_aligna4_alignc4, 0x5a9e62e6f5445,
[09/08/2026-09:04:48] [TRT] [V]  (foreignNode)   84, 0.0148512, 1.79120, 0.83727, sm80_xmma_gemm_f32f32_tf32f32_f32_nn_n_tilesize64x128x16_stage4_warpsize2x2x1_tensor16x8x8_aligna4_alignc4, 0x553bc4e8ffbff,
[09/08/2026-09:04:48] [TRT] [V]  (foreignNode)   27, 0.0150528, 1.81552, 0.50596, sm80_xmma_gemm_f32f32_f32f32_f32_tn_n_tilesize32x64x8_stage3_warpsize1x2x1_ffma_aligna4_alignc4, 0x4aad23749013b,
[09/08/2026-09:04:48] [TRT] [V]  (foreignNode)   64, 0.0150560, 1.81590, 0.71390, sm80_xmma_gemm_f32f32_f32f32_f32_nn_n_tilesize128x32x8_stage3_warpsize2x2x1_ffma_aligna4_alignc4, 0x579b259467105,
[09/08/2026-09:04:48] [TRT] [V]  (foreignNode)   87, 0.0154592, 1.86453, 0.81198, sm80_xmma_gemm_f32f32_f32f32_f32_tn_n_tilesize128x64x8_stage3_warpsize2x2x1_ffma_aligna4_alignc4, 0x50b40ca668238,
[09/08/2026-09:04:48] [TRT] [V]  (foreignNode)   30, 0.0154624, 1.86492, 0.50698, sm80_xmma_gemm_f32f32_f32f32_f32_nn_n_tilesize64x32x8_stage3_warpsize1x2x1_ffma_aligna4_alignc4, 0x654a65061bd7f,
[09/08/2026-09:04:48] [TRT] [V]  (foreignNode)   88, 0.0154656, 1.86530, 0.81364, sm80_xmma_gemm_f32f32_f32f32_f32_nn_n_tilesize128x64x8_stage3_warpsize2x2x1_ffma_aligna4_alignc4, 0x4ad2cadd45255,
[09/08/2026-09:04:48] [TRT] [V]  (foreignNode)   29, 0.0156640, 1.88923, 0.49105, sm80_xmma_gemm_f32f32_f32f32_f32_tn_n_tilesize64x32x8_stage3_warpsize1x2x1_ffma_aligna4_alignc4, 0x2bcbc43a12613,
[09/08/2026-09:04:48] [TRT] [V]  (foreignNode)   67, 0.0158688, 1.91393, 0.70354, sm80_xmma_gemm_f32f32_f32f32_f32_tn_n_tilesize128x32x8_stage3_warpsize2x2x1_ffma_aligna4_alignc4, 0x5dd1e8dc3f9d8,
[09/08/2026-09:04:48] [TRT] [V]  (foreignNode)   24, 0.0158720, 1.91432, 0.45984, sm80_xmma_gemm_f32f32_f32f32_f32_tn_n_tilesize32x32x8_stage3_warpsize1x2x1_ffma_aligna4_alignc4, 0x5820e1ef3d672,
[09/08/2026-09:04:48] [TRT] [V]  (foreignNode)   78, 0.0160736, 1.93863, 0.75952, sm80_xmma_gemm_f32f32_f32f32_f32_nn_n_tilesize64x128x8_stage3_warpsize1x4x1_ffma_aligna4_alignc4, 0x3a21df75373db,
[09/08/2026-09:04:48] [TRT] [V]  (foreignNode)   93, 0.0167008, 2.01428, 0.76708, sm80_xmma_gemm_f32f32_f32f32_f32_tn_n_tilesize64x128x8_stage3_warpsize1x4x1_ffma_aligna4_alignc4, 0x49a49a69bf1e3,
[09/08/2026-09:04:48] [TRT] [V]  (foreignNode)   99, 0.0168992, 2.03821, 0.79662, sm80_xmma_gemm_f32f32_f32f32_f32_nn_n_tilesize64x128x8_stage3_warpsize1x4x1_ffma_aligna4_alignc4, 0x461ccfa549611,
[09/08/2026-09:04:48] [TRT] [V]  (foreignNode)   69, 0.0170912, 2.06137, 0.65717, sm80_xmma_gemm_f32f32_f32f32_f32_nn_n_tilesize32x128x8_stage3_warpsize1x2x1_ffma_aligna4_alignc4, 0x339c784f0defa,
[09/08/2026-09:04:48] [TRT] [V]  (foreignNode)   56, 0.0171008, 2.06252, 0.59801, sm80_xmma_gemm_f32f32_f32f32_f32_tn_n_tilesize32x128x8_stage3_warpsize1x2x1_ffma_aligna4_alignc4, 0x37753802a0d0d,
[09/08/2026-09:04:48] [TRT] [V]  (foreignNode)   76, 0.0177120, 2.13624, 0.67470, sm80_xmma_gemm_f32f32_f32f32_f32_nn_n_tilesize32x128x8_stage3_warpsize1x2x1_ffma_aligna4_alignc4, 0x5ceec0dccb95e,
[09/08/2026-09:04:48] [TRT] [V]  (foreignNode)   66, 0.0179232, 2.16171, 0.61057, sm80_xmma_gemm_f32f32_f32f32_f32_tn_n_tilesize32x128x8_stage3_warpsize1x2x1_ffma_aligna4_alignc4, 0x42c197d08c321,
[09/08/2026-09:04:48] [TRT] [V]  (foreignNode)   52, 0.0201856, 2.43458, 0.50202, sm80_xmma_gemm_f32f32_f32f32_f32_nn_n_tilesize32x64x8_stage3_warpsize1x2x1_ffma_aligna4_alignc4, 0x65e98159bcbae,
[09/08/2026-09:04:48] [TRT] [V]  (foreignNode)   45, 0.0214016, 2.58124, 0.44133, sm80_xmma_gemm_f32f32_f32f32_f32_nn_n_tilesize32x32x8_stage3_warpsize1x2x1_ffma_aligna4_alignc4, 0x333c06a4827c2,
[09/08/2026-09:04:48] [TRT] [V]  (foreignNode)   59, 0.0222144, 2.67927, 0.47058, sm80_xmma_gemm_f32f32_f32f32_f32_tn_n_tilesize32x64x8_stage3_warpsize1x2x1_ffma_aligna4_alignc4, 0x36bf3b8b0c682,
[09/08/2026-09:04:48] [TRT] [V]  (foreignNode)   48, 0.0236544, 2.85295, 0.40707, sm80_xmma_gemm_f32f32_f32f32_f32_tn_n_tilesize32x32x8_stage3_warpsize1x2x1_ffma_aligna4_alignc4, 0x433c4ca9cf9d9,
[09/08/2026-09:04:48] [TRT] [V]  (foreignNode)   60, 0.0238592, 2.87765, 0.44268, sm80_xmma_gemm_f32f32_f32f32_f32_nn_n_tilesize64x32x8_stage3_warpsize1x2x1_ffma_aligna4_alignc4, 0x2bca8d514bbf3,
[09/08/2026-09:04:48] [TRT] [V]  (foreignNode)   58, 0.0242688, 2.92706, 0.43012, sm80_xmma_gemm_f32f32_f32f32_f32_tn_n_tilesize64x32x8_stage3_warpsize1x2x1_ffma_aligna4_alignc4, 0x2a249c642dc7e,
[09/08/2026-09:04:48] [TRT] [V] Subgraph compilation completed in 4.934 seconds.
[09/08/2026-09:04:48] [TRT] [V] Tactic: 0x0000000000000000 Time: 0
[09/08/2026-09:04:48] [TRT] [V] {ForeignNode[node_conv2d...ONNXTRT_castHelper_9]} (Myelin[0x80000023]) profiling completed in 4.94109 seconds. Fastest Tactic: 0x0000000000000000 Time: 0
[09/08/2026-09:04:48] [TRT] [V] >>>>>>>>>>>>>>> Chose Runner Type: Myelin Tactic: 0x0000000000000000
[09/08/2026-09:04:48] [TRT] [V] =============== Computing reformatting costs for available format set
[09/08/2026-09:04:48] [TRT] [V] =============== Computing reformatting costs for available format set
[09/08/2026-09:04:48] [TRT] [V] =============== Computing reformatting costs for available format set
[09/08/2026-09:04:48] [TRT] [V] Formats and tactics selection completed in 4.94173 seconds.
[09/08/2026-09:04:48] [TRT] [V] After reformat layers: 1 layers
[09/08/2026-09:04:48] [TRT] [V] Total number of blocks in pre-optimized block assignment: 1
[09/08/2026-09:04:48] [TRT] [I] Detected 1 inputs and 2 output network tensors.
[09/08/2026-09:04:48] [TRT] [V] Layer: {ForeignNode[node_conv2d...ONNXTRT_castHelper_9]} Host Persistent: 80 bytes Device Persistent: 0 bytes Scratch Memory: 591872 bytes
[09/08/2026-09:04:48] [TRT] [V] Skipped printing memory information for 0 layers with 0 memory size i.e. Host Persistent + Device Persistent + Scratch Memory == 0.
[09/08/2026-09:04:48] [TRT] [I] Total Host Persistent Memory: 80 bytes
[09/08/2026-09:04:48] [TRT] [I] Total Device Persistent Memory: 0 bytes
[09/08/2026-09:04:48] [TRT] [I] Max Scratch Memory: 591872 bytes
[09/08/2026-09:04:48] [TRT] [I] [BlockAssignment] Started assigning block shifts. This will take 1 steps to complete.
[09/08/2026-09:04:48] [TRT] [I] [BlockAssignment] Algorithm ShiftNTopDown took 0.005011ms to assign 1 blocks to 1 nodes requiring 591872 bytes.
[09/08/2026-09:04:48] [TRT] [V] Total number of blocks in optimized block assignment: 1
[09/08/2026-09:04:48] [TRT] [I] Total Activation Memory: 591872 bytes
[09/08/2026-09:04:48] [TRT] [V] Constructing optimization profile number 1 [2/2].
[09/08/2026-09:04:48] [TRT] [V] Applying generic optimizations to the graph for inference.
[09/08/2026-09:04:48] [TRT] [V] Reserving memory for host IO tensors. Host: 0 bytes
[09/08/2026-09:04:48] [TRT] [V] =============== Computing costs for {ForeignNode[node_conv2d...ONNXTRT_castHelper_9]} [profile 1]
[09/08/2026-09:04:48] [TRT] [V] ForeignNode {ForeignNode[node_conv2d...ONNXTRT_castHelper_9]} [profile 1] metadata: [ONNX Layer: node_conv2d][ONNX Layer: node_relu][ONNX Layer: node_max_pool2d][ONNX Layer: node_conv2d_1][ONNX Layer: node_relu_1][ONNX Layer: node_max_pool2d_1][ONNX Layer: node_view][ONNX Layer: node_linear][ONNX Layer: node_relu_2][ONNX Layer: node_linear_1][ONNX Layer: node_softmax][ONNX Layer: node_argmax]
[09/08/2026-09:04:48] [TRT] [V] *************** Autotuning format combination: Float(784,784,28,1) -> Float(10,1), Int64(1) ***************
[09/08/2026-09:04:48] [TRT] [V] --------------- Timing Runner: {ForeignNode[node_conv2d...ONNXTRT_castHelper_9]} [profile 1] (Myelin[0x80000023])
[09/08/2026-09:04:49] [TRT] [V]  (foreignNode) Set user's cuda kernel library
[09/08/2026-09:04:49] [TRT] [V]  (foreignNode) Using legacy CPU-only mode.
[09/08/2026-09:04:49] [TRT] [V] Subgraph compilation completed in 0.474 seconds.
[09/08/2026-09:04:49] [TRT] [V] Tactic: 0x0000000000000000 Time: 0
[09/08/2026-09:04:49] [TRT] [V] {ForeignNode[node_conv2d...ONNXTRT_castHelper_9]} [profile 1] (Myelin[0x80000023]) profiling completed in 0.480824 seconds. Fastest Tactic: 0x0000000000000000 Time: 0
[09/08/2026-09:04:49] [TRT] [V] >>>>>>>>>>>>>>> Chose Runner Type: Myelin Tactic: 0x0000000000000000
[09/08/2026-09:04:49] [TRT] [V] =============== Computing reformatting costs for available format set
[09/08/2026-09:04:49] [TRT] [V] =============== Computing reformatting costs for available format set
[09/08/2026-09:04:49] [TRT] [V] =============== Computing reformatting costs for available format set
[09/08/2026-09:04:49] [TRT] [V] Formats and tactics selection completed in 0.481454 seconds.
[09/08/2026-09:04:49] [TRT] [V] After reformat layers: 1 layers
[09/08/2026-09:04:49] [TRT] [V] Total number of blocks in pre-optimized block assignment: 1
[09/08/2026-09:04:49] [TRT] [I] Detected 1 inputs and 2 output network tensors.
[09/08/2026-09:04:49] [TRT] [V] Layer: {ForeignNode[node_conv2d...ONNXTRT_castHelper_9]} [profile 1] Host Persistent: 80 bytes Device Persistent: 0 bytes Scratch Memory: 591872 bytes
[09/08/2026-09:04:49] [TRT] [V] Skipped printing memory information for 0 layers with 0 memory size i.e. Host Persistent + Device Persistent + Scratch Memory == 0.
[09/08/2026-09:04:49] [TRT] [I] Total Host Persistent Memory: 80 bytes
[09/08/2026-09:04:49] [TRT] [I] Total Device Persistent Memory: 0 bytes
[09/08/2026-09:04:49] [TRT] [I] Max Scratch Memory: 591872 bytes
[09/08/2026-09:04:49] [TRT] [I] [BlockAssignment] Started assigning block shifts. This will take 1 steps to complete.
[09/08/2026-09:04:49] [TRT] [I] [BlockAssignment] Algorithm ShiftNTopDown took 0.004225ms to assign 1 blocks to 1 nodes requiring 591872 bytes.
[09/08/2026-09:04:49] [TRT] [V] Total number of blocks in optimized block assignment: 1
[09/08/2026-09:04:49] [TRT] [I] Total Activation Memory: 591872 bytes
[09/08/2026-09:04:49] [TRT] [I] Total Weights Memory: 13098880 bytes
[09/08/2026-09:04:49] [TRT] [V] Total number of generated kernels selected for the engine: 0
[09/08/2026-09:04:49] [TRT] [I] Compiler backend is used during engine execution.
[09/08/2026-09:04:49] [TRT] [V] Disabling unused tactic source: EDGE_MASK_CONVOLUTIONS
[09/08/2026-09:04:49] [TRT] [V] Disabling unused tactic source: JIT_CONVOLUTIONS
[09/08/2026-09:04:49] [TRT] [I] Engine generation completed in 5.45558 seconds.
[09/08/2026-09:04:49] [TRT] [V] Engine Layer Information:
Layer(Myelin): {ForeignNode[node_conv2d...ONNXTRT_castHelper_9]}, Tactic: 0x0000000000000000, x (Float[-1,1,28,28]) -> y (Float[-1,10]), z (Int64[-1])
Layer(Myelin): {ForeignNode[node_conv2d...ONNXTRT_castHelper_9]} [profile 1], Tactic: 0x0000000000000000, x [profile 1] (Float[-1,1,28,28]) -> y [profile 1] (Float[-1,10]), z [profile 1] (Int64[-1])
[09/08/2026-09:04:49] [TRT] [I] [MemUsageStats] Peak memory usage of TRT CPU/GPU memory allocators: CPU 0 MiB, GPU 13 MiB
[09/08/2026-09:04:49] [TRT] [V] Adding 1 engine(s) to plan file.
[09/08/2026-09:04:49] [TRT] [V] Adding 1 engine weights(s) to plan file.
[09/08/2026-09:04:49] [TRT] [I] Loaded engine size: 12 MiB
[09/08/2026-09:04:49] [TRT] [V] Deserialization required 1031 microseconds.
[09/08/2026-09:04:49] [TRT] [V] Total per-runner device persistent memory is 0
[09/08/2026-09:04:49] [TRT] [V] Total per-runner host persistent memory is 160
[09/08/2026-09:04:49] [TRT] [V] Allocated device scratch memory of size 591872
[09/08/2026-09:04:49] [TRT] [V] - Runner scratch: 591872 bytes
[09/08/2026-09:04:49] [TRT] [I] [MemUsageChange] TensorRT-managed allocation in IExecutionContext creation: CPU +0, GPU +1, now: CPU 0, GPU 13 (MiB)
[09/08/2026-09:04:49] [TRT] [V] CUDA lazy loading is enabled.
[09/08/2026-09:04:49] [TRT] [W] Using default stream in enqueueV3() may lead to performance issues due to additional calls to cudaStreamSynchronize() by TensorRT to ensure correct synchronization. Please use non-default stream instead.
[09/08/2026-09:04:50] [TRT] [V] Trying to load shared library libnvinfer_builder_resource_sm100.so.11.0.0
[09/08/2026-09:04:50] [TRT] [V] Loaded shared library libnvinfer_builder_resource_sm100.so.11.0.0
[09/08/2026-09:04:50] [TRT] [V] CUDA lazy loading is enabled.
[09/08/2026-09:04:50] [TRT] [I] ----------------------------------------------------------------
[09/08/2026-09:04:50] [TRT] [I] Input filename:   /work/trt-samples-for-hackathon-cn-wili/cookbook/00-Data/model/model-trained.onnx
[09/08/2026-09:04:50] [TRT] [I] ONNX IR version:  0.0.10
[09/08/2026-09:04:50] [TRT] [I] Opset version:    18
[09/08/2026-09:04:50] [TRT] [I] Producer name:    pytorch
[09/08/2026-09:04:50] [TRT] [I] Producer version: 2.11.0a0+a6c236b9fd.nv26.03.46836102
[09/08/2026-09:04:50] [TRT] [I] Domain:
[09/08/2026-09:04:50] [TRT] [I] Model version:    0
[09/08/2026-09:04:50] [TRT] [I] Doc string:
[09/08/2026-09:04:50] [TRT] [I] ----------------------------------------------------------------
[09/08/2026-09:04:50] [TRT] [V] Adding network input: x with dtype: float32, dimensions: (-1, 1, 28, 28)
[09/08/2026-09:04:50] [TRT] [V] Registering tensor: x for ONNX tensor: x
[09/08/2026-09:04:50] [TRT] [V] Importing initializer: conv1.weight
[09/08/2026-09:04:50] [TRT] [V] Importing initializer: conv1.bias
[09/08/2026-09:04:50] [TRT] [V] Importing initializer: conv2.weight
[09/08/2026-09:04:50] [TRT] [V] Importing initializer: conv2.bias
[09/08/2026-09:04:50] [TRT] [V] Importing initializer: gemm1.weight
[09/08/2026-09:04:50] [TRT] [V] Importing initializer: gemm1.bias
[09/08/2026-09:04:50] [TRT] [V] Importing initializer: gemm2.weight
[09/08/2026-09:04:50] [TRT] [V] Importing initializer: gemm2.bias
[09/08/2026-09:04:50] [TRT] [V] Importing initializer: val_5
[09/08/2026-09:04:50] [TRT] [V] Static check for parsing node: node_conv2d [Conv]
[09/08/2026-09:04:50] [TRT] [V] Parsing node: node_conv2d [Conv]
[09/08/2026-09:04:50] [TRT] [V] Searching for input: x
[09/08/2026-09:04:50] [TRT] [V] Searching for input: conv1.weight
[09/08/2026-09:04:50] [TRT] [V] Searching for input: conv1.bias
[09/08/2026-09:04:50] [TRT] [V] node_conv2d [Conv] inputs: [x -> (-1, 1, 28, 28)[FLOAT]], [conv1.weight -> (32, 1, 5, 5)[FLOAT]], [conv1.bias -> (32)[FLOAT]],
[09/08/2026-09:04:50] [TRT] [V] Convolution input dimensions: (-1, 1, 28, 28)
[09/08/2026-09:04:50] [TRT] [V] Registering layer: node_conv2d for ONNX node: node_conv2d
[09/08/2026-09:04:50] [TRT] [V] Using kernel: (5, 5), strides: (1, 1), prepadding: (2, 2), postpadding: (2, 2), dilations: (1, 1), numOutputs: 32, nbGroups: 1
[09/08/2026-09:04:50] [TRT] [V] Convolution output dimensions: (-1, 32, 28, 28)
[09/08/2026-09:04:50] [TRT] [V] Registering tensor: conv2d for ONNX tensor: conv2d
[09/08/2026-09:04:50] [TRT] [V] node_conv2d [Conv] outputs: [conv2d -> (-1, 32, 28, 28)[FLOAT]],
[09/08/2026-09:04:50] [TRT] [V] Static check for parsing node: node_relu [Relu]
[09/08/2026-09:04:50] [TRT] [V] Parsing node: node_relu [Relu]
[09/08/2026-09:04:50] [TRT] [V] Searching for input: conv2d
[09/08/2026-09:04:50] [TRT] [V] node_relu [Relu] inputs: [conv2d -> (-1, 32, 28, 28)[FLOAT]],
[09/08/2026-09:04:50] [TRT] [V] Registering layer: node_relu for ONNX node: node_relu
[09/08/2026-09:04:50] [TRT] [V] Registering tensor: relu for ONNX tensor: relu
[09/08/2026-09:04:50] [TRT] [V] node_relu [Relu] outputs: [relu -> (-1, 32, 28, 28)[FLOAT]],
[09/08/2026-09:04:50] [TRT] [V] Static check for parsing node: node_max_pool2d [MaxPool]
[09/08/2026-09:04:50] [TRT] [V] Parsing node: node_max_pool2d [MaxPool]
[09/08/2026-09:04:50] [TRT] [V] Searching for input: relu
[09/08/2026-09:04:50] [TRT] [V] node_max_pool2d [MaxPool] inputs: [relu -> (-1, 32, 28, 28)[FLOAT]],
[09/08/2026-09:04:50] [TRT] [V] Registering layer: node_max_pool2d for ONNX node: node_max_pool2d
[09/08/2026-09:04:50] [TRT] [V] Registering tensor: max_pool2d for ONNX tensor: max_pool2d
[09/08/2026-09:04:50] [TRT] [V] node_max_pool2d [MaxPool] outputs: [max_pool2d -> (-1, 32, 14, 14)[FLOAT]],
[09/08/2026-09:04:50] [TRT] [V] Static check for parsing node: node_conv2d_1 [Conv]
[09/08/2026-09:04:50] [TRT] [V] Parsing node: node_conv2d_1 [Conv]
[09/08/2026-09:04:50] [TRT] [V] Searching for input: max_pool2d
[09/08/2026-09:04:50] [TRT] [V] Searching for input: conv2.weight
[09/08/2026-09:04:50] [TRT] [V] Searching for input: conv2.bias
[09/08/2026-09:04:50] [TRT] [V] node_conv2d_1 [Conv] inputs: [max_pool2d -> (-1, 32, 14, 14)[FLOAT]], [conv2.weight -> (64, 32, 5, 5)[FLOAT]], [conv2.bias -> (64)[FLOAT]],
[09/08/2026-09:04:50] [TRT] [V] Convolution input dimensions: (-1, 32, 14, 14)
[09/08/2026-09:04:50] [TRT] [V] Registering layer: node_conv2d_1 for ONNX node: node_conv2d_1
[09/08/2026-09:04:50] [TRT] [V] Using kernel: (5, 5), strides: (1, 1), prepadding: (2, 2), postpadding: (2, 2), dilations: (1, 1), numOutputs: 64, nbGroups: 1
[09/08/2026-09:04:50] [TRT] [V] Convolution output dimensions: (-1, 64, 14, 14)
[09/08/2026-09:04:50] [TRT] [V] Registering tensor: conv2d_1 for ONNX tensor: conv2d_1
[09/08/2026-09:04:50] [TRT] [V] node_conv2d_1 [Conv] outputs: [conv2d_1 -> (-1, 64, 14, 14)[FLOAT]],
[09/08/2026-09:04:50] [TRT] [V] Static check for parsing node: node_relu_1 [Relu]
[09/08/2026-09:04:50] [TRT] [V] Parsing node: node_relu_1 [Relu]
[09/08/2026-09:04:50] [TRT] [V] Searching for input: conv2d_1
[09/08/2026-09:04:50] [TRT] [V] node_relu_1 [Relu] inputs: [conv2d_1 -> (-1, 64, 14, 14)[FLOAT]],
[09/08/2026-09:04:50] [TRT] [V] Registering layer: node_relu_1 for ONNX node: node_relu_1
[09/08/2026-09:04:50] [TRT] [V] Registering tensor: relu_1 for ONNX tensor: relu_1
[09/08/2026-09:04:50] [TRT] [V] node_relu_1 [Relu] outputs: [relu_1 -> (-1, 64, 14, 14)[FLOAT]],
[09/08/2026-09:04:50] [TRT] [V] Static check for parsing node: node_max_pool2d_1 [MaxPool]
[09/08/2026-09:04:50] [TRT] [V] Parsing node: node_max_pool2d_1 [MaxPool]
[09/08/2026-09:04:50] [TRT] [V] Searching for input: relu_1
[09/08/2026-09:04:50] [TRT] [V] node_max_pool2d_1 [MaxPool] inputs: [relu_1 -> (-1, 64, 14, 14)[FLOAT]],
[09/08/2026-09:04:50] [TRT] [V] Registering layer: node_max_pool2d_1 for ONNX node: node_max_pool2d_1
[09/08/2026-09:04:50] [TRT] [V] Registering tensor: max_pool2d_1 for ONNX tensor: max_pool2d_1
[09/08/2026-09:04:50] [TRT] [V] node_max_pool2d_1 [MaxPool] outputs: [max_pool2d_1 -> (-1, 64, 7, 7)[FLOAT]],
[09/08/2026-09:04:50] [TRT] [V] Static check for parsing node: node_view [Reshape]
[09/08/2026-09:04:50] [TRT] [V] Parsing node: node_view [Reshape]
[09/08/2026-09:04:50] [TRT] [V] Searching for input: max_pool2d_1
[09/08/2026-09:04:50] [TRT] [V] Searching for input: val_5
[09/08/2026-09:04:50] [TRT] [V] node_view [Reshape] inputs: [max_pool2d_1 -> (-1, 64, 7, 7)[FLOAT]], [val_5 -> (2)[INT64]],
[09/08/2026-09:04:50] [TRT] [V] Registering layer: ONNXTRT_ShapeShuffle required by ONNX-TRT
[09/08/2026-09:04:50] [TRT] [V] Registering layer: node_view for ONNX node: node_view
[09/08/2026-09:04:50] [TRT] [V] Registering tensor: view for ONNX tensor: view
[09/08/2026-09:04:50] [TRT] [V] node_view [Reshape] outputs: [view -> (-1, 3136)[FLOAT]],
[09/08/2026-09:04:50] [TRT] [V] Static check for parsing node: node_linear [Gemm]
[09/08/2026-09:04:50] [TRT] [V] Parsing node: node_linear [Gemm]
[09/08/2026-09:04:50] [TRT] [V] Searching for input: view
[09/08/2026-09:04:50] [TRT] [V] Searching for input: gemm1.weight
[09/08/2026-09:04:50] [TRT] [V] Searching for input: gemm1.bias
[09/08/2026-09:04:50] [TRT] [V] node_linear [Gemm] inputs: [view -> (-1, 3136)[FLOAT]], [gemm1.weight -> (1024, 3136)[FLOAT]], [gemm1.bias -> (1024)[FLOAT]],
[09/08/2026-09:04:50] [TRT] [V] Registering layer: gemm1.weight required by ONNX-TRT
[09/08/2026-09:04:50] [TRT] [V] Using opA: 0 opB: 1
[09/08/2026-09:04:50] [TRT] [V] Registering layer: node_linear for ONNX node: node_linear
[09/08/2026-09:04:50] [TRT] [V] Registering layer: gemm1.bias required by ONNX-TRT
[09/08/2026-09:04:50] [TRT] [V] Registering layer: ONNXTRT_ShapeShuffle_0 required by ONNX-TRT
[09/08/2026-09:04:50] [TRT] [V] Registering layer: ONNXTRT_Broadcast required by ONNX-TRT
[09/08/2026-09:04:50] [TRT] [V] Registering layer: node_linear_1 for ONNX node: node_linear
[09/08/2026-09:04:50] [TRT] [V] Registering tensor: linear for ONNX tensor: linear
[09/08/2026-09:04:50] [TRT] [V] node_linear [Gemm] outputs: [linear -> (-1, 1024)[FLOAT]],
[09/08/2026-09:04:50] [TRT] [V] Static check for parsing node: node_relu_2 [Relu]
[09/08/2026-09:04:50] [TRT] [V] Parsing node: node_relu_2 [Relu]
[09/08/2026-09:04:50] [TRT] [V] Searching for input: linear
[09/08/2026-09:04:50] [TRT] [V] node_relu_2 [Relu] inputs: [linear -> (-1, 1024)[FLOAT]],
[09/08/2026-09:04:50] [TRT] [V] Registering layer: node_relu_2 for ONNX node: node_relu_2
[09/08/2026-09:04:50] [TRT] [V] Registering tensor: relu_2 for ONNX tensor: relu_2
[09/08/2026-09:04:50] [TRT] [V] node_relu_2 [Relu] outputs: [relu_2 -> (-1, 1024)[FLOAT]],
[09/08/2026-09:04:50] [TRT] [V] Static check for parsing node: node_linear_1 [Gemm]
[09/08/2026-09:04:50] [TRT] [V] Parsing node: node_linear_1 [Gemm]
[09/08/2026-09:04:50] [TRT] [V] Searching for input: relu_2
[09/08/2026-09:04:50] [TRT] [V] Searching for input: gemm2.weight
[09/08/2026-09:04:50] [TRT] [V] Searching for input: gemm2.bias
[09/08/2026-09:04:50] [TRT] [V] node_linear_1 [Gemm] inputs: [relu_2 -> (-1, 1024)[FLOAT]], [gemm2.weight -> (10, 1024)[FLOAT]], [gemm2.bias -> (10)[FLOAT]],
[09/08/2026-09:04:50] [TRT] [V] Registering layer: gemm2.weight required by ONNX-TRT
[09/08/2026-09:04:50] [TRT] [V] Using opA: 0 opB: 1
[09/08/2026-09:04:50] [TRT] [V] Registering layer: node_linear_1_2 for ONNX node: node_linear_1
[09/08/2026-09:04:50] [TRT] [V] Registering layer: gemm2.bias required by ONNX-TRT
[09/08/2026-09:04:50] [TRT] [V] Registering layer: ONNXTRT_ShapeShuffle_3 required by ONNX-TRT
[09/08/2026-09:04:50] [TRT] [V] Registering layer: ONNXTRT_Broadcast_4 required by ONNX-TRT
[09/08/2026-09:04:50] [TRT] [V] Registering layer: node_linear_1_5 for ONNX node: node_linear_1
[09/08/2026-09:04:50] [TRT] [V] Registering tensor: y_6 for ONNX tensor: y
[09/08/2026-09:04:50] [TRT] [V] node_linear_1 [Gemm] outputs: [y -> (-1, 10)[FLOAT]],
[09/08/2026-09:04:50] [TRT] [V] Static check for parsing node: node_softmax [Softmax]
[09/08/2026-09:04:50] [TRT] [V] Parsing node: node_softmax [Softmax]
[09/08/2026-09:04:50] [TRT] [V] Searching for input: y
[09/08/2026-09:04:50] [TRT] [V] node_softmax [Softmax] inputs: [y -> (-1, 10)[FLOAT]],
[09/08/2026-09:04:50] [TRT] [V] Registering layer: node_softmax for ONNX node: node_softmax
[09/08/2026-09:04:50] [TRT] [V] Registering layer: ONNXTRT_ShapeTensor required by ONNX-TRT
[09/08/2026-09:04:50] [TRT] [V] Registering layer: ONNXTRT_castHelper required by ONNX-TRT
[09/08/2026-09:04:50] [TRT] [V] Registering layer: ONNXTRT_ShapeShuffle_7 required by ONNX-TRT
[09/08/2026-09:04:50] [TRT] [V] Registering tensor: softmax for ONNX tensor: softmax
[09/08/2026-09:04:50] [TRT] [V] node_softmax [Softmax] outputs: [softmax -> (-1, 10)[FLOAT]],
[09/08/2026-09:04:50] [TRT] [V] Static check for parsing node: node_argmax [ArgMax]
[09/08/2026-09:04:50] [TRT] [V] Parsing node: node_argmax [ArgMax]
[09/08/2026-09:04:50] [TRT] [V] Searching for input: softmax
[09/08/2026-09:04:50] [TRT] [V] node_argmax [ArgMax] inputs: [softmax -> (-1, 10)[FLOAT]],
[09/08/2026-09:04:50] [TRT] [V] Registering layer: node_argmax for ONNX node: node_argmax
[09/08/2026-09:04:50] [TRT] [V] Registering layer: ONNXTRT_castHelper_8 required by ONNX-TRT
[09/08/2026-09:04:50] [TRT] [V] Original shape: (_, 1), squeezing to: (_,)
[09/08/2026-09:04:50] [TRT] [V] Registering layer: ONNXTRT_squeezeTensor required by ONNX-TRT
[09/08/2026-09:04:50] [TRT] [V] Registering layer: ONNXTRT_castHelper_9 required by ONNX-TRT
[09/08/2026-09:04:50] [TRT] [V] Registering tensor: z_10 for ONNX tensor: z
[09/08/2026-09:04:50] [TRT] [V] node_argmax [ArgMax] outputs: [z -> (-1)[INT64]],
[09/08/2026-09:04:50] [TRT] [V] Marking y_6 as output: y
[09/08/2026-09:04:50] [TRT] [V] Marking z_10 as output: z
[09/08/2026-09:04:50] [TRT] [W] ModelImporter.cpp:1047: Make sure output z has Int64 binding.
[09/08/2026-09:04:50] [TRT] [V] Compiler backend convergence mode enabled
[09/08/2026-09:04:50] [TRT] [I] [MemUsageChange] Init builder kernel library: CPU -314, GPU +2, now: CPU 5560, GPU 645 (MiB)
[09/08/2026-09:04:50] [TRT] [V] Original: 24 layers
[09/08/2026-09:04:50] [TRT] [V] After dead-layer removal: 24 layers
[09/08/2026-09:04:50] [TRT] [V] SYMBOLIC CHECKS
[09/08/2026-09:04:50] [TRT] [V] GRAPH NODES
[09/08/2026-09:04:50] [TRT] [V] CONSTANT gemm1.weight
[09/08/2026-09:04:50] [TRT] [V]     Output 0
[09/08/2026-09:04:50] [TRT] [V]         1024	1024
[09/08/2026-09:04:50] [TRT] [V]         3136	3136
[09/08/2026-09:04:50] [TRT] [V] CONSTANT gemm1.bias
[09/08/2026-09:04:50] [TRT] [V]     Output 0
[09/08/2026-09:04:50] [TRT] [V]         1024	1024
[09/08/2026-09:04:50] [TRT] [V] CONSTANT gemm2.weight
[09/08/2026-09:04:50] [TRT] [V]     Output 0
[09/08/2026-09:04:50] [TRT] [V]         10	10
[09/08/2026-09:04:50] [TRT] [V]         1024	1024
[09/08/2026-09:04:50] [TRT] [V] CONSTANT gemm2.bias
[09/08/2026-09:04:50] [TRT] [V]     Output 0
[09/08/2026-09:04:50] [TRT] [V]         10	10
[09/08/2026-09:04:50] [TRT] [V] CONVOLUTION node_conv2d
[09/08/2026-09:04:50] [TRT] [V]     Input 0
[09/08/2026-09:04:50] [TRT] [V]         [1,4]	nBS
[09/08/2026-09:04:50] [TRT] [V]         1	1
[09/08/2026-09:04:50] [TRT] [V]         28	28
[09/08/2026-09:04:50] [TRT] [V]         28	28
[09/08/2026-09:04:50] [TRT] [V]     Output 0
[09/08/2026-09:04:50] [TRT] [V]         [1,4]	nBS
[09/08/2026-09:04:50] [TRT] [V]         32	32
[09/08/2026-09:04:50] [TRT] [V]         28	28
[09/08/2026-09:04:50] [TRT] [V]         28	28
[09/08/2026-09:04:50] [TRT] [V] SHUFFLE ONNXTRT_Broadcast
[09/08/2026-09:04:50] [TRT] [V]     Input 0
[09/08/2026-09:04:50] [TRT] [V]         1024	1024
[09/08/2026-09:04:50] [TRT] [V]     Output 0
[09/08/2026-09:04:50] [TRT] [V]         1	1
[09/08/2026-09:04:50] [TRT] [V]         1024	1024
[09/08/2026-09:04:50] [TRT] [V] SHUFFLE ONNXTRT_Broadcast_4
[09/08/2026-09:04:50] [TRT] [V]     Input 0
[09/08/2026-09:04:50] [TRT] [V]         10	10
[09/08/2026-09:04:50] [TRT] [V]     Output 0
[09/08/2026-09:04:50] [TRT] [V]         1	1
[09/08/2026-09:04:50] [TRT] [V]         10	10
[09/08/2026-09:04:50] [TRT] [V] ACTIVATION node_relu
[09/08/2026-09:04:50] [TRT] [V]     Input 0
[09/08/2026-09:04:50] [TRT] [V]         [1,4]	nBS
[09/08/2026-09:04:50] [TRT] [V]         32	32
[09/08/2026-09:04:50] [TRT] [V]         28	28
[09/08/2026-09:04:50] [TRT] [V]         28	28
[09/08/2026-09:04:50] [TRT] [V]     Output 0
[09/08/2026-09:04:50] [TRT] [V]         [1,4]	nBS
[09/08/2026-09:04:50] [TRT] [V]         32	32
[09/08/2026-09:04:50] [TRT] [V]         28	28
[09/08/2026-09:04:50] [TRT] [V]         28	28
[09/08/2026-09:04:50] [TRT] [V] POOLING node_max_pool2d
[09/08/2026-09:04:50] [TRT] [V]     Input 0
[09/08/2026-09:04:50] [TRT] [V]         [1,4]	nBS
[09/08/2026-09:04:50] [TRT] [V]         32	32
[09/08/2026-09:04:50] [TRT] [V]         28	28
[09/08/2026-09:04:50] [TRT] [V]         28	28
[09/08/2026-09:04:50] [TRT] [V]     Output 0
[09/08/2026-09:04:50] [TRT] [V]         [1,4]	nBS
[09/08/2026-09:04:50] [TRT] [V]         32	32
[09/08/2026-09:04:50] [TRT] [V]         14	14
[09/08/2026-09:04:50] [TRT] [V]         14	14
[09/08/2026-09:04:50] [TRT] [V] CONVOLUTION node_conv2d_1
[09/08/2026-09:04:50] [TRT] [V]     Input 0
[09/08/2026-09:04:50] [TRT] [V]         [1,4]	nBS
[09/08/2026-09:04:50] [TRT] [V]         32	32
[09/08/2026-09:04:50] [TRT] [V]         14	14
[09/08/2026-09:04:50] [TRT] [V]         14	14
[09/08/2026-09:04:50] [TRT] [V]     Output 0
[09/08/2026-09:04:50] [TRT] [V]         [1,4]	nBS
[09/08/2026-09:04:50] [TRT] [V]         64	64
[09/08/2026-09:04:50] [TRT] [V]         14	14
[09/08/2026-09:04:50] [TRT] [V]         14	14
[09/08/2026-09:04:50] [TRT] [V] ACTIVATION node_relu_1
[09/08/2026-09:04:50] [TRT] [V]     Input 0
[09/08/2026-09:04:50] [TRT] [V]         [1,4]	nBS
[09/08/2026-09:04:50] [TRT] [V]         64	64
[09/08/2026-09:04:50] [TRT] [V]         14	14
[09/08/2026-09:04:50] [TRT] [V]         14	14
[09/08/2026-09:04:50] [TRT] [V]     Output 0
[09/08/2026-09:04:50] [TRT] [V]         [1,4]	nBS
[09/08/2026-09:04:50] [TRT] [V]         64	64
[09/08/2026-09:04:50] [TRT] [V]         14	14
[09/08/2026-09:04:50] [TRT] [V]         14	14
[09/08/2026-09:04:50] [TRT] [V] POOLING node_max_pool2d_1
[09/08/2026-09:04:50] [TRT] [V]     Input 0
[09/08/2026-09:04:50] [TRT] [V]         [1,4]	nBS
[09/08/2026-09:04:50] [TRT] [V]         64	64
[09/08/2026-09:04:50] [TRT] [V]         14	14
[09/08/2026-09:04:50] [TRT] [V]         14	14
[09/08/2026-09:04:50] [TRT] [V]     Output 0
[09/08/2026-09:04:50] [TRT] [V]         [1,4]	nBS
[09/08/2026-09:04:50] [TRT] [V]         64	64
[09/08/2026-09:04:50] [TRT] [V]         7	7
[09/08/2026-09:04:50] [TRT] [V]         7	7
[09/08/2026-09:04:50] [TRT] [V] SHUFFLE node_view
[09/08/2026-09:04:50] [TRT] [V]     Input 0
[09/08/2026-09:04:50] [TRT] [V]         [1,4]	nBS
[09/08/2026-09:04:50] [TRT] [V]         64	64
[09/08/2026-09:04:50] [TRT] [V]         7	7
[09/08/2026-09:04:50] [TRT] [V]         7	7
[09/08/2026-09:04:50] [TRT] [V]     Output 0
[09/08/2026-09:04:50] [TRT] [V]         [1,4]	nBS
[09/08/2026-09:04:50] [TRT] [V]         3136	3136
[09/08/2026-09:04:50] [TRT] [V] MATRIX_MULTIPLY node_linear
[09/08/2026-09:04:50] [TRT] [V]     Input 0
[09/08/2026-09:04:50] [TRT] [V]         [1,4]	nBS
[09/08/2026-09:04:50] [TRT] [V]         3136	3136
[09/08/2026-09:04:50] [TRT] [V]     Input 1
[09/08/2026-09:04:50] [TRT] [V]         1024	1024
[09/08/2026-09:04:50] [TRT] [V]         3136	3136
[09/08/2026-09:04:50] [TRT] [V]     Output 0
[09/08/2026-09:04:50] [TRT] [V]         [1,4]	nBS
[09/08/2026-09:04:50] [TRT] [V]         1024	1024
[09/08/2026-09:04:50] [TRT] [V] ELEMENTWISE node_linear_1
[09/08/2026-09:04:50] [TRT] [V]     Input 0
[09/08/2026-09:04:50] [TRT] [V]         [1,4]	nBS
[09/08/2026-09:04:50] [TRT] [V]         1024	1024
[09/08/2026-09:04:50] [TRT] [V]     Input 1
[09/08/2026-09:04:50] [TRT] [V]         1	1
[09/08/2026-09:04:50] [TRT] [V]         1024	1024
[09/08/2026-09:04:50] [TRT] [V]     Output 0
[09/08/2026-09:04:50] [TRT] [V]         [1,4]	nBS
[09/08/2026-09:04:50] [TRT] [V]         1024	1024
[09/08/2026-09:04:50] [TRT] [V] ACTIVATION node_relu_2
[09/08/2026-09:04:50] [TRT] [V]     Input 0
[09/08/2026-09:04:50] [TRT] [V]         [1,4]	nBS
[09/08/2026-09:04:50] [TRT] [V]         1024	1024
[09/08/2026-09:04:50] [TRT] [V]     Output 0
[09/08/2026-09:04:50] [TRT] [V]         [1,4]	nBS
[09/08/2026-09:04:50] [TRT] [V]         1024	1024
[09/08/2026-09:04:50] [TRT] [V] MATRIX_MULTIPLY node_linear_1_2
[09/08/2026-09:04:50] [TRT] [V]     Input 0
[09/08/2026-09:04:50] [TRT] [V]         [1,4]	nBS
[09/08/2026-09:04:50] [TRT] [V]         1024	1024
[09/08/2026-09:04:50] [TRT] [V]     Input 1
[09/08/2026-09:04:50] [TRT] [V]         10	10
[09/08/2026-09:04:50] [TRT] [V]         1024	1024
[09/08/2026-09:04:50] [TRT] [V]     Output 0
[09/08/2026-09:04:50] [TRT] [V]         [1,4]	nBS
[09/08/2026-09:04:50] [TRT] [V]         10	10
[09/08/2026-09:04:50] [TRT] [V] ELEMENTWISE node_linear_1_5
[09/08/2026-09:04:50] [TRT] [V]     Input 0
[09/08/2026-09:04:50] [TRT] [V]         [1,4]	nBS
[09/08/2026-09:04:50] [TRT] [V]         10	10
[09/08/2026-09:04:50] [TRT] [V]     Input 1
[09/08/2026-09:04:50] [TRT] [V]         1	1
[09/08/2026-09:04:50] [TRT] [V]         10	10
[09/08/2026-09:04:50] [TRT] [V]     Output 0
[09/08/2026-09:04:50] [TRT] [V]         [1,4]	nBS
[09/08/2026-09:04:50] [TRT] [V]         10	10
[09/08/2026-09:04:50] [TRT] [V] SOFTMAX node_softmax
[09/08/2026-09:04:50] [TRT] [V]     Input 0
[09/08/2026-09:04:50] [TRT] [V]         [1,4]	nBS
[09/08/2026-09:04:50] [TRT] [V]         10	10
[09/08/2026-09:04:50] [TRT] [V]     Output 0
[09/08/2026-09:04:50] [TRT] [V]         [1,4]	nBS
[09/08/2026-09:04:50] [TRT] [V]         10	10
[09/08/2026-09:04:50] [TRT] [V] SHUFFLE ONNXTRT_ShapeShuffle_7
[09/08/2026-09:04:50] [TRT] [V]     Input 0
[09/08/2026-09:04:50] [TRT] [V]         [1,4]	nBS
[09/08/2026-09:04:50] [TRT] [V]         10	10
[09/08/2026-09:04:50] [TRT] [V]     Output 0
[09/08/2026-09:04:50] [TRT] [V]         [1,4]	nBS
[09/08/2026-09:04:50] [TRT] [V]         10	10
[09/08/2026-09:04:50] [TRT] [V] TOPK node_argmax
[09/08/2026-09:04:50] [TRT] [V]     Input 0
[09/08/2026-09:04:50] [TRT] [V]         [1,4]	nBS
[09/08/2026-09:04:50] [TRT] [V]         10	10
[09/08/2026-09:04:50] [TRT] [V]     Output 0
[09/08/2026-09:04:50] [TRT] [V]         [1,4]	nBS
[09/08/2026-09:04:50] [TRT] [V]         1	1
[09/08/2026-09:04:50] [TRT] [V]     Output 1
[09/08/2026-09:04:50] [TRT] [V]         [1,4]	nBS
[09/08/2026-09:04:50] [TRT] [V]         1	1
[09/08/2026-09:04:50] [TRT] [V] CAST ONNXTRT_castHelper_8
[09/08/2026-09:04:50] [TRT] [V]     Input 0
[09/08/2026-09:04:50] [TRT] [V]         [1,4]	nBS
[09/08/2026-09:04:50] [TRT] [V]         1	1
[09/08/2026-09:04:50] [TRT] [V]     Output 0
[09/08/2026-09:04:50] [TRT] [V]         [1,4]	nBS
[09/08/2026-09:04:50] [TRT] [V]         1	1
[09/08/2026-09:04:50] [TRT] [V] SHUFFLE ONNXTRT_squeezeTensor
[09/08/2026-09:04:50] [TRT] [V]     Input 0
[09/08/2026-09:04:50] [TRT] [V]         [1,4]	nBS
[09/08/2026-09:04:50] [TRT] [V]         1	1
[09/08/2026-09:04:50] [TRT] [V]     Output 0
[09/08/2026-09:04:50] [TRT] [V]         [1,4]	nBS
[09/08/2026-09:04:50] [TRT] [V] CAST ONNXTRT_castHelper_9
[09/08/2026-09:04:50] [TRT] [V]     Input 0
[09/08/2026-09:04:50] [TRT] [V]         [1,4]	nBS
[09/08/2026-09:04:50] [TRT] [V]     Output 0
[09/08/2026-09:04:50] [TRT] [V]         [1,4]	nBS
[09/08/2026-09:04:50] [TRT] [V] Graph construction completed in 0.000763722 seconds.
[09/08/2026-09:04:50] [TRT] [V] After adding DebugOutput nodes: 24 layers
[09/08/2026-09:04:50] [TRT] [V] Running: ConstShuffleFusion on gemm1.bias
[09/08/2026-09:04:50] [TRT] [V] ConstShuffleFusion: Fusing gemm1.bias with ONNXTRT_Broadcast
[09/08/2026-09:04:50] [TRT] [V] Running: ConstShuffleFusion on gemm2.bias
[09/08/2026-09:04:50] [TRT] [V] ConstShuffleFusion: Fusing gemm2.bias with ONNXTRT_Broadcast_4
[09/08/2026-09:04:50] [TRT] [V] Running: ShuffleErasure on ONNXTRT_ShapeShuffle_7
[09/08/2026-09:04:50] [TRT] [V] Removing ONNXTRT_ShapeShuffle_7
[09/08/2026-09:04:50] [TRT] [V] After Myelin optimization: 1 layers
[09/08/2026-09:04:50] [TRT] [V] Applying ScaleNodes fusions.
[09/08/2026-09:04:50] [TRT] [V] After scale fusion: 1 layers
[09/08/2026-09:04:50] [TRT] [V] After dupe layer removal: 1 layers
[09/08/2026-09:04:50] [TRT] [V] After final dead-layer removal: 1 layers
[09/08/2026-09:04:50] [TRT] [V] After tensor merging: 1 layers
[09/08/2026-09:04:50] [TRT] [V] After vertical fusions: 1 layers
[09/08/2026-09:04:50] [TRT] [V] After dupe layer removal: 1 layers
[09/08/2026-09:04:50] [TRT] [V] After final dead-layer removal: 1 layers
[09/08/2026-09:04:50] [TRT] [V] After tensor merging: 1 layers
[09/08/2026-09:04:50] [TRT] [V] After slice removal: 1 layers
[09/08/2026-09:04:50] [TRT] [V] After concat removal: 1 layers
[09/08/2026-09:04:50] [TRT] [V] Trying to split Reshape and strided tensor
[09/08/2026-09:04:50] [TRT] [V] Graph optimization time: 0.00046821 seconds.
[09/08/2026-09:04:50] [TRT] [V] Building graph using backend strategy 2
[09/08/2026-09:04:50] [TRT] [I] Local timing cache in use. Profiling results in this builder pass will not be stored.
[09/08/2026-09:04:50] [TRT] [V] Constructing optimization profile number 0 [1/2].
[09/08/2026-09:04:50] [TRT] [V] Applying generic optimizations to the graph for inference.
[09/08/2026-09:04:50] [TRT] [V] Reserving memory for host IO tensors. Host: 0 bytes
[09/08/2026-09:04:50] [TRT] [V] =============== Computing costs for {ForeignNode[node_conv2d...ONNXTRT_castHelper_9]}
[09/08/2026-09:04:50] [TRT] [V] ForeignNode {ForeignNode[node_conv2d...ONNXTRT_castHelper_9]} metadata: [ONNX Layer: node_conv2d][ONNX Layer: node_relu][ONNX Layer: node_max_pool2d][ONNX Layer: node_conv2d_1][ONNX Layer: node_relu_1][ONNX Layer: node_max_pool2d_1][ONNX Layer: node_view][ONNX Layer: node_linear][ONNX Layer: node_relu_2][ONNX Layer: node_linear_1][ONNX Layer: node_softmax][ONNX Layer: node_argmax]
[09/08/2026-09:04:50] [TRT] [V] *************** Autotuning format combination: Float(784,784,28,1) -> Float(10,1), Int64(1) ***************
[09/08/2026-09:04:50] [TRT] [V] --------------- Timing Runner: {ForeignNode[node_conv2d...ONNXTRT_castHelper_9]} (Myelin[0x80000023])
[09/08/2026-09:04:50] [TRT] [I] Compiler backend is used during engine build.
[09/08/2026-09:04:55] [TRT] [V]  (foreignNode) Set user's cuda kernel library
[09/08/2026-09:04:55] [TRT] [V]  (foreignNode) Using legacy CPU-only mode.
[09/08/2026-09:04:55] [TRT] [V]  (foreignNode) Autotuning op node_conv2d: [ONNX Layer: node_conv2d][ONNX Layer: node_relu]
[09/08/2026-09:04:55] [TRT] [V]  (foreignNode) Sorted table of all evaluated tactics:
[09/08/2026-09:04:55] [TRT] [V]  (foreignNode) tactic_id, cost(in ms), cost/fastest_cost, prediction_correlation, kernel_name, tactic_hash, tunable_parameter, conv_w2c_input_fold
[09/08/2026-09:04:55] [TRT] [V]  (foreignNode)   62, 0.0039936, 1.00000, 2.56737, sm80_xmma_fprop_implicit_gemm_indexed_wo_smem_f32f32_tf32f32_f32_nhwckrsc_nhwc_tilesize128x16x32_stage1_warpsize4x1x1_g1_tensor16x8x8_aligna4_alignc8, 0x447797f84b244, , 0
[09/08/2026-09:04:55] [TRT] [V]  (foreignNode)   63, 0.0041920, 1.04968, 2.45884, sm80_xmma_fprop_implicit_gemm_indexed_wo_smem_f32f32_tf32f32_f32_nhwckrsc_nhwc_tilesize128x16x32_stage1_warpsize4x1x1_g1_tensor16x8x8_aligna4_alignc4, 0x61203a5779dda, , 0
[09/08/2026-09:04:55] [TRT] [V]  (foreignNode)   16, 0.0048128, 1.20513, 1.29682, sm80_xmma_fprop_implicit_gemm_indexed_wo_smem_f32f32_tf32f32_f32_nhwckrsc_nhwc_tilesize128x16x64_stage1_warpsize4x1x1_g1_tensor16x8x8, 0x53e82ebe669a9, , 0
[09/08/2026-09:04:55] [TRT] [V]  (foreignNode)   49, 0.0048128, 1.20513, 1.91952, sm80_xmma_fprop_implicit_gemm_indexed_wo_smem_f32f32_tf32f32_f32_nhwckrsc_nhwc_tilesize128x32x16_stage1_warpsize4x1x1_g1_tensor16x8x8_aligna4_alignc8, 0x40b656980a6a1, , 0
[09/08/2026-09:04:55] [TRT] [V]  (foreignNode)   77, 0.0048128, 1.20513, 2.24084, sm80_xmma_fprop_implicit_gemm_indexed_wo_smem_f32f32_tf32f32_f32_nhwckrsc_nhwc_tilesize128x16x32_stage1_warpsize4x1x1_g1_tensor16x8x8_aligna4, 0x68bbd65d1a060, , 0
[09/08/2026-09:04:55] [TRT] [V]  (foreignNode)   66, 0.0050144, 1.25561, 2.10465, sm80_xmma_fprop_implicit_gemm_indexed_wo_smem_f32f32_tf32f32_f32_nhwckrsc_nhwc_tilesize128x32x16_stage1_warpsize4x1x1_g1_tensor16x8x8_aligna4, 0x32f0a2fe3851f, , 0
[09/08/2026-09:04:55] [TRT] [V]  (foreignNode)   19, 0.0050176, 1.25641, 1.32629, sm80_xmma_fprop_implicit_gemm_indexed_wo_smem_f32f32_tf32f32_f32_nhwckrsc_nhwc_tilesize128x16x64_stage1_warpsize4x1x1_g1_tensor16x8x8_alignc4, 0x5e9e9f3b6510b, , 0
[09/08/2026-09:04:55] [TRT] [V]  (foreignNode)   52, 0.0052224, 1.30769, 1.81630, sm80_xmma_fprop_implicit_gemm_indexed_wo_smem_f32f32_tf32f32_f32_nhwckrsc_nhwc_tilesize128x32x16_stage1_warpsize4x1x1_g1_tensor16x8x8_aligna4_alignc4, 0x4932958f86249, , 0
[09/08/2026-09:04:55] [TRT] [V]  (foreignNode)   76, 0.0054240, 1.35817, 1.98186, sm80_xmma_fprop_implicit_gemm_indexed_wo_smem_f32f32_tf32f32_f32_nhwckrsc_nhwc_tilesize128x16x64_stage1_warpsize4x1x1_g1_tensor16x8x8_aligna4_alignc8, 0x36b20acc48e3e, , 0
[09/08/2026-09:04:55] [TRT] [V]  (foreignNode)   92, 0.0054304, 1.35978, 2.24490, sm80_xmma_fprop_implicit_gemm_indexed_wo_smem_f32f32_tf32f32_f32_nhwckrsc_nhwc_tilesize128x32x64_stage1_warpsize4x1x1_g1_tensor16x8x8_aligna4_alignc8, 0x45e4a977c1240, , 0
[09/08/2026-09:04:55] [TRT] [V]  (foreignNode)   23, 0.0058400, 1.46234, 1.28909, sm80_xmma_fprop_implicit_gemm_indexed_wo_smem_f32f32_tf32f32_f32_nhwckrsc_nhwc_tilesize128x32x64_stage1_warpsize4x1x1_g1_tensor16x8x8, 0x2bde4e2ffd726, , 0
[09/08/2026-09:04:55] [TRT] [V]  (foreignNode)   34, 0.0058400, 1.46234, 1.39600, sm80_xmma_fprop_implicit_gemm_indexed_wo_smem_f32f32_tf32f32_f32_nhwckrsc_nhwc_tilesize128x32x64_stage1_warpsize4x1x1_g1_tensor16x8x8_alignc8, 0x52a765b97fd00, , 0
[09/08/2026-09:04:55] [TRT] [V]  (foreignNode)   36, 0.0060416, 1.51282, 1.36152, sm80_xmma_fprop_implicit_gemm_indexed_wo_smem_f32f32_tf32f32_f32_nhwckrsc_nhwc_tilesize128x16x64_stage1_warpsize4x1x1_g1_tensor16x8x8_alignc8, 0x2c42b19f834dd, , 0
[09/08/2026-09:04:55] [TRT] [V]  (foreignNode)   39, 0.0060416, 1.51282, 1.37203, sm80_xmma_fprop_implicit_gemm_indexed_wo_smem_f32f32_tf32f32_f32_nhwckrsc_nhwc_tilesize128x32x64_stage1_warpsize4x1x1_g1_tensor16x8x8_alignc4, 0x5ca966606ead6, , 0
[09/08/2026-09:04:55] [TRT] [V]  (foreignNode)   45, 0.0062432, 1.56330, 1.42682, sm80_xmma_fprop_implicit_gemm_indexed_wo_smem_f32f32_tf32f32_f32_nhwckrsc_nhwc_tilesize128x16x32_stage1_warpsize4x1x1_g1_tensor16x8x8_aligna8, 0x56d0b592d555c, , 0
[09/08/2026-09:04:55] [TRT] [V]  (foreignNode)   28, 0.0062464, 1.56410, 1.25119, sm80_xmma_fprop_implicit_gemm_indexed_wo_smem_f32f32_tf32f32_f32_nhwckrsc_nhwc_tilesize128x32x64_stage1_warpsize4x1x1_g1_tensor16x8x8_aligna8, 0x399cd25e740a2, , 0
[09/08/2026-09:04:55] [TRT] [V]  (foreignNode)   46, 0.0062464, 1.56410, 1.43058, sm80_xmma_fprop_implicit_gemm_indexed_wo_smem_f32f32_tf32f32_f32_nhwckrsc_nhwc_tilesize128x16x32_stage1_warpsize4x1x1_g1_tensor16x8x8_aligna8_alignc8, 0x51c3180075f77, , 0
[09/08/2026-09:04:55] [TRT] [V]  (foreignNode)   33, 0.0063488, 1.58974, 1.27710, sm80_xmma_fprop_implicit_gemm_indexed_wo_smem_f32f32_tf32f32_f32_nhwckrsc_nhwc_tilesize128x32x64_stage1_warpsize4x1x1_g1_tensor16x8x8_aligna8_alignc4, 0x36c92cea3ae7c, , 0
[09/08/2026-09:04:55] [TRT] [V]  (foreignNode)   41, 0.0064480, 1.61458, 1.29189, sm80_xmma_fprop_implicit_gemm_indexed_wo_smem_f32f32_tf32f32_f32_nhwckrsc_nhwc_tilesize128x16x32_stage1_warpsize4x1x1_g1_tensor16x8x8_alignc8, 0x39efcb854db0c, , 0
[09/08/2026-09:04:55] [TRT] [V]  (foreignNode)   42, 0.0064480, 1.61458, 1.29301, sm80_xmma_fprop_implicit_gemm_indexed_wo_smem_f32f32_tf32f32_f32_nhwckrsc_nhwc_tilesize128x16x32_stage1_warpsize4x1x1_g1_tensor16x8x8, 0x4e96e01ba9248, , 0
[09/08/2026-09:04:55] [TRT] [V]  (foreignNode)   43, 0.0065440, 1.63862, 1.28452, sm80_xmma_fprop_implicit_gemm_indexed_wo_smem_f32f32_tf32f32_f32_nhwckrsc_nhwc_tilesize128x16x32_stage1_warpsize4x1x1_g1_tensor16x8x8_alignc4, 0x39ccfb178f0a3, , 0
[09/08/2026-09:04:55] [TRT] [V]  (foreignNode)   47, 0.0066528, 1.66587, 1.34756, sm80_xmma_fprop_implicit_gemm_indexed_wo_smem_f32f32_tf32f32_f32_nhwckrsc_nhwc_tilesize128x16x64_stage1_warpsize4x1x1_g1_tensor16x8x8_aligna8, 0x43ad737d35171, , 0
[09/08/2026-09:04:55] [TRT] [V]  (foreignNode)   48, 0.0066560, 1.66667, 1.36060, sm80_xmma_fprop_implicit_gemm_indexed_wo_smem_f32f32_tf32f32_f32_nhwckrsc_nhwc_tilesize128x16x64_stage1_warpsize4x1x1_g1_tensor16x8x8_aligna8_alignc4, 0x4da24cec60f34, , 0
[09/08/2026-09:04:55] [TRT] [V]  (foreignNode)   13, 0.0072288, 1.81010, 0.78048, sm80_xmma_fprop_implicit_gemm_f32f32_f32f32_f32_nchwkcrs_nchw_tilesize32x32x8_stage3_warpsize1x2x1_g1_ffma_aligna4_alignc4, 0x431ac8662980a, , 0
[09/08/2026-09:04:55] [TRT] [V]  (foreignNode)   50, 0.0076768, 1.92228, 1.21129, cutlass3x_sm100_tensorop_s128x128x8tf32implicit_gemm_fprop_f32_f32_f32_f32_f32_f32_128x128x32_dyn_cga_ndhwc_ndhwc_ndhwc_align4_2sm_relu_valpha_vbeta, 0x524b8b813aebb, cga={2 4 2 1 2 1 1} , 1
[09/08/2026-09:04:55] [TRT] [V]  (foreignNode)   74, 0.0076800, 1.92308, 1.39263, sm80_xmma_fprop_implicit_gemm_indexed_wo_smem_f32f32_tf32f32_f32_nhwckrsc_nhwc_tilesize128x32x16_stage1_warpsize4x1x1_g1_tensor16x8x8_aligna8, 0x4b1795081a257, , 0
[09/08/2026-09:04:55] [TRT] [V]  (foreignNode)   81, 0.0076800, 1.92308, 1.43761, sm80_xmma_fprop_implicit_gemm_indexed_wo_smem_f32f32_tf32f32_f32_nhwckrsc_nhwc_tilesize128x32x16_stage1_warpsize4x1x1_g1_tensor16x8x8_alignc8, 0x320f2e828cc56, , 0
[09/08/2026-09:04:55] [TRT] [V]  (foreignNode)   84, 0.0076800, 1.92308, 1.44250, sm80_xmma_fprop_implicit_gemm_indexed_wo_smem_f32f32_tf32f32_f32_nhwckrsc_nhwc_tilesize128x32x16_stage1_warpsize4x1x1_g1_tensor16x8x8, 0x65ed69f9242d6, , 0
[09/08/2026-09:04:55] [TRT] [V]  (foreignNode)   25, 0.0078816, 1.97356, 0.96561, cutlass3x_sm100_tensorop_s128x128x8tf32implicit_gemm_fprop_f32_f32_f32_f32_f32_f32_128x128x32_dyn_cga_ndhwc_ndhwc_ndhwc_align4_2sm_relu_valpha_vbeta, 0x39a08467981a4, cga={2 8 1 1 2 1 1} , 1
[09/08/2026-09:04:55] [TRT] [V]  (foreignNode)   86, 0.0078816, 1.97356, 1.42173, cutlass3x_sm100_tensorop_s128x256x8tf32implicit_gemm_fprop_f32_f32_f32_f32_f32_f32_128x256x32_dyn_cga_ndhwc_ndhwc_ndhwc_align4_2sm_relu_valpha_vbeta, 0x64c4c130b2b15, cga={2 4 1 1 2 1 1} , 1
[09/08/2026-09:04:55] [TRT] [V]  (foreignNode)   73, 0.0078848, 1.97436, 1.34491, sm80_xmma_fprop_implicit_gemm_indexed_wo_smem_f32f32_tf32f32_f32_nhwckrsc_nhwc_tilesize128x32x16_stage1_warpsize4x1x1_g1_tensor16x8x8_aligna8_alignc8, 0x5d3fc97fc5ece, , 0
[09/08/2026-09:04:55] [TRT] [V]  (foreignNode)   87, 0.0078848, 1.97436, 1.42584, sm80_xmma_fprop_implicit_gemm_indexed_wo_smem_f32f32_tf32f32_f32_nhwckrsc_nhwc_tilesize128x32x16_stage1_warpsize4x1x1_g1_tensor16x8x8_alignc4, 0x2bf76ead0e8e7, , 0
[09/08/2026-09:04:55] [TRT] [V]  (foreignNode)    9, 0.0078976, 1.97756, 0.55365, sm80_xmma_fprop_implicit_gemm_indexed_f32f32_f32f32_f32_nhwckrsc_nhwc_tilesize32x32x8_stage3_warpsize1x2x1_g1_ffma_aligna4_alignc4, 0x46a1e74539894, , 0
[09/08/2026-09:04:55] [TRT] [V]  (foreignNode)   24, 0.0079872, 2.00000, 0.95212, cutlass3x_sm100_tensorop_s128x128x8tf32implicit_gemm_fprop_f32_f32_f32_f32_f32_f32_128x128x32_dyn_cga_ndhwc_ndhwc_ndhwc_align4_2sm_relu_valpha_vbeta, 0x512169c0e6ae4, cga={2 4 1 1 2 1 1} , 1
[09/08/2026-09:04:55] [TRT] [V]  (foreignNode)   85, 0.0080832, 2.02404, 1.38433, cutlass3x_sm100_tensorop_s128x256x8tf32implicit_gemm_fprop_f32_f32_f32_f32_f32_f32_128x256x32_dyn_cga_ndhwc_ndhwc_ndhwc_align4_2sm_relu_valpha_vbeta, 0x33a3368ba6b62, cga={2 8 1 1 2 1 1} , 1
[09/08/2026-09:04:55] [TRT] [V]  (foreignNode)   75, 0.0080864, 2.02484, 1.32552, sm80_xmma_fprop_implicit_gemm_indexed_wo_smem_f32f32_tf32f32_f32_nhwckrsc_nhwc_tilesize128x32x16_stage1_warpsize4x1x1_g1_tensor16x8x8_aligna8_alignc4, 0x34cb1bfa1a587, , 0
[09/08/2026-09:04:55] [TRT] [V]  (foreignNode)   44, 0.0080896, 2.02564, 1.07556, cutlass3x_sm100_tensorop_s128x128x8tf32implicit_gemm_fprop_f32_f32_f32_f32_f32_f32_128x128x32_dyn_cga_ndhwc_ndhwc_ndhwc_align4_2sm_relu_valpha_vbeta, 0x2ab2633c442a5, cga={2 8 2 1 2 1 1} , 1
[09/08/2026-09:04:55] [TRT] [V]  (foreignNode)   12, 0.0081312, 2.03606, 0.66866, sm80_xmma_fprop_implicit_gemm_indexed_f32f32_f32f32_f32_nchwkcrs_nchw_tilesize32x32x8_stage3_warpsize1x2x1_g1_ffma_aligna4_alignc4, 0x53072733c7601, , 0
[09/08/2026-09:04:55] [TRT] [V]  (foreignNode)   30, 0.0081408, 2.03846, 0.97319, sm80_xmma_fprop_implicit_gemm_f32f32_f32f32_f32_nchwkcrs_nchw_tilesize128x16x8_stage3_warpsize4x1x1_g1_ffma_aligna4_alignc4, 0x4f761254ffcf1, , 0
[09/08/2026-09:04:55] [TRT] [V]  (foreignNode)   11, 0.0082944, 2.07692, 0.62823, sm80_xmma_fprop_implicit_gemm_f32f32_f32f32_f32_nhwckrsc_nhwc_tilesize32x32x8_stage3_warpsize1x2x1_g1_ffma_aligna4_alignc4, 0x6611607d187d4, , 0
[09/08/2026-09:04:55] [TRT] [V]  (foreignNode)   58, 0.0083968, 2.10256, 1.16348, cutlass3x_sm100_tensorop_s64x128x8tf32implicit_gemm_fprop_f32_f32_f32_f32_f32_f32_64x128x32_dyn_cga_ndhwc_ndhwc_ndhwc_align4_1sm_relu_valpha_vbeta, 0x3c85962b2abe5, cga={2 8 2 1 2 1 1} , 1
[09/08/2026-09:04:55] [TRT] [V]  (foreignNode)   78, 0.0083968, 2.10256, 1.28519, cutlass3x_sm100_tensorop_s64x128x8tf32implicit_gemm_fprop_f32_f32_f32_f32_f32_f32_64x128x32_dyn_cga_ndhwc_ndhwc_ndhwc_align4_1sm_relu_valpha_vbeta, 0x335de326c46e4, cga={2 8 2 1 1 2 1} , 1
[09/08/2026-09:04:55] [TRT] [V]  (foreignNode)   56, 0.0084832, 2.12420, 1.14593, cutlass3x_sm100_tensorop_s64x128x8tf32implicit_gemm_fprop_f32_f32_f32_f32_f32_f32_64x128x32_dyn_cga_ndhwc_ndhwc_ndhwc_align4_1sm_relu_valpha_vbeta, 0x42d6eee2af3c1, cga={2 8 1 1 2 1 1} , 1
[09/08/2026-09:04:55] [TRT] [V]  (foreignNode)   79, 0.0084960, 2.12740, 1.27321, cutlass3x_sm100_tensorop_s64x128x8tf32implicit_gemm_fprop_f32_f32_f32_f32_f32_f32_64x128x32_dyn_cga_ndhwc_ndhwc_ndhwc_align4_1sm_relu_valpha_vbeta, 0x39eb43261733c, cga={2 4 2 1 1 2 1} , 1
[09/08/2026-09:04:55] [TRT] [V]  (foreignNode)   59, 0.0084992, 2.12821, 1.15074, cutlass3x_sm100_tensorop_s64x128x8tf32implicit_gemm_fprop_f32_f32_f32_f32_f32_f32_64x128x32_dyn_cga_ndhwc_ndhwc_ndhwc_align4_1sm_relu_valpha_vbeta, 0x3c8c7516f47f0, cga={2 4 2 1 2 1 1} , 1
[09/08/2026-09:04:55] [TRT] [V]  (foreignNode)   68, 0.0085984, 2.15305, 1.22759, cutlass3x_sm100_tensorop_s256x128x8tf32implicit_gemm_fprop_f32_f32_f32_f32_f32_f32_256x128x32_dyn_cga_ndhwc_ndhwc_ndhwc_align4_2sm_relu_valpha_vbeta, 0x2f8b9515c6bf4, cga={2 2 2 1 2 1 1} , 1
[09/08/2026-09:04:55] [TRT] [V]  (foreignNode)   71, 0.0085984, 2.15305, 1.22769, cutlass3x_sm100_tensorop_s256x128x8tf32implicit_gemm_fprop_f32_f32_f32_f32_f32_f32_256x128x32_dyn_cga_ndhwc_ndhwc_ndhwc_align4_2sm_relu_valpha_vbeta, 0x463bd845d6f45, cga={2 4 2 1 2 1 1} , 1
[09/08/2026-09:04:55] [TRT] [V]  (foreignNode)   72, 0.0086944, 2.17708, 1.21496, cutlass3x_sm100_tensorop_s256x128x8tf32implicit_gemm_fprop_f32_f32_f32_f32_f32_f32_256x128x32_dyn_cga_ndhwc_ndhwc_ndhwc_align4_2sm_relu_valpha_vbeta, 0x43715d052237b, cga={2 8 2 1 2 1 1} , 1
[09/08/2026-09:04:55] [TRT] [V]  (foreignNode)   55, 0.0087008, 2.17869, 1.11684, cutlass3x_sm100_tensorop_s64x128x8tf32implicit_gemm_fprop_f32_f32_f32_f32_f32_f32_64x128x32_dyn_cga_ndhwc_ndhwc_ndhwc_align4_1sm_relu_valpha_vbeta, 0x2e38345f24ce6, cga={2 2 1 1 2 1 1} , 1
[09/08/2026-09:04:55] [TRT] [V]  (foreignNode)   88, 0.0087008, 2.17869, 1.32302, cutlass3x_sm100_tensorop_s256x128x8tf32implicit_gemm_fprop_f32_f32_f32_f32_f32_f32_256x128x32_dyn_cga_ndhwc_ndhwc_ndhwc_align4_2sm_relu_valpha_vbeta, 0x3da6f833cc165, cga={2 4 4 1 2 1 1} , 1
[09/08/2026-09:04:55] [TRT] [V]  (foreignNode)   54, 0.0087040, 2.17949, 1.11618, cutlass3x_sm100_tensorop_s64x128x8tf32implicit_gemm_fprop_f32_f32_f32_f32_f32_f32_64x128x32_dyn_cga_ndhwc_ndhwc_ndhwc_align4_1sm_relu_valpha_vbeta, 0x63fab4afced86, cga={2 4 1 1 2 1 1} , 1
[09/08/2026-09:04:55] [TRT] [V]  (foreignNode)   99, 0.0087168, 2.18269, 1.53889, cutlass3x_sm100_tensorop_s256x128x8tf32implicit_gemm_fprop_f32_f32_f32_f32_f32_f32_256x128x32_dyn_cga_ndhwc_ndhwc_ndhwc_align4_2sm_relu_valpha_vbeta, 0x46b86d07bcad2, cga={2 2 4 1 2 1 1} , 1
[09/08/2026-09:04:55] [TRT] [V]  (foreignNode)   14, 0.0087552, 2.19231, 0.68767, sm80_xmma_fprop_implicit_gemm_indexed_f32f32_f32f32_f32_nchwkcrs_nchw_tilesize64x64x8_stage3_warpsize1x4x1_g1_ffma_aligna4_alignc4, 0x50058707ad9d1, , 0
[09/08/2026-09:04:55] [TRT] [V]  (foreignNode)   38, 0.0088064, 2.20513, 0.94113, cutlass3x_sm100_tensorop_s128x128x8tf32implicit_gemm_fprop_f32_f32_f32_f32_f32_f32_128x128x32_dyn_cga_ndhwc_ndhwc_ndhwc_align4_2sm_relu_valpha_vbeta, 0x2ddf60afb1c3a, cga={2 2 1 1 2 1 1} , 1
[09/08/2026-09:04:55] [TRT] [V]  (foreignNode)   37, 0.0089120, 2.23157, 0.92998, cutlass3x_sm100_tensorop_s128x128x8tf32implicit_gemm_fprop_f32_f32_f32_f32_f32_f32_128x128x32_dyn_cga_ndhwc_ndhwc_ndhwc_align4_2sm_relu_valpha_vbeta, 0x4098bc9a582e5, cga={0 0 0 1 0 0 1} , 1
[09/08/2026-09:04:55] [TRT] [V]  (foreignNode)   53, 0.0090576, 2.26803, 1.07044, sm80_xmma_fprop_implicit_gemm_f32f32_f32f32_f32_nchwkcrs_nchw_tilesize64x64x8_stage3_warpsize1x4x1_g1_ffma_aligna4_alignc4, 0x52fd2cc1fc4ec, , 0
[09/08/2026-09:04:55] [TRT] [V]  (foreignNode)   67, 0.0091040, 2.27965, 1.15927, cutlass3x_sm100_tensorop_s256x128x8tf32implicit_gemm_fprop_f32_f32_f32_f32_f32_f32_256x128x32_dyn_cga_ndhwc_ndhwc_ndhwc_align4_2sm_relu_valpha_vbeta, 0x453d81e7227d5, cga={2 8 1 1 2 1 1} , 1
[09/08/2026-09:04:55] [TRT] [V]  (foreignNode)   89, 0.0093216, 2.33413, 1.23607, cutlass3x_sm100_tensorop_s128x128x8tf32implicit_gemm_fprop_f32_f32_f32_f32_f32_f32_128x128x32_dyn_cga_ndhwc_ndhwc_ndhwc_align4_2sm_relu_valpha_vbeta, 0x30a9ae9ac00d1, cga={2 2 2 1 2 1 1} , 1
[09/08/2026-09:04:55] [TRT] [V]  (foreignNode)   93, 0.0094208, 2.35897, 1.32609, cutlass3x_sm100_tensorop_s64x128x8tf32implicit_gemm_fprop_f32_f32_f32_f32_f32_f32_64x128x32_dyn_cga_ndhwc_ndhwc_ndhwc_align4_1sm_relu_valpha_vbeta, 0x6131fea00d78e, cga={2 2 2 1 1 2 1} , 1
[09/08/2026-09:04:55] [TRT] [V]  (foreignNode)   83, 0.0095360, 2.38782, 1.15984, cutlass3x_sm100_tensorop_s64x128x8tf32implicit_gemm_fprop_f32_f32_f32_f32_f32_f32_64x128x32_dyn_cga_ndhwc_ndhwc_ndhwc_align4_1sm_relu_valpha_vbeta, 0x2dedc897174c8, cga={2 1 1 1 1 1 1} , 1
[09/08/2026-09:04:55] [TRT] [V]  (foreignNode)   82, 0.0097280, 2.43590, 1.13695, cutlass3x_sm100_tensorop_s64x128x8tf32implicit_gemm_fprop_f32_f32_f32_f32_f32_f32_64x128x32_dyn_cga_ndhwc_ndhwc_ndhwc_align4_1sm_relu_valpha_vbeta, 0x328b57f629ef8, cga={0 0 0 1 0 0 1} , 1
[09/08/2026-09:04:55] [TRT] [V]  (foreignNode)   65, 0.0097312, 2.43670, 1.08393, cutlass3x_sm100_tensorop_s256x128x8tf32implicit_gemm_fprop_f32_f32_f32_f32_f32_f32_256x128x32_dyn_cga_ndhwc_ndhwc_ndhwc_align4_2sm_relu_valpha_vbeta, 0x698792e76b689, cga={2 4 1 1 2 1 1} , 1
[09/08/2026-09:04:55] [TRT] [V]  (foreignNode)   91, 0.0097312, 2.43670, 1.21537, cutlass3x_sm100_tensorop_s64x128x8tf32implicit_gemm_fprop_f32_f32_f32_f32_f32_f32_64x128x32_dyn_cga_ndhwc_ndhwc_ndhwc_align4_1sm_relu_valpha_vbeta, 0x43a99cc829f69, cga={2 2 2 1 2 1 1} , 1
[09/08/2026-09:04:55] [TRT] [V]  (foreignNode)   98, 0.0101312, 2.53686, 1.30829, cutlass3x_sm100_tensorop_s128x256x8tf32implicit_gemm_fprop_f32_f32_f32_f32_f32_f32_128x256x32_dyn_cga_ndhwc_ndhwc_ndhwc_align4_2sm_relu_valpha_vbeta, 0x56704b87dfb92, cga={2 2 1 1 2 1 1} , 1
[09/08/2026-09:04:55] [TRT] [V]  (foreignNode)   97, 0.0102368, 2.56330, 1.29480, cutlass3x_sm100_tensorop_s128x256x8tf32implicit_gemm_fprop_f32_f32_f32_f32_f32_f32_128x256x32_dyn_cga_ndhwc_ndhwc_ndhwc_align4_2sm_relu_valpha_vbeta, 0x2c44a9962d227, cga={0 0 0 1 0 0 1} , 1
[09/08/2026-09:04:55] [TRT] [V]  (foreignNode)   27, 0.0103424, 2.58974, 0.74415, sm80_xmma_fprop_implicit_gemm_f32f32_f32f32_f32_nhwckrsc_nhwc_tilesize128x16x8_stage3_warpsize4x1x1_g1_ffma_aligna4_alignc4, 0x4ae5e6b95a5f8, , 0
[09/08/2026-09:04:55] [TRT] [V]  (foreignNode)   70, 0.0105472, 2.64103, 1.00079, cutlass3x_sm100_tensorop_s256x128x8tf32implicit_gemm_fprop_f32_f32_f32_f32_f32_f32_256x128x32_dyn_cga_ndhwc_ndhwc_ndhwc_align4_2sm_relu_valpha_vbeta, 0x535a8851f45af, cga={2 2 1 1 2 1 1} , 1
[09/08/2026-09:04:55] [TRT] [V]  (foreignNode)   69, 0.0105504, 2.64183, 1.00049, cutlass3x_sm100_tensorop_s256x128x8tf32implicit_gemm_fprop_f32_f32_f32_f32_f32_f32_256x128x32_dyn_cga_ndhwc_ndhwc_ndhwc_align4_2sm_relu_valpha_vbeta, 0x6897023cbda56, cga={0 0 0 1 0 0 1} , 1
[09/08/2026-09:04:55] [TRT] [V]  (foreignNode)   29, 0.0105984, 2.65385, 0.73917, sm80_xmma_fprop_implicit_gemm_indexed_f32f32_f32f32_f32_nchwkcrs_nchw_tilesize128x16x8_stage3_warpsize4x1x1_g1_ffma_aligna4_alignc4, 0x381f105003178, , 0
[09/08/2026-09:04:55] [TRT] [V]  (foreignNode)   31, 0.0112080, 2.80649, 0.71646, sm80_xmma_fprop_implicit_gemm_indexed_f32f32_f32f32_f32_nchwkcrs_nchw_tilesize128x32x8_stage3_warpsize2x2x1_g1_ffma_aligna4_alignc4, 0x38b375fe898eb, , 0
[09/08/2026-09:04:55] [TRT] [V]  (foreignNode)   60, 0.0113664, 2.84615, 0.87284, sm80_xmma_fprop_implicit_gemm_f32f32_f32f32_f32_nhwckrsc_nhwc_tilesize64x64x8_stage3_warpsize1x4x1_g1_ffma_aligna4_alignc4, 0x531c3b8549188, , 0
[09/08/2026-09:04:55] [TRT] [V]  (foreignNode)   94, 0.0115712, 2.89744, 1.08712, cutlass3x_sm100_tensorop_s128x128x8tf32implicit_gemm_fprop_f32_f32_f32_f32_f32_f32_128x128x32_dyn_cga_ndhwc_ndhwc_ndhwc_align4_1sm_relu_valpha_vbeta, 0x4c8f00b51b7ca, cga={0 0 0 1 0 0 1} , 1
[09/08/2026-09:04:55] [TRT] [V]  (foreignNode)   95, 0.0115712, 2.89744, 1.08712, cutlass3x_sm100_tensorop_s128x128x8tf32implicit_gemm_fprop_f32_f32_f32_f32_f32_f32_128x128x32_dyn_cga_ndhwc_ndhwc_ndhwc_align4_1sm_relu_valpha_vbeta, 0x5c331297e0160, cga={2 1 1 1 1 1 1} , 1
[09/08/2026-09:04:55] [TRT] [V]  (foreignNode)   10, 0.0128000, 3.20513, 0.38197, sm80_xmma_fprop_implicit_gemm_indexed_f32f32_f32f32_f32_nhwckrsc_nhwc_tilesize128x16x8_stage3_warpsize4x1x1_g1_ffma_aligna4_alignc4, 0x5c10a53c8e4ee, , 0
[09/08/2026-09:04:55] [TRT] [V]  (foreignNode)   15, 0.0128000, 3.20513, 0.48024, sm80_xmma_fprop_implicit_gemm_indexed_f32f32_f32f32_f32_nhwckrsc_nhwc_tilesize64x64x8_stage3_warpsize1x4x1_g1_ffma_aligna4_alignc4, 0x45757ccc39352, , 0
[09/08/2026-09:04:55] [TRT] [V]  (foreignNode)   22, 0.0133632, 3.34615, 0.55204, sm80_xmma_fprop_implicit_gemm_indexed_f32f32_f32f32_f32_nchwkcrs_nchw_tilesize128x64x8_stage2_warpsize1x4x1_g1_ffma_aligna4_alignc4_beta0_packed_stride, 0x491c74b83d98c, , 0
[09/08/2026-09:04:55] [TRT] [V]  (foreignNode)    2, 0.0134208, 3.36058, 0.02622, sm80_xmma_fprop_implicit_gemm_f32f32_tf32f32_f32_nhwckrsc_nhwc_tilesize64x32x64_stage5_warpsize2x2x1_g1_tensor16x8x8_t1r5s5, 0x6671027229437, , 0
[09/08/2026-09:04:55] [TRT] [V]  (foreignNode)   32, 0.0136752, 3.42428, 0.58931, sm80_xmma_fprop_implicit_gemm_indexed_f32f32_f32f32_f32_nchwkcrs_nchw_tilesize128x64x8_stage2_warpsize2x2x1_g1_ffma_aligna4_alignc4_beta0_packed_stride, 0x6105a76debc1c, , 0
[09/08/2026-09:04:55] [TRT] [V]  (foreignNode)    1, 0.0140256, 3.51202, 0.01227, sm80_xmma_fprop_implicit_gemm_f32f32_tf32f32_f32_nhwckrsc_nhwc_tilesize64x128x32_stage5_warpsize2x2x1_g1_tensor16x8x8_t1r5s5, 0x50bf9238876a8, , 0
[09/08/2026-09:04:55] [TRT] [V]  (foreignNode)    8, 0.0140288, 3.51282, 0.29813, sm80_xmma_fprop_implicit_gemm_f32f32_tf32f32_f32_nhwckrsc_nhwc_tilesize128x128x16_stage4_warpsize2x2x1_g1_tensor16x8x8_t1r5s5, 0x4a22061aa1bca, , 0
[09/08/2026-09:04:55] [TRT] [V]  (foreignNode)   21, 0.0142208, 3.56090, 0.49457, sm80_xmma_fprop_implicit_gemm_indexed_f32f32_f32f32_f32_nhwckrsc_nhwc_tilesize128x32x8_stage3_warpsize2x2x1_g1_ffma_aligna4_alignc4, 0x593cc3676fa2f, , 0
[09/08/2026-09:04:55] [TRT] [V]  (foreignNode)   40, 0.0145776, 3.65024, 0.57132, sm80_xmma_fprop_implicit_gemm_indexed_f32f32_f32f32_f32_nchwkcrs_nchw_tilesize128x64x8_stage2_warpsize4x1x1_g1_ffma_aligna4_alignc4_beta0_packed_stride, 0x2ed49b83a1ace, , 0
[09/08/2026-09:04:55] [TRT] [V]  (foreignNode)   20, 0.0146400, 3.66587, 0.47324, sm80_xmma_fprop_implicit_gemm_indexed_f32f32_tf32f32_f32_nhwckrsc_nhwc_tilesize64x128x32_stage5_warpsize2x2x1_g1_tensor16x8x8, 0x63349d53d88ef, , 0
[09/08/2026-09:04:55] [TRT] [V]  (foreignNode)    3, 0.0150528, 3.76923, 0.02491, sm80_xmma_fprop_implicit_gemm_f32f32_tf32f32_f32_nhwckrsc_nhwc_tilesize128x64x32_stage5_warpsize2x2x1_g1_tensor16x8x8_t1r5s5, 0x2d7ff302789c4, , 0
[09/08/2026-09:04:55] [TRT] [V]  (foreignNode)   18, 0.0154624, 3.87180, 0.42434, sm80_xmma_fprop_implicit_gemm_indexed_f32f32_tf32f32_f32_nhwckrsc_nhwc_tilesize64x32x64_stage5_warpsize2x2x1_g1_tensor16x8x8, 0x5af5049c6d4f9, , 0
[09/08/2026-09:04:55] [TRT] [V]  (foreignNode)   51, 0.0154656, 3.87260, 0.61237, sm80_xmma_fprop_implicit_gemm_indexed_f32f32_tf32f32_f32_nhwckrsc_nhwc_tilesize128x128x16_stage4_warpsize2x2x1_g1_tensor16x8x8, 0x569a5b44f4eab, , 0
[09/08/2026-09:04:55] [TRT] [V]  (foreignNode)   26, 0.0168992, 4.23157, 0.45339, sm80_xmma_fprop_implicit_gemm_indexed_f32f32_tf32f32_f32_nhwckrsc_nhwc_tilesize128x64x32_stage5_warpsize2x2x1_g1_tensor16x8x8, 0x63102d914fbd2, , 0
[09/08/2026-09:04:55] [TRT] [V]  (foreignNode)    4, 0.0176128, 4.41026, 0.02409, sm80_xmma_fprop_implicit_gemm_f32f32_tf32f32_f32_nhwckrsc_nhwc_tilesize64x64x64_stage4_warpsize2x2x1_g1_tensor16x8x8_t1r5s5, 0x4163a3df68b16, , 0
[09/08/2026-09:04:55] [TRT] [V]  (foreignNode)   17, 0.0181248, 4.53846, 0.34922, sm80_xmma_fprop_implicit_gemm_indexed_f32f32_tf32f32_f32_nhwckrsc_nhwc_tilesize64x64x64_stage4_warpsize2x2x1_g1_tensor16x8x8, 0x2ced820775fe7, , 0
[09/08/2026-09:04:55] [TRT] [V]  (foreignNode)    5, 0.0244736, 6.12821, 0.01932, sm80_xmma_fprop_implicit_gemm_f32f32_tf32f32_f32_nhwckrsc_nhwc_tilesize128x128x32_stage4_warpsize2x2x1_g1_tensor16x8x8_t1r5s5, 0x3c2813949d00d, , 0
[09/08/2026-09:04:55] [TRT] [V]  (foreignNode)    7, 0.0246816, 6.18029, 0.10178, sm80_xmma_fprop_implicit_gemm_f32f32_tf32f32_f32_nhwckrsc_nhwc_tilesize256x64x32_stage3_warpsize4x2x1_g1_tensor16x8x8_t1r5s5, 0x5fe33cf2915df, , 0
[09/08/2026-09:04:55] [TRT] [V]  (foreignNode)   57, 0.0261120, 6.53846, 0.37278, sm80_xmma_fprop_implicit_gemm_indexed_f32f32_tf32f32_f32_nhwckrsc_nhwc_tilesize128x128x32_stage4_warpsize2x2x1_g1_tensor16x8x8, 0x571ad7d8034d3, , 0
[09/08/2026-09:04:55] [TRT] [V]  (foreignNode)   64, 0.0273376, 6.84535, 0.37959, sm80_xmma_fprop_implicit_gemm_indexed_f32f32_tf32f32_f32_nhwckrsc_nhwc_tilesize256x64x32_stage3_warpsize4x2x1_g1_tensor16x8x8, 0x58cfb7217d527, , 0
[09/08/2026-09:04:55] [TRT] [V]  (foreignNode)    6, 0.0275424, 6.89664, 0.02501, sm80_xmma_fprop_implicit_gemm_f32f32_tf32f32_f32_nhwckrsc_nhwc_tilesize128x64x64_stage3_warpsize2x2x1_g1_tensor16x8x8_t1r5s5, 0x4185075da43a9, , 0
[09/08/2026-09:04:55] [TRT] [V]  (foreignNode)   35, 0.0283648, 7.10257, 0.28978, sm80_xmma_fprop_implicit_gemm_indexed_f32f32_tf32f32_f32_nhwckrsc_nhwc_tilesize128x64x64_stage3_warpsize2x2x1_g1_tensor16x8x8, 0x65a391c4bf119, , 0
[09/08/2026-09:04:55] [TRT] [V]  (foreignNode)   80, 0.0361472, 9.05128, 0.29979, sm80_xmma_fprop_implicit_gemm_f32f32_tf32f32_f32_nhwckrsc_nhwc_tilesize128x256x32_stage3_warpsize2x4x1_g1_tensor16x8x8_t1r5s5, 0x65e9d61c48eda, , 0
[09/08/2026-09:04:55] [TRT] [V]  (foreignNode)   61, 0.0365632, 9.15545, 0.27539, sm80_xmma_fprop_implicit_gemm_f32f32_tf32f32_f32_nhwckrsc_nhwc_tilesize256x128x32_stage3_warpsize4x2x1_g1_tensor16x8x8_t1r5s5, 0x610c895e8b973, , 0
[09/08/2026-09:04:55] [TRT] [V]  (foreignNode)   90, 0.0375808, 9.41026, 0.31407, sm80_xmma_fprop_implicit_gemm_indexed_f32f32_tf32f32_f32_nhwckrsc_nhwc_tilesize128x256x32_stage3_warpsize2x4x1_g1_tensor16x8x8, 0x531a58fc22ee1, , 0
[09/08/2026-09:04:55] [TRT] [V]  (foreignNode)   96, 0.0400160, 10.02003, 0.31734, sm80_xmma_fprop_implicit_gemm_indexed_f32f32_tf32f32_f32_nhwckrsc_nhwc_tilesize256x128x32_stage3_warpsize4x2x1_g1_tensor16x8x8, 0x5389bdefe16fd, , 0
[09/08/2026-09:04:55] [TRT] [V]  (foreignNode)    0, 0.1409984, 35.30609, 0.00009, sm80_xmma_fprop_implicit_gemm_f32f32_f32f32_f32_nhwckrsc_nhwc_tilesize64x32x32_stage3_warpsize1x1x1_g1_ffma_t1r5s5_aligna4_alignc4, 0x5efcc2f47736d, , 0
[09/08/2026-09:04:55] [TRT] [V]  (foreignNode) Autotuning op node_max_pool2d: [ONNX Layer: node_max_pool2d]
[09/08/2026-09:04:55] [TRT] [V]  (foreignNode) Sorted table of all evaluated tactics:
[09/08/2026-09:04:55] [TRT] [V]  (foreignNode) tactic_id, cost(in ms), cost/fastest_cost, prediction_correlation, kernel_name, tactic_hash, tunable_parameter
[09/08/2026-09:04:55] [TRT] [V]  (foreignNode)   22, 0.0031712, 1.00000, 0.00000, sm50_xmma_pooling_max_nhwc_FP32FP32_WINDOWSIZE_0_PROPAGATE_NAN_2D, 0x66f0f7054b2a5,
[09/08/2026-09:04:55] [TRT] [V]  (foreignNode)   21, 0.0031776, 1.00202, 0.00000, sm50_xmma_pooling_max_nhwc_FP32FP32_WINDOWSIZE_0_PROPAGATE_NAN_3D, 0x63d934f4d43ce,
[09/08/2026-09:04:55] [TRT] [V]  (foreignNode)   19, 0.0034816, 1.09788, 0.00000, sm50_xmma_pooling_max_nhwc_FP32FP32_WINDOWSIZE_0_NOT_PROPAGATE_NAN_2D, 0x4327a8fca68b1,
[09/08/2026-09:04:55] [TRT] [V]  (foreignNode)   20, 0.0035840, 1.13017, 0.00000, sm50_xmma_pooling_fw_4d_FP32FP32NHWC_Max_CAlign4, 0x6617c82cae8f0,
[09/08/2026-09:04:55] [TRT] [V]  (foreignNode)   18, 0.0035872, 1.13118, 0.00000, sm50_xmma_pooling_max_nhwc_FP32FP32_WINDOWSIZE_0_NOT_PROPAGATE_NAN_3D, 0x67bdb004749ae,
[09/08/2026-09:04:55] [TRT] [V]  (foreignNode)    8, 0.0042960, 1.35469, 0.00000, sm50_xmma_pooling_tiled_FP32NCHW_kMAX_tP2_tQ16_tR2_tS2_tU2_tV2_tUnroll5_tThreads128, 0x38a93743d776a,
[09/08/2026-09:04:55] [TRT] [V]  (foreignNode)   14, 0.0042960, 1.35469, 0.00000, sm50_xmma_pooling_tiled_FP32NCHW_kMAX_tP2_tQ32_tR2_tS2_tU2_tV2_tUnroll5_tThreads256, 0x29624b9510e6c,
[09/08/2026-09:04:55] [TRT] [V]  (foreignNode)   15, 0.0042960, 1.35469, 0.00000, sm50_xmma_pooling_tiled_FP32NCHW_kMAX_tP2_tQ16_tR2_tS2_tU2_tV2_tUnroll4_tThreads128, 0x42627c41262ef,
[09/08/2026-09:04:55] [TRT] [V]  (foreignNode)   17, 0.0042960, 1.35469, 0.00000, sm50_xmma_pooling_tiled_FP32NCHW_kMAX_tP2_tQ32_tR2_tS2_tU2_tV2_tUnroll6_tThreads256, 0x5ba888b4b619c,
[09/08/2026-09:04:55] [TRT] [V]  (foreignNode)    5, 0.0043008, 1.35621, 0.00000, sm50_xmma_pooling_tiled_FP32NCHW_kMAX_tP2_tQ32_tR2_tS2_tU2_tV2_tUnroll2_tThreads256, 0x40206b28bf3c4,
[09/08/2026-09:04:55] [TRT] [V]  (foreignNode)    7, 0.0043008, 1.35621, 0.00000, sm50_xmma_pooling_tiled_FP32NCHW_kMAX_tP2_tQ16_tR2_tS2_tU2_tV2_tUnroll2_tThreads128, 0x2f6b14a6cb8d4,
[09/08/2026-09:04:55] [TRT] [V]  (foreignNode)   10, 0.0043008, 1.35621, 0.00000, sm50_xmma_pooling_tiled_FP32NCHW_kMAX_tP2_tQ16_tR2_tS2_tU2_tV2_tUnroll7_tThreads128, 0x503c1745dac9b,
[09/08/2026-09:04:55] [TRT] [V]  (foreignNode)   11, 0.0043008, 1.35621, 0.00000, sm50_xmma_pooling_tiled_FP32NCHW_kMAX_tP2_tQ16_tR2_tS2_tU2_tV2_tUnroll6_tThreads128, 0x4f17e05940187,
[09/08/2026-09:04:55] [TRT] [V]  (foreignNode)   13, 0.0043008, 1.35621, 0.00000, sm50_xmma_pooling_tiled_FP32NCHW_kMAX_tP2_tQ32_tR2_tS2_tU2_tV2_tUnroll3_tThreads256, 0x64c8cc77ba50e,
[09/08/2026-09:04:55] [TRT] [V]  (foreignNode)    3, 0.0043056, 1.35772, 0.00000, sm50_xmma_pooling_tiled_FP32NCHW_kMAX_tP2_tQ32_tR2_tS2_tU2_tV2_tUnroll4_tThreads256, 0x6be0fd1dba7a4,
[09/08/2026-09:04:55] [TRT] [V]  (foreignNode)    4, 0.0043056, 1.35772, 0.00000, sm50_xmma_pooling_tiled_FP32NCHW_kMAX_tP2_tQ32_tR2_tS2_tU2_tV2_tUnroll7_tThreads256, 0x2efb789daae6f,
[09/08/2026-09:04:55] [TRT] [V]  (foreignNode)    6, 0.0044496, 1.40313, 0.00000, sm50_xmma_pooling_tiled_FP32NCHW_kMAX_tP2_tQ16_tR2_tS2_tU2_tV2_tUnroll3_tThreads128, 0x637977ba0d6e2,
[09/08/2026-09:04:55] [TRT] [V]  (foreignNode)   16, 0.0044496, 1.40313, 0.00000, sm50_xmma_pooling_tiled_FP32NCHW_kMAX_tP2_tQ16_tR2_tS2_tU2_tV2_tUnroll1_tThreads128, 0x2864d40f44906,
[09/08/2026-09:04:55] [TRT] [V]  (foreignNode)    9, 0.0046032, 1.45156, 0.00000, sm50_xmma_pooling_tiled_FP32NCHW_kMAX_tP2_tQ16_tR2_tS2_tU2_tV2_tUnroll8_tThreads128, 0x380c4a94fc854,
[09/08/2026-09:04:55] [TRT] [V]  (foreignNode)   12, 0.0046032, 1.45156, 0.00000, sm50_xmma_pooling_tiled_FP32NCHW_kMAX_tP2_tQ32_tR2_tS2_tU2_tV2_tUnroll8_tThreads256, 0x3ba7abd9d0585,
[09/08/2026-09:04:55] [TRT] [V]  (foreignNode)    2, 0.0046080, 1.45308, 0.00000, sm50_xmma_pooling_tiled_FP32NCHW_kMAX_tP2_tQ32_tR2_tS2_tU2_tV2_tUnroll1_tThreads256, 0x51cb4d25cbb1e,
[09/08/2026-09:04:55] [TRT] [V]  (foreignNode)    1, 0.0047616, 1.50151, 0.00000, sm50_xmma_pooling_nd_NCDHW_kMAX_kGENERIC_3D_POOLING_MODE_kFLOAT_0, 0x613f51227b01b,
[09/08/2026-09:04:55] [TRT] [V]  (foreignNode)    0, 0.0049152, 1.54995, 0.00000, sm50_xmma_pooling_fw_4d_FP32FP32NCHW_Max, 0x2b65065dee694,
[09/08/2026-09:04:55] [TRT] [V]  (foreignNode) Autotuning op node_conv2d_1: [ONNX Layer: node_conv2d_1][ONNX Layer: node_relu_1]
[09/08/2026-09:04:55] [TRT] [V]  (foreignNode) Sorted table of all evaluated tactics:
[09/08/2026-09:04:55] [TRT] [V]  (foreignNode) tactic_id, cost(in ms), cost/fastest_cost, prediction_correlation, kernel_name, tactic_hash, tunable_parameter, conv_w2c_input_fold
[09/08/2026-09:04:55] [TRT] [V]  (foreignNode)   21, 0.0057344, 1.00000, 1.32649, cutlass3x_sm100_tensorop_s128x128x8tf32implicit_gemm_fprop_f32_f32_f32_f32_f32_f32_128x128x32_dyn_cga_ndhwc_ndhwc_ndhwc_align4_2sm_relu_valpha_vbeta, 0x338b9af98fb76, cga={2 4 1 1 2 1 1} , 1
[09/08/2026-09:04:55] [TRT] [V]  (foreignNode)   19, 0.0058368, 1.01786, 1.30215, cutlass3x_sm100_tensorop_s128x128x8tf32implicit_gemm_fprop_f32_f32_f32_f32_f32_f32_128x128x32_dyn_cga_ndhwc_ndhwc_ndhwc_align4_2sm_relu_valpha_vbeta, 0x285cce0d4d43f, cga={0 0 0 1 0 0 1} , 1
[09/08/2026-09:04:55] [TRT] [V]  (foreignNode)   20, 0.0059584, 1.03906, 1.27558, cutlass3x_sm100_tensorop_s128x128x8tf32implicit_gemm_fprop_f32_f32_f32_f32_f32_f32_128x128x32_dyn_cga_ndhwc_ndhwc_ndhwc_align4_2sm_relu_valpha_vbeta, 0x552274bdc9046, cga={2 2 1 1 2 1 1} , 1
[09/08/2026-09:04:55] [TRT] [V]  (foreignNode)   23, 0.0061440, 1.07143, 1.23900, cutlass3x_sm100_tensorop_s128x128x8tf32implicit_gemm_fprop_f32_f32_f32_f32_f32_f32_128x128x32_dyn_cga_ndhwc_ndhwc_ndhwc_align4_2sm_relu_valpha_vbeta, 0x580cce0798e67, cga={2 8 1 1 2 1 1} , 1
[09/08/2026-09:04:55] [TRT] [V]  (foreignNode)   22, 0.0063520, 1.10770, 1.19752, cutlass3x_sm100_tensorop_s128x128x8tf32implicit_gemm_fprop_f32_f32_f32_f32_f32_f32_128x128x32_dyn_cga_ndhwc_ndhwc_ndhwc_align4_2sm_relu_valpha_vbeta, 0x43fce5e7da296, cga={2 2 2 1 2 1 1} , 1
[09/08/2026-09:04:55] [TRT] [V]  (foreignNode)   27, 0.0065600, 1.14397, 1.16181, cutlass3x_sm100_tensorop_s128x128x8tf32implicit_gemm_fprop_f32_f32_f32_f32_f32_f32_128x128x32_dyn_cga_ndhwc_ndhwc_ndhwc_align4_2sm_relu_valpha_vbeta, 0x3d5e8ae1f53f7, cga={2 4 4 1 2 1 1} , 1
[09/08/2026-09:04:55] [TRT] [V]  (foreignNode)   24, 0.0066528, 1.16016, 1.14424, cutlass3x_sm100_tensorop_s128x128x8tf32implicit_gemm_fprop_f32_f32_f32_f32_f32_f32_128x128x32_dyn_cga_ndhwc_ndhwc_ndhwc_align4_2sm_relu_valpha_vbeta, 0x45f4ebc6c497d, cga={2 2 4 1 2 1 1} , 1
[09/08/2026-09:04:55] [TRT] [V]  (foreignNode)   25, 0.0066528, 1.16016, 1.14456, cutlass3x_sm100_tensorop_s128x128x8tf32implicit_gemm_fprop_f32_f32_f32_f32_f32_f32_128x128x32_dyn_cga_ndhwc_ndhwc_ndhwc_align4_2sm_relu_valpha_vbeta, 0x2af9437602943, cga={2 4 2 1 2 1 1} , 1
[09/08/2026-09:04:55] [TRT] [V]  (foreignNode)   55, 0.0067584, 1.17857, 1.55983, cutlass3x_sm100_tensorop_s256x128x8tf32implicit_gemm_fprop_f32_f32_f32_f32_f32_f32_256x128x32_dyn_cga_ndhwc_ndhwc_ndhwc_align4_2sm_relu_valpha_vbeta, 0x2c083b2f88f8a, cga={0 0 0 1 0 0 1} , 1
[09/08/2026-09:04:55] [TRT] [V]  (foreignNode)   59, 0.0067584, 1.17857, 1.56167, cutlass3x_sm100_tensorop_s256x128x8tf32implicit_gemm_fprop_f32_f32_f32_f32_f32_f32_256x128x32_dyn_cga_ndhwc_ndhwc_ndhwc_align4_2sm_relu_valpha_vbeta, 0x30b7029716b7a, cga={2 8 1 1 2 1 1} , 1
[09/08/2026-09:04:55] [TRT] [V]  (foreignNode)   26, 0.0068512, 1.19475, 1.11243, cutlass3x_sm100_tensorop_s128x128x8tf32implicit_gemm_fprop_f32_f32_f32_f32_f32_f32_128x128x32_dyn_cga_ndhwc_ndhwc_ndhwc_align4_2sm_relu_valpha_vbeta, 0x5c77c521341fe, cga={2 8 2 1 2 1 1} , 1
[09/08/2026-09:04:55] [TRT] [V]  (foreignNode)   70, 0.0068544, 1.19531, 1.63257, cutlass3x_sm100_tensorop_s128x256x8tf32implicit_gemm_fprop_f32_f32_f32_f32_f32_f32_128x256x32_dyn_cga_ndhwc_ndhwc_ndhwc_align4_2sm_relu_valpha_vbeta, 0x2d8aa242be81f, cga={2 8 1 1 2 1 1} , 1
[09/08/2026-09:04:55] [TRT] [V]  (foreignNode)   61, 0.0068576, 1.19587, 1.53941, cutlass3x_sm100_tensorop_s256x128x8tf32implicit_gemm_fprop_f32_f32_f32_f32_f32_f32_256x128x32_dyn_cga_ndhwc_ndhwc_ndhwc_align4_2sm_relu_valpha_vbeta, 0x60e59af0f93cf, cga={2 4 2 1 2 1 1} , 1
[09/08/2026-09:04:55] [TRT] [V]  (foreignNode)   57, 0.0068608, 1.19643, 1.53749, cutlass3x_sm100_tensorop_s256x128x8tf32implicit_gemm_fprop_f32_f32_f32_f32_f32_f32_256x128x32_dyn_cga_ndhwc_ndhwc_ndhwc_align4_2sm_relu_valpha_vbeta, 0x5b7ba1b2149ee, cga={2 4 1 1 2 1 1} , 1
[09/08/2026-09:04:55] [TRT] [V]  (foreignNode)   58, 0.0068608, 1.19643, 1.53749, cutlass3x_sm100_tensorop_s256x128x8tf32implicit_gemm_fprop_f32_f32_f32_f32_f32_f32_256x128x32_dyn_cga_ndhwc_ndhwc_ndhwc_align4_2sm_relu_valpha_vbeta, 0x3e4586d4bcf51, cga={2 2 2 1 2 1 1} , 1
[09/08/2026-09:04:55] [TRT] [V]  (foreignNode)   68, 0.0068608, 1.19643, 1.63016, cutlass3x_sm100_tensorop_s128x256x8tf32implicit_gemm_fprop_f32_f32_f32_f32_f32_f32_128x256x32_dyn_cga_ndhwc_ndhwc_ndhwc_align4_2sm_relu_valpha_vbeta, 0x442a1623f91d1, cga={2 4 1 1 2 1 1} , 1
[09/08/2026-09:04:55] [TRT] [V]  (foreignNode)   56, 0.0068640, 1.19699, 1.53583, cutlass3x_sm100_tensorop_s256x128x8tf32implicit_gemm_fprop_f32_f32_f32_f32_f32_f32_256x128x32_dyn_cga_ndhwc_ndhwc_ndhwc_align4_2sm_relu_valpha_vbeta, 0x5285dff98d9f3, cga={2 2 1 1 2 1 1} , 1
[09/08/2026-09:04:55] [TRT] [V]  (foreignNode)   28, 0.0068672, 1.19754, 1.11231, cutlass3x_sm100_tensorop_s128x128x8tf32implicit_gemm_fprop_f32_f32_f32_f32_f32_f32_128x128x32_dyn_cga_ndhwc_ndhwc_ndhwc_align4_2sm_relu_valpha_vbeta, 0x48cd5f15223c5, cga={2 2 8 1 2 1 1} , 1
[09/08/2026-09:04:55] [TRT] [V]  (foreignNode)   66, 0.0069568, 1.21317, 1.60672, cutlass3x_sm100_tensorop_s128x256x8tf32implicit_gemm_fprop_f32_f32_f32_f32_f32_f32_128x256x32_dyn_cga_ndhwc_ndhwc_ndhwc_align4_2sm_relu_valpha_vbeta, 0x5731dc8589652, cga={0 0 0 1 0 0 1} , 1
[09/08/2026-09:04:55] [TRT] [V]  (foreignNode)   72, 0.0069600, 1.21373, 1.60812, cutlass3x_sm100_tensorop_s128x256x8tf32implicit_gemm_fprop_f32_f32_f32_f32_f32_f32_128x256x32_dyn_cga_ndhwc_ndhwc_ndhwc_align4_2sm_relu_valpha_vbeta, 0x4ba4cc8612d29, cga={2 4 2 1 2 1 1} , 1
[09/08/2026-09:04:55] [TRT] [V]  (foreignNode)   60, 0.0069632, 1.21429, 1.51574, cutlass3x_sm100_tensorop_s256x128x8tf32implicit_gemm_fprop_f32_f32_f32_f32_f32_f32_256x128x32_dyn_cga_ndhwc_ndhwc_ndhwc_align4_2sm_relu_valpha_vbeta, 0x5a723f520c9e6, cga={2 2 4 1 2 1 1} , 1
[09/08/2026-09:04:55] [TRT] [V]  (foreignNode)   93, 0.0069632, 1.21429, 1.94054, cutlass3x_sm100_tensorop_s128x128x8tf32implicit_gemm_fprop_f32_f32_f32_f32_f32_f32_128x128x32_dyn_cga_ndhwc_ndhwc_ndhwc_align4_1sm_relu_valpha_vbeta, 0x6d889b7d61107, cga={2 4 2 1 2 1 1} , 1
[09/08/2026-09:04:55] [TRT] [V]  (foreignNode)   67, 0.0069664, 1.21484, 1.60450, cutlass3x_sm100_tensorop_s128x256x8tf32implicit_gemm_fprop_f32_f32_f32_f32_f32_f32_128x256x32_dyn_cga_ndhwc_ndhwc_ndhwc_align4_2sm_relu_valpha_vbeta, 0x30a3eecce76a0, cga={2 2 1 1 2 1 1} , 1
[09/08/2026-09:04:55] [TRT] [V]  (foreignNode)   36, 0.0070432, 1.22824, 1.37855, cutlass3x_sm100_tensorop_s64x128x8tf32implicit_gemm_fprop_f32_f32_f32_f32_f32_f32_64x128x32_dyn_cga_ndhwc_ndhwc_ndhwc_align4_1sm_relu_valpha_vbeta, 0x40ea2fcbc4258, cga={2 2 1 1 2 1 1} , 1
[09/08/2026-09:04:55] [TRT] [V]  (foreignNode)   38, 0.0070624, 1.23158, 1.37570, cutlass3x_sm100_tensorop_s64x128x8tf32implicit_gemm_fprop_f32_f32_f32_f32_f32_f32_64x128x32_dyn_cga_ndhwc_ndhwc_ndhwc_align4_1sm_relu_valpha_vbeta, 0x33a3ef23d0e39, cga={2 4 1 1 2 1 1} , 1
[09/08/2026-09:04:55] [TRT] [V]  (foreignNode)   45, 0.0070624, 1.23158, 1.37684, cutlass3x_sm100_tensorop_s64x128x8tf32implicit_gemm_fprop_f32_f32_f32_f32_f32_f32_64x128x32_dyn_cga_ndhwc_ndhwc_ndhwc_align4_1sm_relu_valpha_vbeta, 0x5b054723190f4, cga={2 4 2 1 2 1 1} , 1
[09/08/2026-09:04:55] [TRT] [V]  (foreignNode)   74, 0.0070624, 1.23158, 1.58583, cutlass3x_sm100_tensorop_s128x256x8tf32implicit_gemm_fprop_f32_f32_f32_f32_f32_f32_128x256x32_dyn_cga_ndhwc_ndhwc_ndhwc_align4_2sm_relu_valpha_vbeta, 0x44ec1d551c946, cga={2 4 4 1 2 1 1} , 1
[09/08/2026-09:04:55] [TRT] [V]  (foreignNode)   62, 0.0070656, 1.23214, 1.49424, cutlass3x_sm100_tensorop_s256x128x8tf32implicit_gemm_fprop_f32_f32_f32_f32_f32_f32_256x128x32_dyn_cga_ndhwc_ndhwc_ndhwc_align4_2sm_relu_valpha_vbeta, 0x2cd14519bae3e, cga={2 2 8 1 2 1 1} , 1
[09/08/2026-09:04:55] [TRT] [V]  (foreignNode)   64, 0.0070656, 1.23214, 1.49510, cutlass3x_sm100_tensorop_s256x128x8tf32implicit_gemm_fprop_f32_f32_f32_f32_f32_f32_256x128x32_dyn_cga_ndhwc_ndhwc_ndhwc_align4_2sm_relu_valpha_vbeta, 0x3f0763c0c4647, cga={2 4 4 1 2 1 1} , 1
[09/08/2026-09:04:55] [TRT] [V]  (foreignNode)   86, 0.0070656, 1.23214, 1.91119, cutlass3x_sm100_tensorop_s128x128x8tf32implicit_gemm_fprop_f32_f32_f32_f32_f32_f32_128x128x32_dyn_cga_ndhwc_ndhwc_ndhwc_align4_1sm_relu_valpha_vbeta, 0x59162f20061ab, cga={2 2 2 1 2 1 1} , 1
[09/08/2026-09:04:55] [TRT] [V]  (foreignNode)   90, 0.0070656, 1.23214, 1.91208, cutlass3x_sm100_tensorop_s128x128x8tf32implicit_gemm_fprop_f32_f32_f32_f32_f32_f32_128x128x32_dyn_cga_ndhwc_ndhwc_ndhwc_align4_1sm_relu_valpha_vbeta, 0x2a0df310453d9, cga={2 4 2 1 1 2 1} , 1
[09/08/2026-09:04:55] [TRT] [V]  (foreignNode)   73, 0.0071584, 1.24833, 1.56457, cutlass3x_sm100_tensorop_s128x256x8tf32implicit_gemm_fprop_f32_f32_f32_f32_f32_f32_128x256x32_dyn_cga_ndhwc_ndhwc_ndhwc_align4_2sm_relu_valpha_vbeta, 0x6305b01e9cdbc, cga={2 8 2 1 2 1 1} , 1
[09/08/2026-09:04:55] [TRT] [V]  (foreignNode)   63, 0.0071648, 1.24944, 1.47440, cutlass3x_sm100_tensorop_s256x128x8tf32implicit_gemm_fprop_f32_f32_f32_f32_f32_f32_256x128x32_dyn_cga_ndhwc_ndhwc_ndhwc_align4_2sm_relu_valpha_vbeta, 0x2990a7a09d869, cga={2 8 2 1 2 1 1} , 1
[09/08/2026-09:04:55] [TRT] [V]  (foreignNode)   71, 0.0071648, 1.24944, 1.56184, cutlass3x_sm100_tensorop_s128x256x8tf32implicit_gemm_fprop_f32_f32_f32_f32_f32_f32_128x256x32_dyn_cga_ndhwc_ndhwc_ndhwc_align4_2sm_relu_valpha_vbeta, 0x35ca6792f5490, cga={2 2 4 1 2 1 1} , 1
[09/08/2026-09:04:55] [TRT] [V]  (foreignNode)   79, 0.0071648, 1.24944, 1.68858, cutlass3x_sm100_tensorop_s128x128x8tf32implicit_gemm_fprop_f32_f32_f32_f32_f32_f32_128x128x32_dyn_cga_ndhwc_ndhwc_ndhwc_align4_1sm_relu_valpha_vbeta, 0x3bbc0347a23e8, cga={0 0 0 1 0 0 1} , 1
[09/08/2026-09:04:55] [TRT] [V]  (foreignNode)   87, 0.0071680, 1.25000, 1.88388, cutlass3x_sm100_tensorop_s128x128x8tf32implicit_gemm_fprop_f32_f32_f32_f32_f32_f32_128x128x32_dyn_cga_ndhwc_ndhwc_ndhwc_align4_1sm_relu_valpha_vbeta, 0x302e4b7ca4807, cga={2 2 2 1 1 2 1} , 1
[09/08/2026-09:04:55] [TRT] [V]  (foreignNode)   83, 0.0071712, 1.25056, 1.88209, cutlass3x_sm100_tensorop_s128x128x8tf32implicit_gemm_fprop_f32_f32_f32_f32_f32_f32_128x128x32_dyn_cga_ndhwc_ndhwc_ndhwc_align4_1sm_relu_valpha_vbeta, 0x3168ecf233768, cga={2 2 1 1 2 1 1} , 1
[09/08/2026-09:04:55] [TRT] [V]  (foreignNode)   80, 0.0071744, 1.25112, 1.68632, cutlass3x_sm100_tensorop_s128x128x8tf32implicit_gemm_fprop_f32_f32_f32_f32_f32_f32_128x128x32_dyn_cga_ndhwc_ndhwc_ndhwc_align4_1sm_relu_valpha_vbeta, 0x47078bc007a52, cga={2 1 1 1 1 1 1} , 1
[09/08/2026-09:04:55] [TRT] [V]  (foreignNode)   43, 0.0072576, 1.26563, 1.33951, cutlass3x_sm100_tensorop_s64x128x8tf32implicit_gemm_fprop_f32_f32_f32_f32_f32_f32_64x128x32_dyn_cga_ndhwc_ndhwc_ndhwc_align4_1sm_relu_valpha_vbeta, 0x62004b46a5148, cga={2 4 2 1 1 2 1} , 1
[09/08/2026-09:04:55] [TRT] [V]  (foreignNode)   32, 0.0072704, 1.26786, 1.27169, cutlass3x_sm100_tensorop_s64x128x8tf32implicit_gemm_fprop_f32_f32_f32_f32_f32_f32_64x128x32_dyn_cga_ndhwc_ndhwc_ndhwc_align4_1sm_relu_valpha_vbeta, 0x4f48fad0f2fe4, cga={2 1 1 1 1 1 1} , 1
[09/08/2026-09:04:55] [TRT] [V]  (foreignNode)   42, 0.0072704, 1.26786, 1.33715, cutlass3x_sm100_tensorop_s64x128x8tf32implicit_gemm_fprop_f32_f32_f32_f32_f32_f32_64x128x32_dyn_cga_ndhwc_ndhwc_ndhwc_align4_1sm_relu_valpha_vbeta, 0x3dd921239daea, cga={2 8 1 1 2 1 1} , 1
[09/08/2026-09:04:55] [TRT] [V]  (foreignNode)   69, 0.0072704, 1.26786, 1.53832, cutlass3x_sm100_tensorop_s128x256x8tf32implicit_gemm_fprop_f32_f32_f32_f32_f32_f32_128x256x32_dyn_cga_ndhwc_ndhwc_ndhwc_align4_2sm_relu_valpha_vbeta, 0x45e6226562935, cga={2 2 2 1 2 1 1} , 1
[09/08/2026-09:04:55] [TRT] [V]  (foreignNode)   75, 0.0072704, 1.26786, 1.54293, cutlass3x_sm100_tensorop_s128x256x8tf32implicit_gemm_fprop_f32_f32_f32_f32_f32_f32_128x256x32_dyn_cga_ndhwc_ndhwc_ndhwc_align4_2sm_relu_valpha_vbeta, 0x66a090dd24c6d, cga={2 2 8 1 2 1 1} , 1
[09/08/2026-09:04:55] [TRT] [V]  (foreignNode)   85, 0.0072704, 1.26786, 1.85735, cutlass3x_sm100_tensorop_s128x128x8tf32implicit_gemm_fprop_f32_f32_f32_f32_f32_f32_128x128x32_dyn_cga_ndhwc_ndhwc_ndhwc_align4_1sm_relu_valpha_vbeta, 0x3ab86b967c477, cga={2 4 1 1 2 1 1} , 1
[09/08/2026-09:04:55] [TRT] [V]  (foreignNode)   89, 0.0072704, 1.26786, 1.85822, cutlass3x_sm100_tensorop_s128x128x8tf32implicit_gemm_fprop_f32_f32_f32_f32_f32_f32_128x128x32_dyn_cga_ndhwc_ndhwc_ndhwc_align4_1sm_relu_valpha_vbeta, 0x416159919669a, cga={2 8 1 1 2 1 1} , 1
[09/08/2026-09:04:55] [TRT] [V]  (foreignNode)   94, 0.0072704, 1.26786, 1.85855, cutlass3x_sm100_tensorop_s128x128x8tf32implicit_gemm_fprop_f32_f32_f32_f32_f32_f32_128x128x32_dyn_cga_ndhwc_ndhwc_ndhwc_align4_1sm_relu_valpha_vbeta, 0x56ff9de33d739, cga={2 2 4 1 1 2 1} , 1
[09/08/2026-09:04:55] [TRT] [V]  (foreignNode)   96, 0.0072704, 1.26786, 1.85870, cutlass3x_sm100_tensorop_s128x128x8tf32implicit_gemm_fprop_f32_f32_f32_f32_f32_f32_128x128x32_dyn_cga_ndhwc_ndhwc_ndhwc_align4_1sm_relu_valpha_vbeta, 0x674596db78404, cga={2 2 8 1 2 1 1} , 1
[09/08/2026-09:04:55] [TRT] [V]  (foreignNode)   91, 0.0072800, 1.26953, 1.85577, cutlass3x_sm100_tensorop_s128x128x8tf32implicit_gemm_fprop_f32_f32_f32_f32_f32_f32_128x128x32_dyn_cga_ndhwc_ndhwc_ndhwc_align4_1sm_relu_valpha_vbeta, 0x33953521c260e, cga={2 2 4 1 2 1 1} , 1
[09/08/2026-09:04:55] [TRT] [V]  (foreignNode)   31, 0.0073696, 1.28516, 1.25457, cutlass3x_sm100_tensorop_s64x128x8tf32implicit_gemm_fprop_f32_f32_f32_f32_f32_f32_64x128x32_dyn_cga_ndhwc_ndhwc_ndhwc_align4_1sm_relu_valpha_vbeta, 0x33447fefd2be2, cga={0 0 0 1 0 0 1} , 1
[09/08/2026-09:04:55] [TRT] [V]  (foreignNode)   49, 0.0073728, 1.28571, 1.31982, cutlass3x_sm100_tensorop_s64x128x8tf32implicit_gemm_fprop_f32_f32_f32_f32_f32_f32_64x128x32_dyn_cga_ndhwc_ndhwc_ndhwc_align4_1sm_relu_valpha_vbeta, 0x49d1dc8677b35, cga={2 4 4 1 2 1 1} , 1
[09/08/2026-09:04:55] [TRT] [V]  (foreignNode)   52, 0.0073760, 1.28627, 1.32160, cutlass3x_sm100_tensorop_s64x128x8tf32implicit_gemm_fprop_f32_f32_f32_f32_f32_f32_64x128x32_dyn_cga_ndhwc_ndhwc_ndhwc_align4_1sm_relu_valpha_vbeta, 0x519d4b93e9908, cga={2 2 8 1 2 1 1} , 1
[09/08/2026-09:04:55] [TRT] [V]  (foreignNode)   84, 0.0073760, 1.28627, 1.82983, cutlass3x_sm100_tensorop_s128x128x8tf32implicit_gemm_fprop_f32_f32_f32_f32_f32_f32_128x128x32_dyn_cga_ndhwc_ndhwc_ndhwc_align4_1sm_relu_valpha_vbeta, 0x54d46c6a17bfb, cga={2 1 2 1 1 2 1} , 1
[09/08/2026-09:04:55] [TRT] [V]  (foreignNode)   40, 0.0073792, 1.28683, 1.31663, cutlass3x_sm100_tensorop_s64x128x8tf32implicit_gemm_fprop_f32_f32_f32_f32_f32_f32_64x128x32_dyn_cga_ndhwc_ndhwc_ndhwc_align4_1sm_relu_valpha_vbeta, 0x49ddb3089dcf6, cga={2 2 2 1 1 2 1} , 1
[09/08/2026-09:04:55] [TRT] [V]  (foreignNode)   47, 0.0074528, 1.29967, 1.30485, cutlass3x_sm100_tensorop_s64x128x8tf32implicit_gemm_fprop_f32_f32_f32_f32_f32_f32_64x128x32_dyn_cga_ndhwc_ndhwc_ndhwc_align4_1sm_relu_valpha_vbeta, 0x6648f2426a146, cga={2 8 2 1 1 2 1} , 1
[09/08/2026-09:04:55] [TRT] [V]  (foreignNode)   50, 0.0074720, 1.30301, 1.30230, cutlass3x_sm100_tensorop_s64x128x8tf32implicit_gemm_fprop_f32_f32_f32_f32_f32_f32_64x128x32_dyn_cga_ndhwc_ndhwc_ndhwc_align4_1sm_relu_valpha_vbeta, 0x4a59bde2a886a, cga={2 4 4 1 1 2 1} , 1
[09/08/2026-09:04:55] [TRT] [V]  (foreignNode)   92, 0.0074752, 1.30357, 1.80731, cutlass3x_sm100_tensorop_s128x128x8tf32implicit_gemm_fprop_f32_f32_f32_f32_f32_f32_128x128x32_dyn_cga_ndhwc_ndhwc_ndhwc_align4_1sm_relu_valpha_vbeta, 0x33b89fe319a2f, cga={2 1 8 1 1 2 1} , 1
[09/08/2026-09:04:55] [TRT] [V]  (foreignNode)   98, 0.0074752, 1.30357, 1.80864, cutlass3x_sm100_tensorop_s128x128x8tf32implicit_gemm_fprop_f32_f32_f32_f32_f32_f32_128x128x32_dyn_cga_ndhwc_ndhwc_ndhwc_align4_1sm_relu_valpha_vbeta, 0x48bab4fbb4f10, cga={2 4 4 1 2 1 1} , 1
[09/08/2026-09:04:55] [TRT] [V]  (foreignNode)   99, 0.0074752, 1.30357, 1.80864, cutlass3x_sm100_tensorop_s128x128x8tf32implicit_gemm_fprop_f32_f32_f32_f32_f32_f32_128x128x32_dyn_cga_ndhwc_ndhwc_ndhwc_align4_1sm_relu_valpha_vbeta, 0x2ae2146694f29, cga={2 4 4 1 1 2 1} , 1
[09/08/2026-09:04:55] [TRT] [V]  (foreignNode)   39, 0.0075744, 1.32087, 1.28270, cutlass3x_sm100_tensorop_s64x128x8tf32implicit_gemm_fprop_f32_f32_f32_f32_f32_f32_64x128x32_dyn_cga_ndhwc_ndhwc_ndhwc_align4_1sm_relu_valpha_vbeta, 0x432043c145eeb, cga={2 2 2 1 2 1 1} , 1
[09/08/2026-09:04:55] [TRT] [V]  (foreignNode)   53, 0.0075744, 1.32087, 1.28857, cutlass3x_sm100_tensorop_s64x128x8tf32implicit_gemm_fprop_f32_f32_f32_f32_f32_f32_64x128x32_dyn_cga_ndhwc_ndhwc_ndhwc_align4_1sm_relu_valpha_vbeta, 0x4bc31390a3a59, cga={2 2 8 1 1 2 1} , 1
[09/08/2026-09:04:55] [TRT] [V]  (foreignNode)   88, 0.0075744, 1.32087, 1.78280, cutlass3x_sm100_tensorop_s128x128x8tf32implicit_gemm_fprop_f32_f32_f32_f32_f32_f32_128x128x32_dyn_cga_ndhwc_ndhwc_ndhwc_align4_1sm_relu_valpha_vbeta, 0x46806c43e89ea, cga={2 1 4 1 1 2 1} , 1
[09/08/2026-09:04:55] [TRT] [V]  (foreignNode)   51, 0.0075776, 1.32143, 1.28559, cutlass3x_sm100_tensorop_s64x128x8tf32implicit_gemm_fprop_f32_f32_f32_f32_f32_f32_64x128x32_dyn_cga_ndhwc_ndhwc_ndhwc_align4_1sm_relu_valpha_vbeta, 0x3c1d877c093a1, cga={2 1 8 1 1 2 1} , 1
[09/08/2026-09:04:55] [TRT] [V]  (foreignNode)   41, 0.0075808, 1.32199, 1.28162, cutlass3x_sm100_tensorop_s64x128x8tf32implicit_gemm_fprop_f32_f32_f32_f32_f32_f32_64x128x32_dyn_cga_ndhwc_ndhwc_ndhwc_align4_1sm_relu_valpha_vbeta, 0x2bf165fc73e3a, cga={2 1 4 1 1 2 1} , 1
[09/08/2026-09:04:55] [TRT] [V]  (foreignNode)   48, 0.0076608, 1.33594, 1.27021, cutlass3x_sm100_tensorop_s64x128x8tf32implicit_gemm_fprop_f32_f32_f32_f32_f32_f32_64x128x32_dyn_cga_ndhwc_ndhwc_ndhwc_align4_1sm_relu_valpha_vbeta, 0x5017e86f40276, cga={2 8 2 1 2 1 1} , 1
[09/08/2026-09:04:55] [TRT] [V]  (foreignNode)   46, 0.0076672, 1.33705, 1.26823, cutlass3x_sm100_tensorop_s64x128x8tf32implicit_gemm_fprop_f32_f32_f32_f32_f32_f32_64x128x32_dyn_cga_ndhwc_ndhwc_ndhwc_align4_1sm_relu_valpha_vbeta, 0x3dc1159fd791f, cga={2 2 4 1 1 2 1} , 1
[09/08/2026-09:04:55] [TRT] [V]  (foreignNode)   95, 0.0076704, 1.33761, 1.76177, cutlass3x_sm100_tensorop_s128x128x8tf32implicit_gemm_fprop_f32_f32_f32_f32_f32_f32_128x128x32_dyn_cga_ndhwc_ndhwc_ndhwc_align4_1sm_relu_valpha_vbeta, 0x48d6c72844443, cga={2 8 2 1 1 2 1} , 1
[09/08/2026-09:04:55] [TRT] [V]  (foreignNode)   97, 0.0076768, 1.33873, 1.76114, cutlass3x_sm100_tensorop_s128x128x8tf32implicit_gemm_fprop_f32_f32_f32_f32_f32_f32_128x128x32_dyn_cga_ndhwc_ndhwc_ndhwc_align4_1sm_relu_valpha_vbeta, 0x29313f72882de, cga={2 8 2 1 2 1 1} , 1
[09/08/2026-09:04:55] [TRT] [V]  (foreignNode)   37, 0.0076800, 1.33929, 1.26424, cutlass3x_sm100_tensorop_s64x128x8tf32implicit_gemm_fprop_f32_f32_f32_f32_f32_f32_64x128x32_dyn_cga_ndhwc_ndhwc_ndhwc_align4_1sm_relu_valpha_vbeta, 0x5d7223c6c14c7, cga={2 1 2 1 1 2 1} , 1
[09/08/2026-09:04:55] [TRT] [V]  (foreignNode)   44, 0.0076800, 1.33929, 1.26583, cutlass3x_sm100_tensorop_s64x128x8tf32implicit_gemm_fprop_f32_f32_f32_f32_f32_f32_64x128x32_dyn_cga_ndhwc_ndhwc_ndhwc_align4_1sm_relu_valpha_vbeta, 0x3018fc1ff22a1, cga={2 2 4 1 2 1 1} , 1
[09/08/2026-09:04:55] [TRT] [V]  (foreignNode)    4, 0.0130016, 2.26730, 0.02571, sm80_xmma_fprop_implicit_gemm_f32f32_tf32f32_f32_nhwckrsc_nhwc_tilesize64x32x64_stage5_warpsize2x2x1_g1_tensor16x8x8_t1r5s5, 0x59bdfea7a7d69, , 0
[09/08/2026-09:04:55] [TRT] [V]  (foreignNode)    2, 0.0138240, 2.41071, 0.01223, sm80_xmma_fprop_implicit_gemm_f32f32_tf32f32_f32_nhwckrsc_nhwc_tilesize64x128x32_stage5_warpsize2x2x1_g1_tensor16x8x8_t1r5s5, 0x4aebcb5203240, , 0
[09/08/2026-09:04:55] [TRT] [V]  (foreignNode)    5, 0.0144448, 2.51897, 0.02579, sm80_xmma_fprop_implicit_gemm_f32f32_tf32f32_f32_nhwckrsc_nhwc_tilesize128x64x32_stage5_warpsize2x2x1_g1_tensor16x8x8_t1r5s5, 0x6a58df657dcaa, , 0
[09/08/2026-09:04:55] [TRT] [V]  (foreignNode)   35, 0.0146432, 2.55357, 0.65712, sm80_xmma_fprop_implicit_gemm_indexed_f32f32_tf32f32_f32_nhwckrsc_nhwc_tilesize64x32x64_stage5_warpsize2x2x1_g1_tensor16x8x8, 0x338165085891a, , 0
[09/08/2026-09:04:55] [TRT] [V]  (foreignNode)   77, 0.0150560, 2.62556, 0.76177, sm80_xmma_fprop_implicit_gemm_indexed_wo_smem_f32f32_tf32f32_f32_nhwckrsc_nhwc_tilesize128x16x64_stage1_warpsize4x1x1_g1_tensor16x8x8, 0x60025a7b802e9, , 0
[09/08/2026-09:04:55] [TRT] [V]  (foreignNode)   82, 0.0153600, 2.67857, 0.79347, sm80_xmma_fprop_implicit_gemm_indexed_wo_smem_f32f32_tf32f32_f32_nhwckrsc_nhwc_tilesize128x16x64_stage1_warpsize4x1x1_g1_tensor16x8x8_alignc4, 0x6234eae9821b8, , 0
[09/08/2026-09:04:55] [TRT] [V]  (foreignNode)    6, 0.0165792, 2.89118, 0.02420, sm80_xmma_fprop_implicit_gemm_f32f32_tf32f32_f32_nhwckrsc_nhwc_tilesize64x64x64_stage4_warpsize2x2x1_g1_tensor16x8x8_t1r5s5, 0x2b3f208d97ae7, , 0
[09/08/2026-09:04:55] [TRT] [V]  (foreignNode)   76, 0.0168960, 2.94643, 0.66417, sm80_xmma_fprop_implicit_gemm_indexed_f32f32_tf32f32_f32_nhwckrsc_nhwc_tilesize64x64x64_stage4_warpsize2x2x1_g1_tensor16x8x8, 0x40a10ceade816, , 0
[09/08/2026-09:04:55] [TRT] [V]  (foreignNode)    7, 0.0188880, 3.29381, 0.02440, sm80_xmma_fprop_implicit_gemm_f32f32_tf32f32_f32_nhwckrsc_nchw_tilesize64x32x64_stage5_warpsize2x2x1_g1_tensor16x8x8_t1r5s5_alignc4, 0x54d3783756be3, , 0
[09/08/2026-09:04:55] [TRT] [V]  (foreignNode)   29, 0.0201696, 3.51730, 0.42561, sm80_xmma_fprop_implicit_gemm_f32f32_f32f32_f32_nhwckrsc_nhwc_tilesize32x32x8_stage3_warpsize1x2x1_g1_ffma_aligna4_alignc4, 0x5a0eb69e547e0, , 0
[09/08/2026-09:04:55] [TRT] [V]  (foreignNode)   33, 0.0211968, 3.69643, 0.44020, sm80_xmma_fprop_implicit_gemm_indexed_f32f32_f32f32_f32_nhwckrsc_nhwc_tilesize32x32x8_stage3_warpsize1x2x1_g1_ffma_aligna4_alignc4, 0x3d4cb2024beeb, , 0
[09/08/2026-09:04:55] [TRT] [V]  (foreignNode)   18, 0.0212000, 3.69699, 0.30452, sm80_xmma_fprop_implicit_gemm_f32f32_tf32f32_f32_nhwckrsc_nhwc_tilesize128x128x16_stage4_warpsize2x2x1_g1_tensor16x8x8_t1r5s5, 0x5cb502aeee094, , 0
[09/08/2026-09:04:55] [TRT] [V]  (foreignNode)    3, 0.0228864, 3.99107, 0.00856, sm80_xmma_fprop_implicit_gemm_f32f32_tf32f32_f32_nhwckrsc_nchw_tilesize128x64x32_stage5_warpsize2x2x1_g1_tensor16x8x8_t1r5s5_alignc4, 0x615e157303686, , 0
[09/08/2026-09:04:55] [TRT] [V]  (foreignNode)   14, 0.0234496, 4.08929, 0.10902, sm80_xmma_fprop_implicit_gemm_f32f32_tf32f32_f32_nhwckrsc_nhwc_tilesize256x64x32_stage3_warpsize4x2x1_g1_tensor16x8x8_t1r5s5, 0x2d318137dabe5, , 0
[09/08/2026-09:04:55] [TRT] [V]  (foreignNode)    1, 0.0238032, 4.15095, 0.00521, sm80_xmma_fprop_implicit_gemm_f32f32_tf32f32_f32_nhwckrsc_nchw_tilesize64x128x32_stage5_warpsize2x2x1_g1_tensor16x8x8_t1r5s5_alignc4, 0x586e755fb164c, , 0
[09/08/2026-09:04:55] [TRT] [V]  (foreignNode)   34, 0.0238080, 4.15179, 0.40306, sm80_xmma_fprop_implicit_gemm_indexed_f32f32_tf32f32_f32_nhwckrsc_nchw_tilesize64x32x64_stage5_warpsize2x2x1_g1_tensor16x8x8_alignc4, 0x5f268b74d7eee, , 0
[09/08/2026-09:04:55] [TRT] [V]  (foreignNode)    8, 0.0242656, 4.23159, 0.01958, sm80_xmma_fprop_implicit_gemm_f32f32_tf32f32_f32_nhwckrsc_nhwc_tilesize128x128x32_stage4_warpsize2x2x1_g1_tensor16x8x8_t1r5s5, 0x67d95ea2715af, , 0
[09/08/2026-09:04:55] [TRT] [V]  (foreignNode)    9, 0.0258000, 4.49916, 0.01941, sm80_xmma_fprop_implicit_gemm_f32f32_tf32f32_f32_nhwckrsc_nchw_tilesize64x64x64_stage4_warpsize2x2x1_g1_tensor16x8x8_t1r5s5_alignc4, 0x688696e874812, , 0
[09/08/2026-09:04:55] [TRT] [V]  (foreignNode)   81, 0.0268752, 4.68666, 0.45304, sm80_xmma_fprop_implicit_gemm_indexed_f32f32_tf32f32_f32_nhwckrsc_nchw_tilesize64x64x64_stage4_warpsize2x2x1_g1_tensor16x8x8_alignc4, 0x5582301196a32, , 0
[09/08/2026-09:04:55] [TRT] [V]  (foreignNode)   11, 0.0269312, 4.69643, 0.02532, sm80_xmma_fprop_implicit_gemm_f32f32_tf32f32_f32_nhwckrsc_nhwc_tilesize128x64x64_stage3_warpsize2x2x1_g1_tensor16x8x8_t1r5s5, 0x2dd48042b6066, , 0
[09/08/2026-09:04:55] [TRT] [V]  (foreignNode)   30, 0.0336384, 5.86607, 0.27224, sm80_xmma_fprop_implicit_gemm_f32f32_f32f32_f32_nchwkcrs_nchw_tilesize32x32x8_stage3_warpsize1x2x1_g1_ffma_aligna4_alignc4, 0x47d7e95cee988, , 0
[09/08/2026-09:04:55] [TRT] [V]  (foreignNode)   13, 0.0344112, 6.00084, 0.05206, sm80_xmma_fprop_implicit_gemm_f32f32_tf32f32_f32_nhwckrsc_nchw_tilesize256x64x32_stage3_warpsize4x2x1_g1_tensor16x8x8_t1r5s5_alignc4, 0x30a5d44552db2, , 0
[09/08/2026-09:04:55] [TRT] [V]  (foreignNode)   15, 0.0345648, 6.02762, 0.11777, sm80_xmma_fprop_implicit_gemm_f32f32_tf32f32_f32_nhwckrsc_nchw_tilesize128x128x16_stage4_warpsize2x2x1_g1_tensor16x8x8_t1r5s5_alignc4, 0x64a5bc9cfe0be, , 0
[09/08/2026-09:04:55] [TRT] [V]  (foreignNode)   65, 0.0360416, 6.28516, 0.30151, sm80_xmma_fprop_implicit_gemm_f32f32_tf32f32_f32_nhwckrsc_nhwc_tilesize128x256x32_stage3_warpsize2x4x1_g1_tensor16x8x8_t1r5s5, 0x3b10a86956171, , 0
[09/08/2026-09:04:55] [TRT] [V]  (foreignNode)   54, 0.0363520, 6.33929, 0.27840, sm80_xmma_fprop_implicit_gemm_f32f32_tf32f32_f32_nhwckrsc_nhwc_tilesize256x128x32_stage3_warpsize4x2x1_g1_tensor16x8x8_t1r5s5, 0x3b1f9bd070fa0, , 0
[09/08/2026-09:04:55] [TRT] [V]  (foreignNode)   10, 0.0382512, 6.67048, 0.01571, sm80_xmma_fprop_implicit_gemm_f32f32_tf32f32_f32_nhwckrsc_nchw_tilesize128x64x64_stage3_warpsize2x2x1_g1_tensor16x8x8_t1r5s5_alignc4, 0x48512b62cf88f, , 0
[09/08/2026-09:04:55] [TRT] [V]  (foreignNode)   12, 0.0428496, 7.47238, 0.01678, sm80_xmma_fprop_implicit_gemm_f32f32_tf32f32_f32_nhwckrsc_nchw_tilesize128x128x32_stage4_warpsize2x2x1_g1_tensor16x8x8_t1r5s5_alignc4, 0x3e2a39739eeed, , 0
[09/08/2026-09:04:55] [TRT] [V]  (foreignNode)   78, 0.0508416, 8.86607, 0.22691, sm80_xmma_fprop_implicit_gemm_indexed_f32f32_f32f32_f32_nchwkcrs_nchw_tilesize32x32x8_stage3_warpsize1x2x1_g1_ffma_aligna4_alignc4, 0x30203ca254bcf, , 0
[09/08/2026-09:04:55] [TRT] [V]  (foreignNode)   17, 0.0569856, 9.93750, 0.08826, sm80_xmma_fprop_implicit_gemm_f32f32_tf32f32_f32_nhwckrsc_nchw_tilesize128x256x32_stage3_warpsize2x4x1_g1_tensor16x8x8_t1r5s5_alignc4, 0x37803b8af7e5a, , 0
[09/08/2026-09:04:55] [TRT] [V]  (foreignNode)   16, 0.0579024, 10.09738, 0.07341, sm80_xmma_fprop_implicit_gemm_f32f32_tf32f32_f32_nhwckrsc_nchw_tilesize256x128x32_stage3_warpsize4x2x1_g1_tensor16x8x8_t1r5s5_alignc4, 0x5779c54eff1c5, , 0
[09/08/2026-09:04:55] [TRT] [V]  (foreignNode)    0, 0.1740800, 30.35714, 0.00007, sm80_xmma_fprop_implicit_gemm_f32f32_f32f32_f32_nhwckrsc_nhwc_tilesize64x32x32_stage3_warpsize1x1x1_g1_ffma_t1r5s5_aligna4_alignc4, 0x56237ba1a6097, , 0
[09/08/2026-09:04:55] [TRT] [V]  (foreignNode) Autotuning op node_max_pool2d_1: [ONNX Layer: node_max_pool2d_1]
[09/08/2026-09:04:55] [TRT] [V]  (foreignNode) Sorted table of all evaluated tactics:
[09/08/2026-09:04:55] [TRT] [V]  (foreignNode) tactic_id, cost(in ms), cost/fastest_cost, prediction_correlation, kernel_name, tactic_hash, tunable_parameter
[09/08/2026-09:04:55] [TRT] [V]  (foreignNode)   22, 0.0032672, 1.00000, 0.00000, sm50_xmma_pooling_max_nhwc_FP32FP32_WINDOWSIZE_0_PROPAGATE_NAN_2D, 0x3dd9bff0e8c14,
[09/08/2026-09:04:55] [TRT] [V]  (foreignNode)   21, 0.0032768, 1.00294, 0.00000, sm50_xmma_pooling_max_nhwc_FP32FP32_WINDOWSIZE_0_PROPAGATE_NAN_3D, 0x6177346d98061,
[09/08/2026-09:04:55] [TRT] [V]  (foreignNode)   20, 0.0034784, 1.06464, 0.00000, sm50_xmma_pooling_fw_4d_FP32FP32NHWC_Max_CAlign4, 0x3da7f3d2dcdcd,
[09/08/2026-09:04:55] [TRT] [V]  (foreignNode)   19, 0.0034816, 1.06562, 0.00000, sm50_xmma_pooling_max_nhwc_FP32FP32_WINDOWSIZE_0_NOT_PROPAGATE_NAN_2D, 0x601752c5587a9,
[09/08/2026-09:04:55] [TRT] [V]  (foreignNode)   18, 0.0035840, 1.09696, 0.00000, sm50_xmma_pooling_max_nhwc_FP32FP32_WINDOWSIZE_0_NOT_PROPAGATE_NAN_3D, 0x4dade819934e3,
[09/08/2026-09:04:55] [TRT] [V]  (foreignNode)    7, 0.0041472, 1.26934, 0.00000, sm50_xmma_pooling_tiled_FP32NCHW_kMAX_tP2_tQ16_tR2_tS2_tU2_tV2_tUnroll2_tThreads128, 0x5994346401f70,
[09/08/2026-09:04:55] [TRT] [V]  (foreignNode)   15, 0.0041520, 1.27081, 0.00000, sm50_xmma_pooling_tiled_FP32NCHW_kMAX_tP2_tQ16_tR2_tS2_tU2_tV2_tUnroll4_tThreads128, 0x304f0f2939286,
[09/08/2026-09:04:55] [TRT] [V]  (foreignNode)   10, 0.0042960, 1.31489, 0.00000, sm50_xmma_pooling_tiled_FP32NCHW_kMAX_tP2_tQ16_tR2_tS2_tU2_tV2_tUnroll7_tThreads128, 0x5ea03d00b15e0,
[09/08/2026-09:04:55] [TRT] [V]  (foreignNode)    5, 0.0043008, 1.31636, 0.00000, sm50_xmma_pooling_tiled_FP32NCHW_kMAX_tP2_tQ32_tR2_tS2_tU2_tV2_tUnroll2_tThreads256, 0x438ad4d9d8485,
[09/08/2026-09:04:55] [TRT] [V]  (foreignNode)    6, 0.0043008, 1.31636, 0.00000, sm50_xmma_pooling_tiled_FP32NCHW_kMAX_tP2_tQ16_tR2_tS2_tU2_tV2_tUnroll3_tThreads128, 0x395ae2b091f44,
[09/08/2026-09:04:55] [TRT] [V]  (foreignNode)   11, 0.0043008, 1.31636, 0.00000, sm50_xmma_pooling_tiled_FP32NCHW_kMAX_tP2_tQ16_tR2_tS2_tU2_tV2_tUnroll6_tThreads128, 0x4b6404544edf2,
[09/08/2026-09:04:55] [TRT] [V]  (foreignNode)   14, 0.0043008, 1.31636, 0.00000, sm50_xmma_pooling_tiled_FP32NCHW_kMAX_tP2_tQ32_tR2_tS2_tU2_tV2_tUnroll5_tThreads256, 0x65ece6dbe7db4,
[09/08/2026-09:04:55] [TRT] [V]  (foreignNode)   17, 0.0043008, 1.31636, 0.00000, sm50_xmma_pooling_tiled_FP32NCHW_kMAX_tP2_tQ32_tR2_tS2_tU2_tV2_tUnroll6_tThreads256, 0x4c0508fb8011a,
[09/08/2026-09:04:55] [TRT] [V]  (foreignNode)    3, 0.0043056, 1.31783, 0.00000, sm50_xmma_pooling_tiled_FP32NCHW_kMAX_tP2_tQ32_tR2_tS2_tU2_tV2_tUnroll4_tThreads256, 0x4ca6630b8b8ab,
[09/08/2026-09:04:55] [TRT] [V]  (foreignNode)   13, 0.0043056, 1.31783, 0.00000, sm50_xmma_pooling_tiled_FP32NCHW_kMAX_tP2_tQ32_tR2_tS2_tU2_tV2_tUnroll3_tThreads256, 0x4a75b59f583e1,
[09/08/2026-09:04:55] [TRT] [V]  (foreignNode)   12, 0.0044496, 1.36190, 0.00000, sm50_xmma_pooling_tiled_FP32NCHW_kMAX_tP2_tQ32_tR2_tS2_tU2_tV2_tUnroll8_tThreads256, 0x34c1d253bb2da,
[09/08/2026-09:04:55] [TRT] [V]  (foreignNode)    4, 0.0044544, 1.36337, 0.00000, sm50_xmma_pooling_tiled_FP32NCHW_kMAX_tP2_tQ32_tR2_tS2_tU2_tV2_tUnroll7_tThreads256, 0x4580c17baa2c1,
[09/08/2026-09:04:55] [TRT] [V]  (foreignNode)    8, 0.0044544, 1.36337, 0.00000, sm50_xmma_pooling_tiled_FP32NCHW_kMAX_tP2_tQ16_tR2_tS2_tU2_tV2_tUnroll5_tThreads128, 0x617e7b7086c5e,
[09/08/2026-09:04:55] [TRT] [V]  (foreignNode)    2, 0.0045984, 1.40744, 0.00000, sm50_xmma_pooling_tiled_FP32NCHW_kMAX_tP2_tQ32_tR2_tS2_tU2_tV2_tUnroll1_tThreads256, 0x38ba3506f51b9,
[09/08/2026-09:04:55] [TRT] [V]  (foreignNode)    9, 0.0046032, 1.40891, 0.00000, sm50_xmma_pooling_tiled_FP32NCHW_kMAX_tP2_tQ16_tR2_tS2_tU2_tV2_tUnroll8_tThreads128, 0x5811697597400,
[09/08/2026-09:04:55] [TRT] [V]  (foreignNode)   16, 0.0046032, 1.40891, 0.00000, sm50_xmma_pooling_tiled_FP32NCHW_kMAX_tP2_tQ16_tR2_tS2_tU2_tV2_tUnroll1_tThreads128, 0x42f5ff24d5421,
[09/08/2026-09:04:55] [TRT] [V]  (foreignNode)    0, 0.0049056, 1.50147, 0.00000, sm50_xmma_pooling_fw_4d_FP32FP32NCHW_Max, 0x4ba9759a52761,
[09/08/2026-09:04:55] [TRT] [V]  (foreignNode)    1, 0.0049152, 1.50441, 0.00000, sm50_xmma_pooling_nd_NCDHW_kMAX_kGENERIC_3D_POOLING_MODE_kFLOAT_0, 0x5c2957edc3f23,
[09/08/2026-09:04:55] [TRT] [V]  (foreignNode) Autotuning op node_linear: [ONNX Layer: node_linear][ONNX Layer: node_relu_2]
[09/08/2026-09:04:55] [TRT] [V]  (foreignNode) Sorted table of all evaluated tactics:
[09/08/2026-09:04:55] [TRT] [V]  (foreignNode) tactic_id, cost(in ms), cost/fastest_cost, prediction_correlation, kernel_name, tactic_hash, tunable_parameter
[09/08/2026-09:04:55] [TRT] [V]  (foreignNode)    1, 0.0101344, 1.00000, 0.58333, sm80_xmma_gemm_f32f32_tf32f32_f32_tn_n_tilesize32x32x64_stage3_warpsize2x1x2_tensor16x8x8, 0x4754af3ee6112,
[09/08/2026-09:04:55] [TRT] [V]  (foreignNode)   45, 0.0109536, 1.08083, 0.74887, sm86_xmma_gemm_f32f32_tf32f32_f32_nn_n_tilesize32x32x64_stage6_warpsize2x2x1_tensor16x8x8, 0x5f006fb224208,
[09/08/2026-09:04:55] [TRT] [V]  (foreignNode)    3, 0.0109600, 1.08147, 0.55403, sm80_xmma_gemm_f32f32_tf32f32_f32_nn_n_tilesize32x32x64_stage3_warpsize2x1x2_tensor16x8x8, 0x601ffa534e573,
[09/08/2026-09:04:55] [TRT] [V]  (foreignNode)    4, 0.0111616, 1.10136, 0.55519, sm80_xmma_gemm_f32f32_tf32f32_f32_tn_n_tilesize32x32x64_stage3_warpsize2x1x2_tensor16x8x8, 0x2c80ce2f5c4a6,
[09/08/2026-09:04:55] [TRT] [V]  (foreignNode)   43, 0.0111616, 1.10136, 0.73474, sm80_xmma_gemm_f32f32_tf32f32_f32_tn_n_tilesize64x32x64_stage4_warpsize2x1x2_tensor16x8x8, 0x53bebff85b741,
[09/08/2026-09:04:55] [TRT] [V]  (foreignNode)   37, 0.0111744, 1.10262, 0.71551, sm86_xmma_gemm_f32f32_tf32f32_f32_tn_n_tilesize32x32x64_stage6_warpsize2x2x1_tensor16x8x8, 0x49440904257ce,
[09/08/2026-09:04:55] [TRT] [V]  (foreignNode)    6, 0.0113632, 1.12125, 0.54886, sm80_xmma_gemm_f32f32_tf32f32_f32_tn_n_tilesize32x32x64_stage3_warpsize2x1x2_tensor16x8x8, 0x52fcf3eb82c1f,
[09/08/2026-09:04:55] [TRT] [V]  (foreignNode)    7, 0.0113664, 1.12157, 0.56098, sm80_xmma_gemm_f32f32_tf32f32_f32_nn_n_tilesize32x32x64_stage3_warpsize2x1x2_tensor16x8x8, 0x31806e557c683,
[09/08/2026-09:04:55] [TRT] [V]  (foreignNode)    9, 0.0115712, 1.14177, 0.55474, sm80_xmma_gemm_f32f32_tf32f32_f32_nn_n_tilesize32x32x64_stage3_warpsize2x1x2_tensor16x8x8, 0x56e5cd4b1e999,
[09/08/2026-09:04:55] [TRT] [V]  (foreignNode)   47, 0.0115712, 1.14177, 0.71735, sm80_xmma_gemm_f32f32_tf32f32_f32_nn_n_tilesize64x32x64_stage4_warpsize2x1x2_tensor16x8x8, 0x4a785364cf633,
[09/08/2026-09:04:55] [TRT] [V]  (foreignNode)   13, 0.0117664, 1.16104, 0.59517, sm80_xmma_gemm_f32f32_tf32f32_f32_tn_n_tilesize32x32x64_stage3_warpsize2x1x2_tensor16x8x8, 0x2b826e27b0430,
[09/08/2026-09:04:55] [TRT] [V]  (foreignNode)   72, 0.0119776, 1.18188, 0.72786, sm86_xmma_gemm_f32f32_tf32f32_f32_tn_n_tilesize32x32x64_stage6_warpsize2x2x1_tensor16x8x8, 0x304308d622510,
[09/08/2026-09:04:55] [TRT] [V]  (foreignNode)   80, 0.0121856, 1.20240, 0.71996, sm86_xmma_gemm_f32f32_tf32f32_f32_tn_n_tilesize32x32x64_stage6_warpsize2x2x1_tensor16x8x8, 0x652a3d4f71b10,
[09/08/2026-09:04:55] [TRT] [V]  (foreignNode)   26, 0.0122048, 1.20429, 0.63028, sm86_xmma_gemm_f32f32_tf32f32_f32_tn_n_tilesize64x64x64_stage3_warpsize2x2x1_tensor16x8x8, 0x650de5b566787,
[09/08/2026-09:04:55] [TRT] [V]  (foreignNode)   31, 0.0123840, 1.22198, 0.62498, sm86_xmma_gemm_f32f32_tf32f32_f32_tn_n_tilesize64x64x64_stage3_warpsize2x2x1_tensor16x8x8, 0x6a578c1e81f84,
[09/08/2026-09:04:55] [TRT] [V]  (foreignNode)   63, 0.0123840, 1.22198, 0.69962, sm80_xmma_gemm_f32f32_tf32f32_f32_tn_n_tilesize64x64x64_stage4_warpsize2x2x1_tensor16x8x8, 0x3715c1a179d48,
[09/08/2026-09:04:55] [TRT] [V]  (foreignNode)   33, 0.0125952, 1.24282, 0.62621, sm86_xmma_gemm_f32f32_tf32f32_f32_nn_n_tilesize64x64x64_stage3_warpsize2x2x1_tensor16x8x8, 0x546622a97ce6a,
[09/08/2026-09:04:55] [TRT] [V]  (foreignNode)   71, 0.0125952, 1.24282, 0.69213, sm80_xmma_gemm_f32f32_tf32f32_f32_tn_n_tilesize64x64x64_stage4_warpsize2x2x1_tensor16x8x8, 0x3f590fa97a49c,
[09/08/2026-09:04:55] [TRT] [V]  (foreignNode)   35, 0.0125984, 1.24313, 0.62996, sm86_xmma_gemm_f32f32_tf32f32_f32_nn_n_tilesize64x64x64_stage3_warpsize2x2x1_tensor16x8x8, 0x3a29ad5e6f92a,
[09/08/2026-09:04:55] [TRT] [V]  (foreignNode)   88, 0.0130336, 1.28608, 0.67877, sm80_xmma_gemm_f32f32_tf32f32_f32_tn_n_tilesize64x32x64_stage4_warpsize2x1x2_tensor16x8x8, 0x51245ad63a290,
[09/08/2026-09:04:55] [TRT] [V]  (foreignNode)   93, 0.0132096, 1.30344, 0.67256, sm80_xmma_gemm_f32f32_tf32f32_f32_tn_n_tilesize64x32x64_stage4_warpsize2x1x2_tensor16x8x8, 0x5947a886fb6ef,
[09/08/2026-09:04:55] [TRT] [V]  (foreignNode)   89, 0.0132192, 1.30439, 0.66967, sm80_xmma_gemm_f32f32_tf32f32_f32_nn_n_tilesize64x64x64_stage4_warpsize2x1x2_tensor16x8x8, 0x3b4109015638a,
[09/08/2026-09:04:55] [TRT] [V]  (foreignNode)   87, 0.0134080, 1.32302, 0.65863, sm80_xmma_gemm_f32f32_tf32f32_f32_nn_n_tilesize64x64x64_stage4_warpsize2x1x2_tensor16x8x8, 0x6320ec617cc0c,
[09/08/2026-09:04:55] [TRT] [V]  (foreignNode)   23, 0.0134144, 1.32365, 0.53966, sm80_xmma_gemm_f32f32_tf32f32_f32_nn_n_tilesize32x32x64_stage3_warpsize2x1x2_tensor16x8x8, 0x50069414d8929,
[09/08/2026-09:04:55] [TRT] [V]  (foreignNode)   48, 0.0134144, 1.32365, 0.63002, sm80_xmma_gemm_f32f32_tf32f32_f32_tn_n_tilesize32x32x64_stage3_warpsize2x1x2_tensor16x8x8, 0x3954c87e6ea47,
[09/08/2026-09:04:55] [TRT] [V]  (foreignNode)   78, 0.0144416, 1.42501, 0.60596, sm80_xmma_gemm_f32f32_tf32f32_f32_nn_n_tilesize64x128x16_stage4_warpsize2x2x1_tensor16x8x8, 0x518da6ff6590d,
[09/08/2026-09:04:55] [TRT] [V]  (foreignNode)   12, 0.0146304, 1.44364, 0.47859, sm80_xmma_gemm_f32f32_tf32f32_f32_tn_n_tilesize32x32x64_stage3_warpsize2x1x2_tensor16x8x8, 0x49387e4fabbcb,
[09/08/2026-09:04:55] [TRT] [V]  (foreignNode)   19, 0.0146400, 1.44458, 0.49005, sm80_xmma_gemm_f32f32_tf32f32_f32_nn_n_tilesize64x128x16_stage4_warpsize2x2x1_tensor16x8x8, 0x511ce423a9d8c,
[09/08/2026-09:04:55] [TRT] [V]  (foreignNode)    0, 0.0146432, 1.44490, 0.40361, sm80_xmma_gemm_f32f32_tf32f32_f32_tn_n_tilesize32x32x64_stage3_warpsize2x1x2_tensor16x8x8, 0x55ca59c01c8e6,
[09/08/2026-09:04:55] [TRT] [V]  (foreignNode)   74, 0.0146432, 1.44490, 0.59612, sm80_xmma_gemm_f32f32_tf32f32_f32_tn_n_tilesize64x128x16_stage4_warpsize2x2x1_tensor16x8x8, 0x5399ef8e51232,
[09/08/2026-09:04:55] [TRT] [V]  (foreignNode)   11, 0.0148416, 1.46448, 0.45923, sm80_xmma_gemm_f32f32_tf32f32_f32_tn_n_tilesize32x32x64_stage3_warpsize2x1x2_tensor16x8x8, 0x4273f3a49ff02,
[09/08/2026-09:04:55] [TRT] [V]  (foreignNode)   18, 0.0148480, 1.46511, 0.48310, sm80_xmma_gemm_f32f32_tf32f32_f32_tn_n_tilesize64x128x16_stage4_warpsize2x2x1_tensor16x8x8, 0x340cd48ea340c,
[09/08/2026-09:04:55] [TRT] [V]  (foreignNode)   15, 0.0152576, 1.50553, 0.46130, sm80_xmma_gemm_f32f32_tf32f32_f32_nn_n_tilesize32x32x64_stage3_warpsize2x1x2_tensor16x8x8, 0x5c35e3523ca5d,
[09/08/2026-09:04:55] [TRT] [V]  (foreignNode)   41, 0.0156608, 1.54531, 0.52361, sm86_xmma_gemm_f32f32_tf32f32_f32_nn_n_tilesize32x32x64_stage6_warpsize2x2x1_tensor16x8x8, 0x66dc88611833d,
[09/08/2026-09:04:55] [TRT] [V]  (foreignNode)   39, 0.0156640, 1.54563, 0.52111, sm86_xmma_gemm_f32f32_tf32f32_f32_tn_n_tilesize64x128x32_stage4_warpsize2x2x1_tensor16x8x8, 0x5d24690f4b295,
[09/08/2026-09:04:55] [TRT] [V]  (foreignNode)   36, 0.0156704, 1.54626, 0.51007, sm86_xmma_gemm_f32f32_tf32f32_f32_tn_n_tilesize32x32x64_stage6_warpsize2x2x1_tensor16x8x8, 0x334d6aeb9ee39,
[09/08/2026-09:04:55] [TRT] [V]  (foreignNode)    2, 0.0158752, 1.56647, 0.38239, sm80_xmma_gemm_f32f32_tf32f32_f32_nn_n_tilesize32x32x64_stage3_warpsize2x1x2_tensor16x8x8, 0x60be6a68c09be,
[09/08/2026-09:04:55] [TRT] [V]  (foreignNode)   60, 0.0158752, 1.56647, 0.54365, sm80_xmma_gemm_f32f32_tf32f32_f32_tn_n_tilesize64x128x32_stage5_warpsize2x2x1_tensor16x8x8, 0x34cbf7978a0ab,
[09/08/2026-09:04:55] [TRT] [V]  (foreignNode)   22, 0.0160768, 1.58636, 0.45021, sm80_xmma_gemm_f32f32_tf32f32_f32_nn_n_tilesize32x32x64_stage3_warpsize2x1x2_tensor16x8x8, 0x5c2792944e3c4,
[09/08/2026-09:04:55] [TRT] [V]  (foreignNode)   67, 0.0160768, 1.58636, 0.54047, sm86_xmma_gemm_f32f32_tf32f32_f32_tn_n_tilesize64x64x64_stage3_warpsize2x2x1_tensor16x8x8, 0x3958d694e1568,
[09/08/2026-09:04:55] [TRT] [V]  (foreignNode)   62, 0.0162784, 1.60625, 0.53133, sm80_xmma_gemm_f32f32_f32f32_f32_nn_n_tilesize32x32x8_stage3_warpsize1x2x1_ffma_aligna4_alignc4, 0x50b133907f7ab,
[09/08/2026-09:04:55] [TRT] [V]  (foreignNode)   97, 0.0162976, 1.60815, 0.54768, sm86_xmma_gemm_f32f32_tf32f32_f32_nn_n_tilesize64x64x64_stage3_warpsize2x2x1_tensor16x8x8, 0x57ad3a5939f42,
[09/08/2026-09:04:55] [TRT] [V]  (foreignNode)   83, 0.0166912, 1.64698, 0.52711, sm80_xmma_gemm_f32f32_tf32f32_f32_nn_n_tilesize32x32x64_stage3_warpsize2x1x2_tensor16x8x8, 0x3c15be2f96c18,
[09/08/2026-09:04:55] [TRT] [V]  (foreignNode)   44, 0.0168928, 1.66688, 0.48555, sm86_xmma_gemm_f32f32_tf32f32_f32_tn_n_tilesize128x128x16_stage3_warpsize2x2x1_tensor16x8x8, 0x621141e7f7421,
[09/08/2026-09:04:55] [TRT] [V]  (foreignNode)   58, 0.0171008, 1.68740, 0.50425, sm86_xmma_gemm_f32f32_tf32f32_f32_nn_n_tilesize128x128x16_stage3_warpsize2x2x1_tensor16x8x8, 0x4a4cca60866fe,
[09/08/2026-09:04:55] [TRT] [V]  (foreignNode)   40, 0.0175072, 1.72750, 0.46830, sm80_xmma_gemm_f32f32_tf32f32_f32_tn_n_tilesize64x32x64_stage4_warpsize2x1x2_tensor16x8x8, 0x6115cd11889d1,
[09/08/2026-09:04:55] [TRT] [V]  (foreignNode)   46, 0.0177120, 1.74771, 0.46852, sm80_xmma_gemm_f32f32_tf32f32_f32_nn_n_tilesize64x32x64_stage4_warpsize2x1x2_tensor16x8x8, 0x505b265d2fd84,
[09/08/2026-09:04:55] [TRT] [V]  (foreignNode)   82, 0.0179200, 1.76823, 0.49049, sm80_xmma_gemm_f32f32_f32f32_f32_tn_n_tilesize32x32x8_stage3_warpsize1x2x1_ffma_aligna4_alignc4, 0x3895e4e299c32,
[09/08/2026-09:04:55] [TRT] [V]  (foreignNode)   85, 0.0183296, 1.80865, 0.48104, sm80_xmma_gemm_f32f32_f32f32_f32_nn_n_tilesize32x32x8_stage3_warpsize1x2x1_ffma_aligna4_alignc4, 0x55bfd27191e47,
[09/08/2026-09:04:55] [TRT] [V]  (foreignNode)   52, 0.0203872, 2.01168, 0.41939, sm80_xmma_gemm_f32f32_tf32f32_f32_nn_n_tilesize32x256x32_stage4_warpsize1x4x1_tensor16x8x8, 0x2d6b36f4a930b,
[09/08/2026-09:04:55] [TRT] [V]  (foreignNode)    5, 0.0209952, 2.07168, 0.29698, sm80_xmma_gemm_f32f32_tf32f32_f32_tn_n_tilesize32x32x64_stage3_warpsize2x1x2_tensor16x8x8, 0x58131294e7771,
[09/08/2026-09:04:55] [TRT] [V]  (foreignNode)    8, 0.0211936, 2.09125, 0.30280, sm80_xmma_gemm_f32f32_tf32f32_f32_nn_n_tilesize32x32x64_stage3_warpsize2x1x2_tensor16x8x8, 0x36c3d0dadc4fc,
[09/08/2026-09:04:55] [TRT] [V]  (foreignNode)   28, 0.0212000, 2.09189, 0.36474, sm80_xmma_gemm_f32f32_tf32f32_f32_tn_n_tilesize64x128x16_stage4_warpsize2x2x1_tensor16x8x8, 0x50c6277f14a9d,
[09/08/2026-09:04:55] [TRT] [V]  (foreignNode)   21, 0.0213984, 2.11146, 0.33677, sm80_xmma_gemm_f32f32_tf32f32_f32_tn_n_tilesize32x32x64_stage3_warpsize2x1x2_tensor16x8x8, 0x68ab9c9b89e00,
[09/08/2026-09:04:55] [TRT] [V]  (foreignNode)   32, 0.0214016, 2.11178, 0.36169, sm80_xmma_gemm_f32f32_tf32f32_f32_nn_n_tilesize64x128x16_stage4_warpsize2x2x1_tensor16x8x8, 0x5320244124d72,
[09/08/2026-09:04:55] [TRT] [V]  (foreignNode)   25, 0.0216000, 2.13135, 0.34525, sm80_xmma_gemm_f32f32_tf32f32_f32_nn_n_tilesize32x32x64_stage3_warpsize2x1x2_tensor16x8x8, 0x440468bd59eeb,
[09/08/2026-09:04:55] [TRT] [V]  (foreignNode)   56, 0.0216128, 2.13262, 0.39805, sm80_xmma_gemm_f32f32_f32f32_f32_nn_n_tilesize32x32x8_stage3_warpsize1x2x1_ffma_aligna4_alignc4, 0x34e06721671ab,
[09/08/2026-09:04:55] [TRT] [V]  (foreignNode)   79, 0.0218112, 2.15219, 0.40212, sm86_xmma_gemm_f32f32_tf32f32_f32_tn_n_tilesize32x32x64_stage6_warpsize2x2x1_tensor16x8x8, 0x55435e21c8bd9,
[09/08/2026-09:04:55] [TRT] [V]  (foreignNode)   66, 0.0218176, 2.15283, 0.39820, sm80_xmma_gemm_f32f32_f32f32_f32_nn_n_tilesize32x64x8_stage3_warpsize1x2x1_ffma_aligna4_alignc4, 0x457566fa3d624,
[09/08/2026-09:04:55] [TRT] [V]  (foreignNode)   91, 0.0224256, 2.21282, 0.39593, sm80_xmma_gemm_f32f32_f32f32_f32_nn_n_tilesize32x64x8_stage3_warpsize1x2x1_ffma_aligna4_alignc4, 0x477441cc379e7,
[09/08/2026-09:04:55] [TRT] [V]  (foreignNode)   76, 0.0232448, 2.29365, 0.37596, sm80_xmma_gemm_f32f32_f32f32_f32_tn_n_tilesize32x32x8_stage3_warpsize1x2x1_ffma_aligna4_alignc4, 0x662a0d08103e0,
[09/08/2026-09:04:55] [TRT] [V]  (foreignNode)   95, 0.0236544, 2.33407, 0.37651, sm80_xmma_gemm_f32f32_f32f32_f32_tn_n_tilesize32x64x8_stage3_warpsize1x2x1_ffma_aligna4_alignc4, 0x293eeea0d38fb,
[09/08/2026-09:04:55] [TRT] [V]  (foreignNode)   50, 0.0240640, 2.37449, 0.35333, sm86_xmma_gemm_f32f32_tf32f32_f32_tn_n_tilesize128x128x16_stage3_warpsize2x2x1_tensor16x8x8, 0x5a1906720f124,
[09/08/2026-09:04:55] [TRT] [V]  (foreignNode)   99, 0.0240640, 2.37449, 0.37131, sm86_xmma_gemm_f32f32_tf32f32_f32_nn_n_tilesize128x128x16_stage3_warpsize2x2x1_tensor16x8x8, 0x3373d4895d909,
[09/08/2026-09:04:55] [TRT] [V]  (foreignNode)   54, 0.0240704, 2.37512, 0.35576, sm80_xmma_gemm_f32f32_f32f32_f32_nn_n_tilesize32x32x8_stage3_warpsize1x2x1_ffma_aligna4_alignc4, 0x61334e6c5a975,
[09/08/2026-09:04:55] [TRT] [V]  (foreignNode)   29, 0.0248832, 2.45532, 0.31096, sm86_xmma_gemm_f32f32_tf32f32_f32_tn_n_tilesize64x64x64_stage3_warpsize2x2x1_tensor16x8x8, 0x3f23f8a152a5d,
[09/08/2026-09:04:55] [TRT] [V]  (foreignNode)   70, 0.0248832, 2.45532, 0.35023, sm80_xmma_gemm_f32f32_tf32f32_f32_tn_n_tilesize64x64x64_stage4_warpsize2x2x1_tensor16x8x8, 0x43848b6439669,
[09/08/2026-09:04:55] [TRT] [V]  (foreignNode)   69, 0.0248896, 2.45595, 0.34944, sm80_xmma_gemm_f32f32_f32f32_f32_tn_n_tilesize32x32x8_stage3_warpsize1x2x1_ffma_aligna4_alignc4, 0x4b8b0eb9949c9,
[09/08/2026-09:04:55] [TRT] [V]  (foreignNode)   61, 0.0250880, 2.47553, 0.34473, sm80_xmma_gemm_f32f32_f32f32_f32_nn_n_tilesize32x32x8_stage3_warpsize1x2x1_ffma_aligna4_alignc4, 0x600aa0de177f0,
[09/08/2026-09:04:55] [TRT] [V]  (foreignNode)   34, 0.0250912, 2.47584, 0.31622, sm86_xmma_gemm_f32f32_tf32f32_f32_nn_n_tilesize64x64x64_stage3_warpsize2x2x1_tensor16x8x8, 0x6322e945a5976,
[09/08/2026-09:04:55] [TRT] [V]  (foreignNode)   92, 0.0257056, 2.53647, 0.34554, sm80_xmma_gemm_f32f32_tf32f32_f32_tn_n_tilesize64x32x64_stage4_warpsize2x1x2_tensor16x8x8, 0x2cc2d52f5fcc6,
[09/08/2026-09:04:55] [TRT] [V]  (foreignNode)   55, 0.0267232, 2.63688, 0.32190, sm80_xmma_gemm_f32f32_f32f32_f32_nn_n_tilesize32x32x8_stage3_warpsize1x2x1_ffma_aligna4_alignc4, 0x2ab0757f34e1f,
[09/08/2026-09:04:55] [TRT] [V]  (foreignNode)   86, 0.0270336, 2.66751, 0.32656, sm80_xmma_gemm_f32f32_tf32f32_f32_nn_n_tilesize64x64x64_stage4_warpsize2x1x2_tensor16x8x8, 0x4d6ab547a5dfd,
[09/08/2026-09:04:55] [TRT] [V]  (foreignNode)   81, 0.0271328, 2.67730, 0.32392, sm80_xmma_gemm_f32f32_f32f32_f32_tn_n_tilesize32x32x8_stage3_warpsize1x2x1_ffma_aligna4_alignc4, 0x59b01aab2bd71,
[09/08/2026-09:04:55] [TRT] [V]  (foreignNode)   75, 0.0283648, 2.79886, 0.30808, sm80_xmma_gemm_f32f32_f32f32_f32_tn_n_tilesize32x32x8_stage3_warpsize1x2x1_ffma_aligna4_alignc4, 0x541b4d5762a3a,
[09/08/2026-09:04:55] [TRT] [V]  (foreignNode)   64, 0.0290752, 2.86896, 0.29878, sm80_xmma_gemm_f32f32_f32f32_f32_nn_n_tilesize32x64x8_stage3_warpsize1x2x1_ffma_aligna4_alignc4, 0x60f1628294e6b,
[09/08/2026-09:04:55] [TRT] [V]  (foreignNode)   73, 0.0290816, 2.86959, 0.30009, sm80_xmma_gemm_f32f32_tf32f32_f32_tn_n_tilesize64x128x16_stage4_warpsize2x2x1_tensor16x8x8, 0x33d975691278a,
[09/08/2026-09:04:55] [TRT] [V]  (foreignNode)   77, 0.0290816, 2.86959, 0.30084, sm80_xmma_gemm_f32f32_tf32f32_f32_nn_n_tilesize64x128x16_stage4_warpsize2x2x1_tensor16x8x8, 0x50633218a182f,
[09/08/2026-09:04:55] [TRT] [V]  (foreignNode)   94, 0.0310304, 3.06189, 0.28698, sm80_xmma_gemm_f32f32_f32f32_f32_tn_n_tilesize32x64x8_stage3_warpsize1x2x1_ffma_aligna4_alignc4, 0x4036f2db4de02,
[09/08/2026-09:04:55] [TRT] [V]  (foreignNode)   10, 0.0333824, 3.29397, 0.20412, sm80_xmma_gemm_f32f32_tf32f32_f32_tn_n_tilesize32x32x64_stage3_warpsize2x1x2_tensor16x8x8, 0x313eaa919b99e,
[09/08/2026-09:04:55] [TRT] [V]  (foreignNode)   14, 0.0345056, 3.40480, 0.20393, sm80_xmma_gemm_f32f32_tf32f32_f32_nn_n_tilesize32x32x64_stage3_warpsize2x1x2_tensor16x8x8, 0x40cf674f9f233,
[09/08/2026-09:04:55] [TRT] [V]  (foreignNode)   90, 0.0368704, 3.63814, 0.24080, sm80_xmma_gemm_f32f32_f32f32_f32_nn_n_tilesize32x64x8_stage3_warpsize1x2x1_ffma_aligna4_alignc4, 0x6477c7b6122cf,
[09/08/2026-09:04:55] [TRT] [V]  (foreignNode)   84, 0.0371808, 3.66877, 0.23713, sm80_xmma_gemm_f32f32_f32f32_f32_nn_n_tilesize32x32x8_stage3_warpsize1x2x1_ffma_aligna4_alignc4, 0x5ac33ddf1e839,
[09/08/2026-09:04:55] [TRT] [V]  (foreignNode)   65, 0.0408576, 4.03158, 0.21262, sm86_xmma_gemm_f32f32_tf32f32_f32_tn_n_tilesize64x64x64_stage3_warpsize2x2x1_tensor16x8x8, 0x2fb43c6166a71,
[09/08/2026-09:04:55] [TRT] [V]  (foreignNode)   96, 0.0412672, 4.07199, 0.21624, sm86_xmma_gemm_f32f32_tf32f32_f32_nn_n_tilesize64x64x64_stage3_warpsize2x2x1_tensor16x8x8, 0x2dbfb7f462b29,
[09/08/2026-09:04:55] [TRT] [V]  (foreignNode)   17, 0.0433120, 4.27376, 0.16560, sm80_xmma_gemm_f32f32_tf32f32_f32_nn_n_tilesize64x128x16_stage4_warpsize2x2x1_tensor16x8x8, 0x6129d9f7edf6b,
[09/08/2026-09:04:55] [TRT] [V]  (foreignNode)   16, 0.0434176, 4.28418, 0.16517, sm80_xmma_gemm_f32f32_tf32f32_f32_tn_n_tilesize64x128x16_stage4_warpsize2x2x1_tensor16x8x8, 0x5e2d18c0d8a5b,
[09/08/2026-09:04:55] [TRT] [V]  (foreignNode)   38, 0.0441344, 4.35491, 0.18490, sm86_xmma_gemm_f32f32_tf32f32_f32_tn_n_tilesize64x128x32_stage4_warpsize2x2x1_tensor16x8x8, 0x31b0cab2d3db7,
[09/08/2026-09:04:55] [TRT] [V]  (foreignNode)   59, 0.0449568, 4.43606, 0.19192, sm80_xmma_gemm_f32f32_tf32f32_f32_tn_n_tilesize64x128x32_stage5_warpsize2x2x1_tensor16x8x8, 0x36aedbdd985a9,
[09/08/2026-09:04:55] [TRT] [V]  (foreignNode)   57, 0.0621536, 6.13293, 0.13871, sm86_xmma_gemm_f32f32_tf32f32_f32_nn_n_tilesize128x128x16_stage3_warpsize2x2x1_tensor16x8x8, 0x4cc75a31ded0e,
[09/08/2026-09:04:55] [TRT] [V]  (foreignNode)   20, 0.0623648, 6.15377, 0.11552, sm80_xmma_gemm_f32f32_tf32f32_f32_tn_n_tilesize32x32x64_stage3_warpsize2x1x2_tensor16x8x8, 0x2a355c1d19e67,
[09/08/2026-09:04:55] [TRT] [V]  (foreignNode)   42, 0.0625664, 6.17367, 0.13107, sm86_xmma_gemm_f32f32_tf32f32_f32_tn_n_tilesize128x128x16_stage3_warpsize2x2x1_tensor16x8x8, 0x3bfc7a67f80af,
[09/08/2026-09:04:55] [TRT] [V]  (foreignNode)   24, 0.0625792, 6.17493, 0.11913, sm80_xmma_gemm_f32f32_tf32f32_f32_nn_n_tilesize32x32x64_stage3_warpsize2x1x2_tensor16x8x8, 0x505bbf1ba6336,
[09/08/2026-09:04:55] [TRT] [V]  (foreignNode)   53, 0.0705504, 6.96148, 0.12137, sm80_xmma_gemm_f32f32_f32f32_f32_nn_n_tilesize32x32x8_stage3_warpsize1x2x1_ffma_aligna4_alignc4, 0x5def255456882,
[09/08/2026-09:04:55] [TRT] [V]  (foreignNode)   68, 0.0709600, 7.00189, 0.12256, sm80_xmma_gemm_f32f32_f32f32_f32_tn_n_tilesize32x32x8_stage3_warpsize1x2x1_ffma_aligna4_alignc4, 0x35a037dfe6431,
[09/08/2026-09:04:55] [TRT] [V]  (foreignNode)   51, 0.0762880, 7.52763, 0.11203, sm80_xmma_gemm_f32f32_tf32f32_f32_nn_n_tilesize32x256x32_stage4_warpsize1x4x1_tensor16x8x8, 0x590b17c5811d7,
[09/08/2026-09:04:55] [TRT] [V]  (foreignNode)   27, 0.0784416, 7.74013, 0.09855, sm80_xmma_gemm_f32f32_tf32f32_f32_tn_n_tilesize64x128x16_stage4_warpsize2x2x1_tensor16x8x8, 0x43a65c84f33df,
[09/08/2026-09:04:55] [TRT] [V]  (foreignNode)   30, 0.0785408, 7.74992, 0.09852, sm80_xmma_gemm_f32f32_tf32f32_f32_nn_n_tilesize64x128x16_stage4_warpsize2x2x1_tensor16x8x8, 0x3babff34466f9,
[09/08/2026-09:04:55] [TRT] [V]  (foreignNode)   98, 0.1198080, 11.82191, 0.07456, sm86_xmma_gemm_f32f32_tf32f32_f32_nn_n_tilesize128x128x16_stage3_warpsize2x2x1_tensor16x8x8, 0x67c204fd959ea,
[09/08/2026-09:04:55] [TRT] [V]  (foreignNode)   49, 0.1199360, 11.83454, 0.07087, sm86_xmma_gemm_f32f32_tf32f32_f32_tn_n_tilesize128x128x16_stage3_warpsize2x2x1_tensor16x8x8, 0x60c08ef4fbd35,
[09/08/2026-09:04:55] [TRT] [V]  (foreignNode) Autotuning op node_linear_1_2: [ONNX Layer: node_linear_1]
[09/08/2026-09:04:55] [TRT] [V]  (foreignNode) Sorted table of all evaluated tactics:
[09/08/2026-09:04:55] [TRT] [V]  (foreignNode) tactic_id, cost(in ms), cost/fastest_cost, prediction_correlation, kernel_name, tactic_hash, tunable_parameter
[09/08/2026-09:04:55] [TRT] [V]  (foreignNode)   14, 0.0082912, 1.00000, 0.79536, sm80_xmma_gemm_f32f32_tf32f32_f32_tn_n_tilesize32x32x64_stage3_warpsize2x2x1_tensor16x8x8_aligna4_alignc4, 0x52a68fac6f316,
[09/08/2026-09:04:55] [TRT] [V]  (foreignNode)   17, 0.0082976, 1.00077, 0.82187, sm80_xmma_gemm_f32f32_tf32f32_f32_nn_n_tilesize32x32x64_stage3_warpsize2x2x1_tensor16x8x8_aligna4_alignc4, 0x45780d7633278,
[09/08/2026-09:04:55] [TRT] [V]  (foreignNode)   18, 0.0084960, 1.02470, 0.80860, sm80_xmma_gemm_f32f32_tf32f32_f32_tn_n_tilesize32x32x64_stage3_warpsize2x2x1_tensor16x8x8_aligna4_alignc4, 0x5caf2e16e9e6d,
[09/08/2026-09:04:55] [TRT] [V]  (foreignNode)   25, 0.0084960, 1.02470, 0.86818, sm80_xmma_gemm_f32f32_tf32f32_f32_nn_n_tilesize32x32x64_stage3_warpsize2x2x1_tensor16x8x8_aligna4_alignc4, 0x4ac96971a09ed,
[09/08/2026-09:04:55] [TRT] [V]  (foreignNode)   22, 0.0084992, 1.02509, 0.83960, sm80_xmma_gemm_f32f32_tf32f32_f32_tn_n_tilesize32x32x64_stage3_warpsize2x2x1_tensor16x8x8_aligna4_alignc4, 0x4a01bcf5a5e6a,
[09/08/2026-09:04:55] [TRT] [V]  (foreignNode)   20, 0.0087104, 1.05056, 0.81542, sm80_xmma_gemm_f32f32_tf32f32_f32_nn_n_tilesize32x32x64_stage3_warpsize2x2x1_tensor16x8x8_aligna4_alignc4, 0x4536f3c1fe89e,
[09/08/2026-09:04:55] [TRT] [V]  (foreignNode)    1, 0.0089024, 1.07372, 0.55284, sm80_xmma_gemm_f32f32_f32f32_f32_nn_n_tilesize32x32x8_stage3_warpsize1x2x1_ffma_aligna4_alignc4, 0x6d8650440f9fc,
[09/08/2026-09:04:55] [TRT] [V]  (foreignNode)   39, 0.0093152, 1.12350, 0.97934, sm80_xmma_gemm_f32f32_tf32f32_f32_tn_n_tilesize64x32x64_stage5_warpsize2x2x1_tensor16x8x8_aligna4_alignc4, 0x5ebd1bd25ec0d,
[09/08/2026-09:04:55] [TRT] [V]  (foreignNode)   43, 0.0093184, 1.12389, 0.99947, sm80_xmma_gemm_f32f32_tf32f32_f32_nn_n_tilesize64x32x64_stage5_warpsize2x2x1_tensor16x8x8_aligna4_alignc4, 0x65feca0fb2307,
[09/08/2026-09:04:55] [TRT] [V]  (foreignNode)    0, 0.0093216, 1.12428, 0.52505, sm80_xmma_gemm_f32f32_f32f32_f32_tn_n_tilesize32x32x8_stage3_warpsize1x2x1_ffma_aligna4_alignc4, 0x53e0b736e7fdb,
[09/08/2026-09:04:55] [TRT] [V]  (foreignNode)    3, 0.0093280, 1.12505, 0.54397, sm80_xmma_gemm_f32f32_f32f32_f32_nn_n_tilesize32x32x8_stage3_warpsize1x2x1_ffma_aligna4_alignc4, 0x32735936b4af1,
[09/08/2026-09:04:55] [TRT] [V]  (foreignNode)    2, 0.0095200, 1.14821, 0.53066, sm80_xmma_gemm_f32f32_f32f32_f32_tn_n_tilesize32x32x8_stage3_warpsize1x2x1_ffma_aligna4_alignc4, 0x67f6cd3af2931,
[09/08/2026-09:04:55] [TRT] [V]  (foreignNode)   36, 0.0095232, 1.14859, 0.91068, sm80_xmma_gemm_f32f32_tf32f32_f32_tn_n_tilesize32x64x64_stage4_warpsize2x2x1_tensor16x8x8_aligna4_alignc4, 0x3dcaab6c61350,
[09/08/2026-09:04:55] [TRT] [V]  (foreignNode)   40, 0.0095232, 1.14859, 0.96287, sm80_xmma_gemm_f32f32_tf32f32_f32_nn_n_tilesize32x64x64_stage4_warpsize2x2x1_tensor16x8x8_aligna4_alignc4, 0x3b03774c7824d,
[09/08/2026-09:04:55] [TRT] [V]  (foreignNode)   32, 0.0099360, 1.19838, 0.82836, sm80_xmma_gemm_f32f32_tf32f32_f32_tn_n_tilesize32x32x64_stage3_warpsize2x2x1_tensor16x8x8_aligna4_alignc4, 0x2f3acf82f1b05,
[09/08/2026-09:04:55] [TRT] [V]  (foreignNode)   44, 0.0101376, 1.22269, 0.92192, sm80_xmma_gemm_f32f32_tf32f32_f32_tn_n_tilesize64x32x64_stage5_warpsize2x2x1_tensor16x8x8_aligna4_alignc4, 0x6654d97a8e262,
[09/08/2026-09:04:55] [TRT] [V]  (foreignNode)   34, 0.0101408, 1.22308, 0.83824, sm80_xmma_gemm_f32f32_tf32f32_f32_nn_n_tilesize32x32x64_stage3_warpsize2x2x1_tensor16x8x8_aligna4_alignc4, 0x5f4815e9ed28e,
[09/08/2026-09:04:55] [TRT] [V]  (foreignNode)   46, 0.0103392, 1.24701, 0.91734, sm80_xmma_gemm_f32f32_tf32f32_f32_tn_n_tilesize32x64x64_stage4_warpsize2x2x1_tensor16x8x8_aligna4_alignc4, 0x342bcbcf43544,
[09/08/2026-09:04:55] [TRT] [V]  (foreignNode)   47, 0.0103424, 1.24739, 0.92231, sm80_xmma_gemm_f32f32_tf32f32_f32_nn_n_tilesize64x32x64_stage5_warpsize2x2x1_tensor16x8x8_aligna4_alignc4, 0x494eb4c142719,
[09/08/2026-09:04:55] [TRT] [V]  (foreignNode)    4, 0.0103456, 1.24778, 0.55265, sm80_xmma_gemm_f32f32_f32f32_f32_nn_n_tilesize32x32x8_stage3_warpsize1x2x1_ffma_aligna4_alignc4, 0x659891649d8d8,
[09/08/2026-09:04:55] [TRT] [V]  (foreignNode)   15, 0.0105472, 1.27210, 0.62837, sm80_xmma_gemm_f32f32_f32f32_f32_tn_n_tilesize64x64x8_stage3_warpsize1x4x1_ffma_aligna4_alignc4, 0x432566f52b870,
[09/08/2026-09:04:55] [TRT] [V]  (foreignNode)   49, 0.0105472, 1.27210, 0.94839, sm80_xmma_gemm_f32f32_tf32f32_f32_nn_n_tilesize32x64x64_stage4_warpsize2x2x1_tensor16x8x8_aligna4_alignc4, 0x60aeb3c689fac,
[09/08/2026-09:04:55] [TRT] [V]  (foreignNode)   50, 0.0105536, 1.27287, 0.95592, sm80_xmma_gemm_f32f32_tf32f32_f32_tn_n_tilesize32x64x64_stage4_warpsize2x2x1_tensor16x8x8_aligna4_alignc4, 0x4a1d7a85bbd47,
[09/08/2026-09:04:55] [TRT] [V]  (foreignNode)   53, 0.0105568, 1.27325, 0.96042, sm80_xmma_gemm_f32f32_tf32f32_f32_tn_n_tilesize64x64x64_stage4_warpsize2x2x1_tensor16x8x8_aligna4_alignc4, 0x56c30e5468447,
[09/08/2026-09:04:55] [TRT] [V]  (foreignNode)   13, 0.0107488, 1.29641, 0.60842, sm80_xmma_gemm_f32f32_f32f32_f32_nn_n_tilesize64x64x8_stage3_warpsize1x4x1_ffma_aligna4_alignc4, 0x5c5f59a7452c1,
[09/08/2026-09:04:55] [TRT] [V]  (foreignNode)   54, 0.0107488, 1.29641, 0.94492, sm80_xmma_gemm_f32f32_tf32f32_f32_tn_n_tilesize64x32x64_stage5_warpsize2x2x1_tensor16x8x8_aligna4_alignc4, 0x52602fda34293,
[09/08/2026-09:04:55] [TRT] [V]  (foreignNode)   62, 0.0107488, 1.29641, 0.98813, sm80_xmma_gemm_f32f32_tf32f32_f32_nn_n_tilesize32x64x64_stage4_warpsize2x2x1_tensor16x8x8_aligna4_alignc4, 0x5b3593f2790f8,
[09/08/2026-09:04:55] [TRT] [V]  (foreignNode)   57, 0.0109472, 1.32034, 0.94609, sm80_xmma_gemm_f32f32_tf32f32_f32_nn_n_tilesize64x32x64_stage5_warpsize2x2x1_tensor16x8x8_aligna4_alignc4, 0x62a1dc1117c3b,
[09/08/2026-09:04:55] [TRT] [V]  (foreignNode)   68, 0.0109536, 1.32111, 1.02439, sm80_xmma_gemm_f32f32_tf32f32_f32_nn_n_tilesize64x64x64_stage4_warpsize2x2x1_tensor16x8x8_aligna4_alignc4, 0x3481ff247648b,
[09/08/2026-09:04:55] [TRT] [V]  (foreignNode)    5, 0.0109568, 1.32150, 0.52190, sm80_xmma_gemm_f32f32_f32f32_f32_tn_n_tilesize32x32x8_stage3_warpsize1x2x1_ffma_aligna4_alignc4, 0x3299804590860,
[09/08/2026-09:04:55] [TRT] [V]  (foreignNode)   37, 0.0109568, 1.32150, 0.81260, sm80_xmma_gemm_f32f32_tf32f32_f32_tn_n_tilesize32x32x64_stage3_warpsize2x2x1_tensor16x8x8_aligna4_alignc4, 0x42cd613e5ca06,
[09/08/2026-09:04:55] [TRT] [V]  (foreignNode)   21, 0.0111584, 1.34581, 0.63893, sm80_xmma_gemm_f32f32_f32f32_f32_tn_n_tilesize64x64x8_stage3_warpsize1x4x1_ffma_aligna4_alignc4, 0x6b866be409fe3,
[09/08/2026-09:04:55] [TRT] [V]  (foreignNode)   19, 0.0111616, 1.34620, 0.62977, sm80_xmma_gemm_f32f32_f32f32_f32_nn_n_tilesize64x64x8_stage3_warpsize1x4x1_ffma_aligna4_alignc4, 0x3c6cbb87a3c11,
[09/08/2026-09:04:55] [TRT] [V]  (foreignNode)   41, 0.0115488, 1.39290, 0.79586, sm80_xmma_gemm_f32f32_tf32f32_f32_nn_n_tilesize32x32x64_stage3_warpsize2x2x1_tensor16x8x8_aligna4_alignc4, 0x54bb229ee8962,
[09/08/2026-09:04:55] [TRT] [V]  (foreignNode)   28, 0.0115680, 1.39521, 0.66254, sm80_xmma_gemm_f32f32_f32f32_f32_nn_n_tilesize128x32x8_stage3_warpsize2x2x1_ffma_aligna4_alignc4, 0x30fe0c9195ffc,
[09/08/2026-09:04:55] [TRT] [V]  (foreignNode)   72, 0.0115712, 1.39560, 1.00251, sm80_xmma_gemm_f32f32_tf32f32_f32_tn_n_tilesize128x64x16_stage6_warpsize2x2x1_tensor16x8x8_aligna4_alignc4, 0x64f2e5c5d940f,
[09/08/2026-09:04:55] [TRT] [V]  (foreignNode)   61, 0.0117632, 1.41876, 0.90029, sm80_xmma_gemm_f32f32_tf32f32_f32_tn_n_tilesize64x64x64_stage4_warpsize2x2x1_tensor16x8x8_aligna4_alignc4, 0x33684ba0784d0,
[09/08/2026-09:04:55] [TRT] [V]  (foreignNode)    8, 0.0117760, 1.42030, 0.53056, sm80_xmma_gemm_f32f32_f32f32_f32_tn_n_tilesize64x32x8_stage3_warpsize1x2x1_ffma_aligna4_alignc4, 0x38d559c11c530,
[09/08/2026-09:04:55] [TRT] [V]  (foreignNode)   71, 0.0117760, 1.42030, 0.98304, sm80_xmma_gemm_f32f32_tf32f32_f32_nn_n_tilesize128x64x16_stage6_warpsize2x2x1_tensor16x8x8_aligna4_alignc4, 0x2de7e2f56cf38,
[09/08/2026-09:04:55] [TRT] [V]  (foreignNode)   10, 0.0117792, 1.42069, 0.54323, sm80_xmma_gemm_f32f32_f32f32_f32_nn_n_tilesize64x32x8_stage3_warpsize1x2x1_ffma_aligna4_alignc4, 0x52cfa56c66fe3,
[09/08/2026-09:04:55] [TRT] [V]  (foreignNode)   75, 0.0119776, 1.44462, 0.98875, sm80_xmma_gemm_f32f32_tf32f32_f32_tn_n_tilesize128x64x32_stage5_warpsize2x2x1_tensor16x8x8_aligna4_alignc4, 0x3c73ed54e156d,
[09/08/2026-09:04:55] [TRT] [V]  (foreignNode)   81, 0.0119776, 1.44462, 1.02913, sm80_xmma_gemm_f32f32_tf32f32_f32_tn_n_tilesize128x64x16_stage6_warpsize2x2x1_tensor16x8x8_aligna4_alignc4, 0x64959ada68128,
[09/08/2026-09:04:55] [TRT] [V]  (foreignNode)    6, 0.0119808, 1.44500, 0.50716, sm80_xmma_gemm_f32f32_f32f32_f32_nn_n_tilesize32x64x8_stage3_warpsize1x2x1_ffma_aligna4_alignc4, 0x4b5da5f9735be,
[09/08/2026-09:04:55] [TRT] [V]  (foreignNode)   31, 0.0119808, 1.44500, 0.66423, sm80_xmma_gemm_f32f32_f32f32_f32_tn_n_tilesize128x32x8_stage3_warpsize2x2x1_ffma_aligna4_alignc4, 0x48daa8d92ef38,
[09/08/2026-09:04:55] [TRT] [V]  (foreignNode)   73, 0.0121824, 1.46932, 0.96131, sm80_xmma_gemm_f32f32_tf32f32_f32_nn_n_tilesize64x64x64_stage4_warpsize2x2x1_tensor16x8x8_aligna4_alignc4, 0x4c826aa077841,
[09/08/2026-09:04:55] [TRT] [V]  (foreignNode)   77, 0.0121824, 1.46932, 0.98526, sm80_xmma_gemm_f32f32_tf32f32_f32_tn_n_tilesize128x64x64_stage3_warpsize2x2x1_tensor16x8x8_aligna4_alignc4, 0x432d0b8d4d8fa,
[09/08/2026-09:04:55] [TRT] [V]  (foreignNode)   70, 0.0121920, 1.47047, 0.93810, sm80_xmma_gemm_f32f32_tf32f32_f32_tn_n_tilesize64x64x64_stage4_warpsize2x2x1_tensor16x8x8_aligna4_alignc4, 0x2c216db6d3e71,
[09/08/2026-09:04:55] [TRT] [V]  (foreignNode)   33, 0.0123744, 1.49247, 0.66655, sm80_xmma_gemm_f32f32_f32f32_f32_nn_n_tilesize128x32x8_stage3_warpsize2x2x1_ffma_aligna4_alignc4, 0x4e5d102f61daf,
[09/08/2026-09:04:55] [TRT] [V]  (foreignNode)   79, 0.0123872, 1.49402, 0.99126, sm80_xmma_gemm_f32f32_tf32f32_f32_nn_n_tilesize128x64x16_stage6_warpsize2x2x1_tensor16x8x8_aligna4_alignc4, 0x57bd74ad0587c,
[09/08/2026-09:04:55] [TRT] [V]  (foreignNode)   12, 0.0123904, 1.49440, 0.52652, sm80_xmma_gemm_f32f32_f32f32_f32_tn_n_tilesize64x32x8_stage3_warpsize1x2x1_ffma_aligna4_alignc4, 0x4e3d702a5a159,
[09/08/2026-09:04:55] [TRT] [V]  (foreignNode)   16, 0.0123936, 1.49479, 0.53856, sm80_xmma_gemm_f32f32_f32f32_f32_nn_n_tilesize64x32x8_stage3_warpsize1x2x1_ffma_aligna4_alignc4, 0x56f33295cb360,
[09/08/2026-09:04:55] [TRT] [V]  (foreignNode)    9, 0.0124032, 1.49595, 0.51148, sm80_xmma_gemm_f32f32_f32f32_f32_nn_n_tilesize32x64x8_stage3_warpsize1x2x1_ffma_aligna4_alignc4, 0x44c45935bc7b5,
[09/08/2026-09:04:55] [TRT] [V]  (foreignNode)   35, 0.0125952, 1.51910, 0.68002, sm80_xmma_gemm_f32f32_f32f32_f32_tn_n_tilesize128x32x8_stage3_warpsize2x2x1_ffma_aligna4_alignc4, 0x5a8a86e184bbf,
[09/08/2026-09:04:55] [TRT] [V]  (foreignNode)   80, 0.0125952, 1.51910, 0.97626, sm80_xmma_gemm_f32f32_tf32f32_f32_nn_n_tilesize128x64x32_stage5_warpsize2x2x1_tensor16x8x8_aligna4_alignc4, 0x63fbde31b8230,
[09/08/2026-09:04:55] [TRT] [V]  (foreignNode)   86, 0.0125952, 1.51910, 0.99205, sm80_xmma_gemm_f32f32_tf32f32_f32_tn_n_tilesize128x64x32_stage5_warpsize2x2x1_tensor16x8x8_aligna4_alignc4, 0x341f85ae7444b,
[09/08/2026-09:04:55] [TRT] [V]  (foreignNode)    7, 0.0128000, 1.54381, 0.47959, sm80_xmma_gemm_f32f32_f32f32_f32_tn_n_tilesize32x64x8_stage3_warpsize1x2x1_ffma_aligna4_alignc4, 0x67684ecabefdf,
[09/08/2026-09:04:55] [TRT] [V]  (foreignNode)   51, 0.0128000, 1.54381, 0.79093, sm80_xmma_gemm_f32f32_tf32f32_f32_tn_n_tilesize64x128x16_stage4_warpsize2x2x1_tensor16x8x8_aligna4_alignc4, 0x621a0b86e45c5,
[09/08/2026-09:04:55] [TRT] [V]  (foreignNode)   96, 0.0128000, 1.54381, 1.02411, sm80_xmma_gemm_f32f32_tf32f32_f32_nn_n_tilesize128x64x64_stage3_warpsize2x2x1_tensor16x8x8_aligna4_alignc4, 0x454fd8e312b1c,
[09/08/2026-09:04:55] [TRT] [V]  (foreignNode)   90, 0.0128064, 1.54458, 0.98622, sm80_xmma_gemm_f32f32_tf32f32_f32_nn_n_tilesize64x64x64_stage4_warpsize2x2x1_tensor16x8x8_aligna4_alignc4, 0x3a7eb30a74588,
[09/08/2026-09:04:55] [TRT] [V]  (foreignNode)   63, 0.0129952, 1.56735, 0.82379, sm80_xmma_gemm_f32f32_tf32f32_f32_tn_n_tilesize64x128x16_stage4_warpsize2x2x1_tensor16x8x8_aligna4_alignc4, 0x307e649047afe,
[09/08/2026-09:04:55] [TRT] [V]  (foreignNode)   89, 0.0130016, 1.56812, 0.96922, sm80_xmma_gemm_f32f32_tf32f32_f32_tn_n_tilesize32x64x64_stage4_warpsize2x2x1_tensor16x8x8_aligna4_alignc4, 0x4aa0fda122c34,
[09/08/2026-09:04:55] [TRT] [V]  (foreignNode)   91, 0.0130016, 1.56812, 0.97314, sm80_xmma_gemm_f32f32_tf32f32_f32_tn_n_tilesize64x32x64_stage5_warpsize2x2x1_tensor16x8x8_aligna4_alignc4, 0x36f27c794c467,
[09/08/2026-09:04:55] [TRT] [V]  (foreignNode)   11, 0.0131968, 1.59166, 0.48652, sm80_xmma_gemm_f32f32_f32f32_f32_tn_n_tilesize32x64x8_stage3_warpsize1x2x1_ffma_aligna4_alignc4, 0x3579cd3e36d3e,
[09/08/2026-09:04:55] [TRT] [V]  (foreignNode)   38, 0.0132096, 1.59321, 0.69029, sm80_xmma_gemm_f32f32_f32f32_f32_nn_n_tilesize64x64x8_stage3_warpsize1x4x1_ffma_aligna4_alignc4, 0x386ec2c5075ad,
[09/08/2026-09:04:55] [TRT] [V]  (foreignNode)   42, 0.0132128, 1.59359, 0.70205, sm80_xmma_gemm_f32f32_f32f32_f32_tn_n_tilesize64x64x8_stage3_warpsize1x4x1_ffma_aligna4_alignc4, 0x3fc0c9e83dd6c,
[09/08/2026-09:04:55] [TRT] [V]  (foreignNode)   55, 0.0132128, 1.59359, 0.77235, sm80_xmma_gemm_f32f32_tf32f32_f32_nn_n_tilesize64x128x16_stage4_warpsize2x2x1_tensor16x8x8_aligna4_alignc4, 0x5807b5b3447a2,
[09/08/2026-09:04:55] [TRT] [V]  (foreignNode)   95, 0.0132128, 1.59359, 0.98130, sm80_xmma_gemm_f32f32_tf32f32_f32_nn_n_tilesize128x64x32_stage5_warpsize2x2x1_tensor16x8x8_aligna4_alignc4, 0x517cb9b90327b,
[09/08/2026-09:04:55] [TRT] [V]  (foreignNode)   83, 0.0134208, 1.61868, 0.92548, sm80_xmma_gemm_f32f32_tf32f32_f32_tn_n_tilesize128x64x64_stage3_warpsize2x2x1_tensor16x8x8_aligna4_alignc4, 0x5957f8fa5a5be,
[09/08/2026-09:04:55] [TRT] [V]  (foreignNode)   65, 0.0136128, 1.64184, 0.79058, sm80_xmma_gemm_f32f32_tf32f32_f32_nn_n_tilesize64x128x16_stage4_warpsize2x2x1_tensor16x8x8_aligna4_alignc4, 0x30270a4dccec8,
[09/08/2026-09:04:55] [TRT] [V]  (foreignNode)   94, 0.0136192, 1.64261, 0.94507, sm80_xmma_gemm_f32f32_tf32f32_f32_nn_n_tilesize64x32x64_stage5_warpsize2x2x1_tensor16x8x8_aligna4_alignc4, 0x5ecfd53d83a64,
[09/08/2026-09:04:55] [TRT] [V]  (foreignNode)   97, 0.0136192, 1.64261, 0.96807, sm80_xmma_gemm_f32f32_tf32f32_f32_nn_n_tilesize32x64x64_stage4_warpsize2x2x1_tensor16x8x8_aligna4_alignc4, 0x2ab25b4e85c03,
[09/08/2026-09:04:55] [TRT] [V]  (foreignNode)   74, 0.0138208, 1.66692, 0.84737, sm80_xmma_gemm_f32f32_tf32f32_f32_tn_n_tilesize64x128x32_stage5_warpsize2x2x1_tensor16x8x8_aligna4_alignc4, 0x617d1125e4ab3,
[09/08/2026-09:04:55] [TRT] [V]  (foreignNode)   26, 0.0140256, 1.69162, 0.53296, sm80_xmma_gemm_f32f32_f32f32_f32_nn_n_tilesize32x64x8_stage3_warpsize1x2x1_ffma_aligna4_alignc4, 0x543494ca28fa3,
[09/08/2026-09:04:55] [TRT] [V]  (foreignNode)   82, 0.0140288, 1.69201, 0.88021, sm80_xmma_gemm_f32f32_tf32f32_f32_tn_n_tilesize64x128x32_stage5_warpsize2x2x1_tensor16x8x8_aligna4_alignc4, 0x301cbec0d3a52,
[09/08/2026-09:04:55] [TRT] [V]  (foreignNode)   85, 0.0140448, 1.69394, 0.88715, sm80_xmma_gemm_f32f32_tf32f32_f32_tn_n_tilesize64x128x16_stage4_warpsize2x2x1_tensor16x8x8_aligna4_alignc4, 0x48e103b1cf144,
[09/08/2026-09:04:55] [TRT] [V]  (foreignNode)   92, 0.0144384, 1.74141, 0.87938, sm80_xmma_gemm_f32f32_tf32f32_f32_nn_n_tilesize64x128x32_stage5_warpsize2x2x1_tensor16x8x8_aligna4_alignc4, 0x3901812a20a04,
[09/08/2026-09:04:55] [TRT] [V]  (foreignNode)   23, 0.0146432, 1.76611, 0.49391, sm80_xmma_gemm_f32f32_f32f32_f32_nn_n_tilesize32x32x8_stage3_warpsize1x2x1_ffma_aligna4_alignc4, 0x3d517a2c35f70,
[09/08/2026-09:04:55] [TRT] [V]  (foreignNode)   98, 0.0148448, 1.79043, 0.90222, sm80_xmma_gemm_f32f32_tf32f32_f32_nn_n_tilesize64x128x32_stage5_warpsize2x2x1_tensor16x8x8_aligna4_alignc4, 0x5a9e62e6f5445,
[09/08/2026-09:04:55] [TRT] [V]  (foreignNode)   84, 0.0148480, 1.79081, 0.83746, sm80_xmma_gemm_f32f32_tf32f32_f32_nn_n_tilesize64x128x16_stage4_warpsize2x2x1_tensor16x8x8_aligna4_alignc4, 0x553bc4e8ffbff,
[09/08/2026-09:04:55] [TRT] [V]  (foreignNode)   64, 0.0150496, 1.81513, 0.71420, sm80_xmma_gemm_f32f32_f32f32_f32_nn_n_tilesize128x32x8_stage3_warpsize2x2x1_ffma_aligna4_alignc4, 0x579b259467105,
[09/08/2026-09:04:55] [TRT] [V]  (foreignNode)   27, 0.0152576, 1.84022, 0.49916, sm80_xmma_gemm_f32f32_f32f32_f32_tn_n_tilesize32x64x8_stage3_warpsize1x2x1_ffma_aligna4_alignc4, 0x4aad23749013b,
[09/08/2026-09:04:55] [TRT] [V]  (foreignNode)   30, 0.0152608, 1.84060, 0.51368, sm80_xmma_gemm_f32f32_f32f32_f32_nn_n_tilesize64x32x8_stage3_warpsize1x2x1_ffma_aligna4_alignc4, 0x654a65061bd7f,
[09/08/2026-09:04:55] [TRT] [V]  (foreignNode)   87, 0.0154592, 1.86453, 0.81198, sm80_xmma_gemm_f32f32_f32f32_f32_tn_n_tilesize128x64x8_stage3_warpsize2x2x1_ffma_aligna4_alignc4, 0x50b40ca668238,
[09/08/2026-09:04:55] [TRT] [V]  (foreignNode)   88, 0.0154624, 1.86492, 0.81380, sm80_xmma_gemm_f32f32_f32f32_f32_nn_n_tilesize128x64x8_stage3_warpsize2x2x1_ffma_aligna4_alignc4, 0x4ad2cadd45255,
[09/08/2026-09:04:55] [TRT] [V]  (foreignNode)   29, 0.0156640, 1.88923, 0.49105, sm80_xmma_gemm_f32f32_f32f32_f32_tn_n_tilesize64x32x8_stage3_warpsize1x2x1_ffma_aligna4_alignc4, 0x2bcbc43a12613,
[09/08/2026-09:04:55] [TRT] [V]  (foreignNode)   24, 0.0156672, 1.88962, 0.46585, sm80_xmma_gemm_f32f32_f32f32_f32_tn_n_tilesize32x32x8_stage3_warpsize1x2x1_ffma_aligna4_alignc4, 0x5820e1ef3d672,
[09/08/2026-09:04:55] [TRT] [V]  (foreignNode)   67, 0.0158784, 1.91509, 0.70312, sm80_xmma_gemm_f32f32_f32f32_f32_tn_n_tilesize128x32x8_stage3_warpsize2x2x1_ffma_aligna4_alignc4, 0x5dd1e8dc3f9d8,
[09/08/2026-09:04:55] [TRT] [V]  (foreignNode)   78, 0.0160736, 1.93863, 0.75952, sm80_xmma_gemm_f32f32_f32f32_f32_nn_n_tilesize64x128x8_stage3_warpsize1x4x1_ffma_aligna4_alignc4, 0x3a21df75373db,
[09/08/2026-09:04:55] [TRT] [V]  (foreignNode)   93, 0.0166880, 2.01274, 0.76767, sm80_xmma_gemm_f32f32_f32f32_f32_tn_n_tilesize64x128x8_stage3_warpsize1x4x1_ffma_aligna4_alignc4, 0x49a49a69bf1e3,
[09/08/2026-09:04:55] [TRT] [V]  (foreignNode)   99, 0.0168928, 2.03744, 0.79692, sm80_xmma_gemm_f32f32_f32f32_f32_nn_n_tilesize64x128x8_stage3_warpsize1x4x1_ffma_aligna4_alignc4, 0x461ccfa549611,
[09/08/2026-09:04:55] [TRT] [V]  (foreignNode)   69, 0.0170912, 2.06137, 0.65717, sm80_xmma_gemm_f32f32_f32f32_f32_nn_n_tilesize32x128x8_stage3_warpsize1x2x1_ffma_aligna4_alignc4, 0x339c784f0defa,
[09/08/2026-09:04:55] [TRT] [V]  (foreignNode)   56, 0.0170976, 2.06214, 0.59812, sm80_xmma_gemm_f32f32_f32f32_f32_tn_n_tilesize32x128x8_stage3_warpsize1x2x1_ffma_aligna4_alignc4, 0x37753802a0d0d,
[09/08/2026-09:04:55] [TRT] [V]  (foreignNode)   76, 0.0177024, 2.13508, 0.67507, sm80_xmma_gemm_f32f32_f32f32_f32_nn_n_tilesize32x128x8_stage3_warpsize1x2x1_ffma_aligna4_alignc4, 0x5ceec0dccb95e,
[09/08/2026-09:04:55] [TRT] [V]  (foreignNode)   66, 0.0179200, 2.16133, 0.61068, sm80_xmma_gemm_f32f32_f32f32_f32_tn_n_tilesize32x128x8_stage3_warpsize1x2x1_ffma_aligna4_alignc4, 0x42c197d08c321,
[09/08/2026-09:04:55] [TRT] [V]  (foreignNode)   52, 0.0201664, 2.43227, 0.50250, sm80_xmma_gemm_f32f32_f32f32_f32_nn_n_tilesize32x64x8_stage3_warpsize1x2x1_ffma_aligna4_alignc4, 0x65e98159bcbae,
[09/08/2026-09:04:55] [TRT] [V]  (foreignNode)   45, 0.0213984, 2.58086, 0.44140, sm80_xmma_gemm_f32f32_f32f32_f32_nn_n_tilesize32x32x8_stage3_warpsize1x2x1_ffma_aligna4_alignc4, 0x333c06a4827c2,
[09/08/2026-09:04:55] [TRT] [V]  (foreignNode)   59, 0.0224288, 2.70513, 0.46609, sm80_xmma_gemm_f32f32_f32f32_f32_tn_n_tilesize32x64x8_stage3_warpsize1x2x1_ffma_aligna4_alignc4, 0x36bf3b8b0c682,
[09/08/2026-09:04:55] [TRT] [V]  (foreignNode)   48, 0.0236448, 2.85179, 0.40724, sm80_xmma_gemm_f32f32_f32f32_f32_tn_n_tilesize32x32x8_stage3_warpsize1x2x1_ffma_aligna4_alignc4, 0x433c4ca9cf9d9,
[09/08/2026-09:04:55] [TRT] [V]  (foreignNode)   60, 0.0238592, 2.87765, 0.44268, sm80_xmma_gemm_f32f32_f32f32_f32_nn_n_tilesize64x32x8_stage3_warpsize1x2x1_ffma_aligna4_alignc4, 0x2bca8d514bbf3,
[09/08/2026-09:04:55] [TRT] [V]  (foreignNode)   58, 0.0242656, 2.92667, 0.43018, sm80_xmma_gemm_f32f32_f32f32_f32_tn_n_tilesize64x32x8_stage3_warpsize1x2x1_ffma_aligna4_alignc4, 0x2a249c642dc7e,
[09/08/2026-09:04:55] [TRT] [V] Subgraph compilation completed in 4.865 seconds.
[09/08/2026-09:04:55] [TRT] [V] Tactic: 0x0000000000000000 Time: 0
[09/08/2026-09:04:55] [TRT] [V] {ForeignNode[node_conv2d...ONNXTRT_castHelper_9]} (Myelin[0x80000023]) profiling completed in 4.87329 seconds. Fastest Tactic: 0x0000000000000000 Time: 0
[09/08/2026-09:04:55] [TRT] [V] >>>>>>>>>>>>>>> Chose Runner Type: Myelin Tactic: 0x0000000000000000
[09/08/2026-09:04:55] [TRT] [V] =============== Computing reformatting costs for available format set
[09/08/2026-09:04:55] [TRT] [V] =============== Computing reformatting costs for available format set
[09/08/2026-09:04:55] [TRT] [V] =============== Computing reformatting costs for available format set
[09/08/2026-09:04:55] [TRT] [V] Formats and tactics selection completed in 4.87393 seconds.
[09/08/2026-09:04:55] [TRT] [V] After reformat layers: 1 layers
[09/08/2026-09:04:55] [TRT] [V] Total number of blocks in pre-optimized block assignment: 1
[09/08/2026-09:04:55] [TRT] [I] Detected 1 inputs and 2 output network tensors.
[09/08/2026-09:04:55] [TRT] [V] Layer: {ForeignNode[node_conv2d...ONNXTRT_castHelper_9]} Host Persistent: 80 bytes Device Persistent: 0 bytes Scratch Memory: 591872 bytes
[09/08/2026-09:04:55] [TRT] [V] Skipped printing memory information for 0 layers with 0 memory size i.e. Host Persistent + Device Persistent + Scratch Memory == 0.
[09/08/2026-09:04:55] [TRT] [I] Total Host Persistent Memory: 80 bytes
[09/08/2026-09:04:55] [TRT] [I] Total Device Persistent Memory: 0 bytes
[09/08/2026-09:04:55] [TRT] [I] Max Scratch Memory: 591872 bytes
[09/08/2026-09:04:55] [TRT] [I] [BlockAssignment] Started assigning block shifts. This will take 1 steps to complete.
[09/08/2026-09:04:55] [TRT] [I] [BlockAssignment] Algorithm ShiftNTopDown took 0.005043ms to assign 1 blocks to 1 nodes requiring 591872 bytes.
[09/08/2026-09:04:55] [TRT] [V] Total number of blocks in optimized block assignment: 1
[09/08/2026-09:04:55] [TRT] [I] Total Activation Memory: 591872 bytes
[09/08/2026-09:04:55] [TRT] [V] Constructing optimization profile number 1 [2/2].
[09/08/2026-09:04:55] [TRT] [V] Applying generic optimizations to the graph for inference.
[09/08/2026-09:04:55] [TRT] [V] Reserving memory for host IO tensors. Host: 0 bytes
[09/08/2026-09:04:55] [TRT] [V] =============== Computing costs for {ForeignNode[node_conv2d...ONNXTRT_castHelper_9]} [profile 1]
[09/08/2026-09:04:55] [TRT] [V] ForeignNode {ForeignNode[node_conv2d...ONNXTRT_castHelper_9]} [profile 1] metadata: [ONNX Layer: node_conv2d][ONNX Layer: node_relu][ONNX Layer: node_max_pool2d][ONNX Layer: node_conv2d_1][ONNX Layer: node_relu_1][ONNX Layer: node_max_pool2d_1][ONNX Layer: node_view][ONNX Layer: node_linear][ONNX Layer: node_relu_2][ONNX Layer: node_linear_1][ONNX Layer: node_softmax][ONNX Layer: node_argmax]
[09/08/2026-09:04:55] [TRT] [V] *************** Autotuning format combination: Float(784,784,28,1) -> Float(10,1), Int64(1) ***************
[09/08/2026-09:04:55] [TRT] [V] --------------- Timing Runner: {ForeignNode[node_conv2d...ONNXTRT_castHelper_9]} [profile 1] (Myelin[0x80000023])
[09/08/2026-09:04:55] [TRT] [V]  (foreignNode) Set user's cuda kernel library
[09/08/2026-09:04:55] [TRT] [V]  (foreignNode) Using legacy CPU-only mode.
[09/08/2026-09:04:55] [TRT] [V] Subgraph compilation completed in 0.473 seconds.
[09/08/2026-09:04:55] [TRT] [V] Tactic: 0x0000000000000000 Time: 0
[09/08/2026-09:04:55] [TRT] [V] {ForeignNode[node_conv2d...ONNXTRT_castHelper_9]} [profile 1] (Myelin[0x80000023]) profiling completed in 0.480303 seconds. Fastest Tactic: 0x0000000000000000 Time: 0
[09/08/2026-09:04:55] [TRT] [V] >>>>>>>>>>>>>>> Chose Runner Type: Myelin Tactic: 0x0000000000000000
[09/08/2026-09:04:55] [TRT] [V] =============== Computing reformatting costs for available format set
[09/08/2026-09:04:55] [TRT] [V] =============== Computing reformatting costs for available format set
[09/08/2026-09:04:55] [TRT] [V] =============== Computing reformatting costs for available format set
[09/08/2026-09:04:55] [TRT] [V] Formats and tactics selection completed in 0.48092 seconds.
[09/08/2026-09:04:55] [TRT] [V] After reformat layers: 1 layers
[09/08/2026-09:04:55] [TRT] [V] Total number of blocks in pre-optimized block assignment: 1
[09/08/2026-09:04:55] [TRT] [I] Detected 1 inputs and 2 output network tensors.
[09/08/2026-09:04:55] [TRT] [V] Layer: {ForeignNode[node_conv2d...ONNXTRT_castHelper_9]} [profile 1] Host Persistent: 80 bytes Device Persistent: 0 bytes Scratch Memory: 591872 bytes
[09/08/2026-09:04:55] [TRT] [V] Skipped printing memory information for 0 layers with 0 memory size i.e. Host Persistent + Device Persistent + Scratch Memory == 0.
[09/08/2026-09:04:55] [TRT] [I] Total Host Persistent Memory: 80 bytes
[09/08/2026-09:04:55] [TRT] [I] Total Device Persistent Memory: 0 bytes
[09/08/2026-09:04:55] [TRT] [I] Max Scratch Memory: 591872 bytes
[09/08/2026-09:04:55] [TRT] [I] [BlockAssignment] Started assigning block shifts. This will take 1 steps to complete.
[09/08/2026-09:04:55] [TRT] [I] [BlockAssignment] Algorithm ShiftNTopDown took 0.004204ms to assign 1 blocks to 1 nodes requiring 591872 bytes.
[09/08/2026-09:04:55] [TRT] [V] Total number of blocks in optimized block assignment: 1
[09/08/2026-09:04:55] [TRT] [I] Total Activation Memory: 591872 bytes
[09/08/2026-09:04:55] [TRT] [I] Total Weights Memory: 13098880 bytes
[09/08/2026-09:04:55] [TRT] [V] Total number of generated kernels selected for the engine: 0
[09/08/2026-09:04:55] [TRT] [I] Compiler backend is used during engine execution.
[09/08/2026-09:04:55] [TRT] [V] Disabling unused tactic source: EDGE_MASK_CONVOLUTIONS
[09/08/2026-09:04:55] [TRT] [V] Disabling unused tactic source: JIT_CONVOLUTIONS
[09/08/2026-09:04:55] [TRT] [I] Engine generation completed in 5.38666 seconds.
[09/08/2026-09:04:55] [TRT] [V] Layers:
Name: __mye362_0_myl0_0, LayerType: shape_call, Inputs: [], Constants: [], Outputs: [], TacticName: , StreamId: 0, Metadata:
Name: __myl_Move_myl0_1, LayerType: kgen, Inputs: [ { Name: x, Dimensions: [-1,1,28,28], Strides: [784,784,28,1], StrideOrder: [3,2,1,0], Datatype: Float, Format: (Linear) Row major linear format }], Constants: [], Outputs: [ { Name: relu.1_10_myl0, Dimensions: [-1,1,28,28], Strides: [784,1,28,1], StrideOrder: [3,0,2,1], Datatype: Float, Format: (NHWC) Channel major format }], TacticName: __myl_Move_0x577797b3ba1207c8ffcccc0ec5f0ab96, StreamId: 0, Metadata:
Name: node_conv2d_myl0_2, LayerType: correlation, Inputs: [ { Name: relu.1_10_myl0, Dimensions: [-1,1,28,28], Strides: [784,1,28,1], StrideOrder: [3,0,2,1], Datatype: Float, Format: (NHWC) Channel major format }], Constants: [ { Name: __mye1098dconst_myl0, Dimensions: [32,1,5,5], Strides: [25,1,5,1], StrideOrder: [3,0,2,1], Datatype: Float, Format: (NHWC) Channel major format }, { Name: __mye1710_const_myl0, Dimensions: [1], Strides: [1], StrideOrder: [0], Datatype: Float, Format: (Linear) Row major linear format }, { Name: __mye1714_const_myl0, Dimensions: [1], Strides: [1], StrideOrder: [0], Datatype: Float, Format: (Linear) Row major linear format }, { Name: __mye1103dconst_myl0, Dimensions: [1,32,1,1], Strides: [32,1,32,32], StrideOrder: [3,0,2,1], Datatype: Float, Format: (NHWC) Channel major format }], Outputs: [ { Name: max_pool2d.1_11_myl0, Dimensions: [-1,32,28,28], Strides: [25088,1,896,32], StrideOrder: [3,0,2,1], Datatype: Float, Format: (NHWC) Channel major format }], TacticName: sm80_xmma_fprop_implicit_gemm_indexed_wo_smem_f32f32_tf32f32_f32_nhwckrsc_nhwc_tilesize128x16x32_stage1_warpsize4x1x1_g1_tensor16x8x8_aligna4_alignc8, StreamId: 0, Metadata: [ONNX Layer: node_conv2d][ONNX Layer: node_relu]
Name: node_max_pool2d_myl0_3, LayerType: maxpool, Inputs: [ { Name: max_pool2d.1_11_myl0, Dimensions: [-1,32,28,28], Strides: [25088,1,896,32], StrideOrder: [3,0,2,1], Datatype: Float, Format: (NHWC) Channel major format }], Constants: [], Outputs: [ { Name: relu_1.1_12_myl0, Dimensions: [-1,32,14,14], Strides: [6272,1,448,32], StrideOrder: [3,0,2,1], Datatype: Float, Format: (NHWC) Channel major format }], TacticName: sm50_xmma_pooling_max_nhwc_FP32FP32_WINDOWSIZE_0_PROPAGATE_NAN_2D, StreamId: 0, Metadata: [ONNX Layer: node_max_pool2d]
Name: node_conv2d_1_myl0_4, LayerType: correlation, Inputs: [ { Name: relu_1.1_12_myl0, Dimensions: [-1,32,14,14], Strides: [6272,1,448,32], StrideOrder: [3,0,2,1], Datatype: Float, Format: (NHWC) Channel major format }], Constants: [ { Name: __mye1108dconst_myl0, Dimensions: [64,32,5,5], Strides: [800,1,160,32], StrideOrder: [3,0,2,1], Datatype: Float, Format: (NHWC) Channel major format }, { Name: __mye1710_const_myl0, Dimensions: [1], Strides: [1], StrideOrder: [0], Datatype: Float, Format: (Linear) Row major linear format }, { Name: __mye1714_const_myl0, Dimensions: [1], Strides: [1], StrideOrder: [0], Datatype: Float, Format: (Linear) Row major linear format }, { Name: __mye1113dconst_myl0, Dimensions: [1,64,1,1], Strides: [64,1,64,64], StrideOrder: [3,0,2,1], Datatype: Float, Format: (NHWC) Channel major format }], Outputs: [ { Name: max_pool2d_1.1_13_myl0, Dimensions: [-1,64,14,14], Strides: [12544,1,896,64], StrideOrder: [3,0,2,1], Datatype: Float, Format: (NHWC) Channel major format }], TacticName: cutlass3x_sm100_tensorop_s128x128x8tf32implicit_gemm_fprop_f32_f32_f32_f32_f32_f32_128x128x32_dyn_cga_ndhwc_ndhwc_ndhwc_align4_2sm_relu_valpha_vbeta, StreamId: 0, Metadata: [ONNX Layer: node_conv2d_1][ONNX Layer: node_relu_1]
Name: node_max_pool2d_1_myl0_5, LayerType: maxpool, Inputs: [ { Name: max_pool2d_1.1_13_myl0, Dimensions: [-1,64,14,14], Strides: [12544,1,896,64], StrideOrder: [3,0,2,1], Datatype: Float, Format: (NHWC) Channel major format }], Constants: [], Outputs: [ { Name: __myln_k_arg__bb1_14_myl0, Dimensions: [-1,64,7,7], Strides: [3136,1,448,64], StrideOrder: [3,0,2,1], Datatype: Float, Format: (NHWC) Channel major format }], TacticName: sm50_xmma_pooling_max_nhwc_FP32FP32_WINDOWSIZE_0_PROPAGATE_NAN_2D, StreamId: 0, Metadata: [ONNX Layer: node_max_pool2d_1]
Name: __myl_Resh_myl0_6, LayerType: kgen, Inputs: [ { Name: __myln_k_arg__bb1_14_myl0, Dimensions: [-1,64,7,7], Strides: [3136,1,448,64], StrideOrder: [3,0,2,1], Datatype: Float, Format: (NHWC) Channel major format }], Constants: [], Outputs: [ { Name: relu_2.1_15_myl0, Dimensions: [-1,3136], Strides: [3136,1], StrideOrder: [1,0], Datatype: Float, Format: (Linear) Row major linear format }], TacticName: __myl_Resh_0x1834707268909cab3dd6827d211c8dc5, StreamId: 0, Metadata: [ONNX Layer: node_view]
Name: node_linear_myl0_7, LayerType: gemm, Inputs: [ { Name: relu_2.1_15_myl0, Dimensions: [-1,3136], Strides: [3136,1], StrideOrder: [1,0], Datatype: Float, Format: (Linear) Row major linear format }], Constants: [ { Name: gemm1.weight_constantFloat_myl0, Dimensions: [3136,1024], Strides: [1,3136], StrideOrder: [0,1], Datatype: Float, Format: (Transposed) Transposed format }, { Name: __mye919node_linear_alpha_myl0, Dimensions: [1], Strides: [1], StrideOrder: [0], Datatype: Float, Format: (Linear) Row major linear format }, { Name: __mye920node_linear_beta_myl0, Dimensions: [1], Strides: [1], StrideOrder: [0], Datatype: Float, Format: (Linear) Row major linear format }, { Name: gemm1.bias + ONNXTRT_Broadcast_constantFloat_myl0, Dimensions: [1,1024], Strides: [1024,1], StrideOrder: [1,0], Datatype: Float, Format: (Linear) Row major linear format }], Outputs: [ { Name: y.1_16_myl0, Dimensions: [-1,1024], Strides: [1024,1], StrideOrder: [1,0], Datatype: Float, Format: (Linear) Row major linear format }], TacticName: sm80_xmma_gemm_f32f32_tf32f32_f32_tn_n_tilesize32x32x64_stage3_warpsize2x1x2_tensor16x8x8, StreamId: 0, Metadata: [ONNX Layer: node_linear][ONNX Layer: node_relu_2]
Name: node_linear_1_2_myl0_8, LayerType: gemm, Inputs: [ { Name: y.1_16_myl0, Dimensions: [-1,1024], Strides: [1024,1], StrideOrder: [1,0], Datatype: Float, Format: (Linear) Row major linear format }], Constants: [ { Name: gemm2.weight_constantFloat_myl0, Dimensions: [1024,10], Strides: [1,1024], StrideOrder: [0,1], Datatype: Float, Format: (Transposed) Transposed format }, { Name: __mye933node_linear_1_2_alpha_myl0, Dimensions: [1], Strides: [1], StrideOrder: [0], Datatype: Float, Format: (Linear) Row major linear format }, { Name: __mye934node_linear_1_2_beta_myl0, Dimensions: [1], Strides: [1], StrideOrder: [0], Datatype: Float, Format: (Linear) Row major linear format }, { Name: gemm2.bias + ONNXTRT_Broadcast_4_constantFloat_myl0, Dimensions: [1,10], Strides: [10,1], StrideOrder: [1,0], Datatype: Float, Format: (Linear) Row major linear format }], Outputs: [ { Name: y, Dimensions: [-1,10], Strides: [10,1], StrideOrder: [1,0], Datatype: Float, Format: (Linear) Row major linear format }], TacticName: sm80_xmma_gemm_f32f32_tf32f32_f32_tn_n_tilesize32x32x64_stage3_warpsize2x2x1_tensor16x8x8_aligna4_alignc4, StreamId: 0, Metadata: [ONNX Layer: node_linear_1]
Name: __myl_MaxrSubExpSum_myl0_9, LayerType: kgen, Inputs: [ { Name: y, Dimensions: [-1,10], Strides: [10,1], StrideOrder: [1,0], Datatype: Float, Format: (Linear) Row major linear format }, { Name: y, Dimensions: [-1,10], Strides: [10,1], StrideOrder: [1,0], Datatype: Float, Format: (Linear) Row major linear format }], Constants: [], Outputs: [ { Name: __myln_k_arg__bb1_19_myl0, Dimensions: [-1,1], Strides: [1,1], StrideOrder: [1,0], Datatype: Float, Format: (Linear) Row major linear format }, { Name: __myln_k_arg__bb1_18_myl0, Dimensions: [-1,10], Strides: [10,1], StrideOrder: [1,0], Datatype: Float, Format: (Linear) Row major linear format }], TacticName: __myl_MaxrSubExpSum_0x9b491439b1ec4f930b7aee6b500a5b14, StreamId: 0, Metadata: [ONNX Layer: node_softmax]
Name: __myl_DivMulTopk_myl0_10, LayerType: kgen, Inputs: [ { Name: __myln_k_arg__bb1_19_myl0, Dimensions: [-1,1], Strides: [1,1], StrideOrder: [1,0], Datatype: Float, Format: (Linear) Row major linear format }, { Name: __myln_k_arg__bb1_18_myl0, Dimensions: [-1,10], Strides: [10,1], StrideOrder: [1,0], Datatype: Float, Format: (Linear) Row major linear format }], Constants: [], Outputs: [ { Name: node_argmax_output.1_myl0, Dimensions: [-1,1], Strides: [1,1], StrideOrder: [1,0], Datatype: Float, Format: (Linear) Row major linear format }, { Name: __myln_k_arg__bb1_21_myl0, Dimensions: [-1,1], Strides: [1,1], StrideOrder: [1,0], Datatype: Int32, Format: (Linear) Row major linear format }], TacticName: __myl_DivMulTopk_0xee468d6d5d0eef640a7efbe5612661da, StreamId: 0, Metadata: [ONNX Layer: node_softmax][ONNX Layer: node_argmax]
Name: __myl_CastReshCast_myl0_11, LayerType: kgen, Inputs: [ { Name: __myln_k_arg__bb1_21_myl0, Dimensions: [-1,1], Strides: [1,1], StrideOrder: [1,0], Datatype: Int32, Format: (Linear) Row major linear format }], Constants: [], Outputs: [ { Name: z, Dimensions: [-1], Strides: [1], StrideOrder: [0], Datatype: Int64, Format: (Linear) Row major linear format }], TacticName: __myl_CastReshCast_0x7e556c1fcf49ff5863fbd50ee9d770ed, StreamId: 0, Metadata:
Name: __mye362_0_myl1_0, LayerType: shape_call, Inputs: [], Constants: [], Outputs: [], TacticName: , StreamId: 0, Metadata:
Name: __myl_Move_myl1_1, LayerType: kgen, Inputs: [ { Name: x [profile 1], Dimensions: [-1,1,28,28], Strides: [784,784,28,1], StrideOrder: [3,2,1,0], Datatype: Float, Format: (Linear) Row major linear format }], Constants: [], Outputs: [ { Name: relu [profile 1].1_10_myl1, Dimensions: [-1,1,28,28], Strides: [784,1,28,1], StrideOrder: [3,0,2,1], Datatype: Float, Format: (NHWC) Channel major format }], TacticName: __myl_Move_0x577797b3ba1207c8ffcccc0ec5f0ab96, StreamId: 0, Metadata:
Name: node_conv2d [profile 1]_myl1_2, LayerType: correlation, Inputs: [ { Name: relu [profile 1].1_10_myl1, Dimensions: [-1,1,28,28], Strides: [784,1,28,1], StrideOrder: [3,0,2,1], Datatype: Float, Format: (NHWC) Channel major format }], Constants: [ { Name: __mye1077dconst_myl1, Dimensions: [32,1,5,5], Strides: [25,1,5,1], StrideOrder: [3,0,2,1], Datatype: Float, Format: (NHWC) Channel major format }, { Name: __mye1689_const_myl1, Dimensions: [1], Strides: [1], StrideOrder: [0], Datatype: Float, Format: (Linear) Row major linear format }, { Name: __mye1693_const_myl1, Dimensions: [1], Strides: [1], StrideOrder: [0], Datatype: Float, Format: (Linear) Row major linear format }, { Name: __mye1082dconst_myl1, Dimensions: [1,32,1,1], Strides: [32,1,32,32], StrideOrder: [3,0,2,1], Datatype: Float, Format: (NHWC) Channel major format }], Outputs: [ { Name: max_pool2d [profile 1].1_11_myl1, Dimensions: [-1,32,28,28], Strides: [25088,1,896,32], StrideOrder: [3,0,2,1], Datatype: Float, Format: (NHWC) Channel major format }], TacticName: sm80_xmma_fprop_implicit_gemm_indexed_wo_smem_f32f32_tf32f32_f32_nhwckrsc_nhwc_tilesize128x16x32_stage1_warpsize4x1x1_g1_tensor16x8x8_aligna4_alignc8, StreamId: 0, Metadata: [ONNX Layer: node_conv2d][ONNX Layer: node_relu]
Name: node_max_pool2d [profile 1]_myl1_3, LayerType: maxpool, Inputs: [ { Name: max_pool2d [profile 1].1_11_myl1, Dimensions: [-1,32,28,28], Strides: [25088,1,896,32], StrideOrder: [3,0,2,1], Datatype: Float, Format: (NHWC) Channel major format }], Constants: [], Outputs: [ { Name: relu_1 [profile 1].1_12_myl1, Dimensions: [-1,32,14,14], Strides: [6272,1,448,32], StrideOrder: [3,0,2,1], Datatype: Float, Format: (NHWC) Channel major format }], TacticName: sm50_xmma_pooling_max_nhwc_FP32FP32_WINDOWSIZE_0_PROPAGATE_NAN_2D, StreamId: 0, Metadata: [ONNX Layer: node_max_pool2d]
Name: node_conv2d_1 [profile 1]_myl1_4, LayerType: correlation, Inputs: [ { Name: relu_1 [profile 1].1_12_myl1, Dimensions: [-1,32,14,14], Strides: [6272,1,448,32], StrideOrder: [3,0,2,1], Datatype: Float, Format: (NHWC) Channel major format }], Constants: [ { Name: __mye1087dconst_myl1, Dimensions: [64,32,5,5], Strides: [800,1,160,32], StrideOrder: [3,0,2,1], Datatype: Float, Format: (NHWC) Channel major format }, { Name: __mye1689_const_myl1, Dimensions: [1], Strides: [1], StrideOrder: [0], Datatype: Float, Format: (Linear) Row major linear format }, { Name: __mye1693_const_myl1, Dimensions: [1], Strides: [1], StrideOrder: [0], Datatype: Float, Format: (Linear) Row major linear format }, { Name: __mye1092dconst_myl1, Dimensions: [1,64,1,1], Strides: [64,1,64,64], StrideOrder: [3,0,2,1], Datatype: Float, Format: (NHWC) Channel major format }], Outputs: [ { Name: max_pool2d_1 [profile 1].1_13_myl1, Dimensions: [-1,64,14,14], Strides: [12544,1,896,64], StrideOrder: [3,0,2,1], Datatype: Float, Format: (NHWC) Channel major format }], TacticName: cutlass3x_sm100_tensorop_s128x128x8tf32implicit_gemm_fprop_f32_f32_f32_f32_f32_f32_128x128x32_dyn_cga_ndhwc_ndhwc_ndhwc_align4_2sm_relu_valpha_vbeta, StreamId: 0, Metadata: [ONNX Layer: node_conv2d_1][ONNX Layer: node_relu_1]
Name: node_max_pool2d_1 [profile 1]_myl1_5, LayerType: maxpool, Inputs: [ { Name: max_pool2d_1 [profile 1].1_13_myl1, Dimensions: [-1,64,14,14], Strides: [12544,1,896,64], StrideOrder: [3,0,2,1], Datatype: Float, Format: (NHWC) Channel major format }], Constants: [], Outputs: [ { Name: __myln_k_arg__bb1_14_myl1, Dimensions: [-1,64,7,7], Strides: [3136,1,448,64], StrideOrder: [3,0,2,1], Datatype: Float, Format: (NHWC) Channel major format }], TacticName: sm50_xmma_pooling_max_nhwc_FP32FP32_WINDOWSIZE_0_PROPAGATE_NAN_2D, StreamId: 0, Metadata: [ONNX Layer: node_max_pool2d_1]
Name: __myl_Resh_myl1_6, LayerType: kgen, Inputs: [ { Name: __myln_k_arg__bb1_14_myl1, Dimensions: [-1,64,7,7], Strides: [3136,1,448,64], StrideOrder: [3,0,2,1], Datatype: Float, Format: (NHWC) Channel major format }], Constants: [], Outputs: [ { Name: relu_2 [profile 1].1_15_myl1, Dimensions: [-1,3136], Strides: [3136,1], StrideOrder: [1,0], Datatype: Float, Format: (Linear) Row major linear format }], TacticName: __myl_Resh_0x1834707268909cab3dd6827d211c8dc5, StreamId: 0, Metadata: [ONNX Layer: node_view]
Name: node_linear [profile 1]_myl1_7, LayerType: gemm, Inputs: [ { Name: relu_2 [profile 1].1_15_myl1, Dimensions: [-1,3136], Strides: [3136,1], StrideOrder: [1,0], Datatype: Float, Format: (Linear) Row major linear format }], Constants: [ { Name: gemm1.weight_constantFloat_myl1, Dimensions: [3136,1024], Strides: [1,3136], StrideOrder: [0,1], Datatype: Float, Format: (Transposed) Transposed format }, { Name: __mye919node_linear [profile 1]_alpha_myl1, Dimensions: [1], Strides: [1], StrideOrder: [0], Datatype: Float, Format: (Linear) Row major linear format }, { Name: __mye920node_linear [profile 1]_beta_myl1, Dimensions: [1], Strides: [1], StrideOrder: [0], Datatype: Float, Format: (Linear) Row major linear format }, { Name: gemm1.bias + ONNXTRT_Broadcast_constantFloat_myl1, Dimensions: [1,1024], Strides: [1024,1], StrideOrder: [1,0], Datatype: Float, Format: (Linear) Row major linear format }], Outputs: [ { Name: y [profile 1].1_16_myl1, Dimensions: [-1,1024], Strides: [1024,1], StrideOrder: [1,0], Datatype: Float, Format: (Linear) Row major linear format }], TacticName: sm80_xmma_gemm_f32f32_tf32f32_f32_tn_n_tilesize32x32x64_stage3_warpsize2x1x2_tensor16x8x8, StreamId: 0, Metadata: [ONNX Layer: node_linear][ONNX Layer: node_relu_2]
Name: node_linear_1_2 [profile 1]_myl1_8, LayerType: gemm, Inputs: [ { Name: y [profile 1].1_16_myl1, Dimensions: [-1,1024], Strides: [1024,1], StrideOrder: [1,0], Datatype: Float, Format: (Linear) Row major linear format }], Constants: [ { Name: gemm2.weight_constantFloat_myl1, Dimensions: [1024,10], Strides: [1,1024], StrideOrder: [0,1], Datatype: Float, Format: (Transposed) Transposed format }, { Name: __mye933node_linear_1_2 [profile 1]_alpha_myl1, Dimensions: [1], Strides: [1], StrideOrder: [0], Datatype: Float, Format: (Linear) Row major linear format }, { Name: __mye934node_linear_1_2 [profile 1]_beta_myl1, Dimensions: [1], Strides: [1], StrideOrder: [0], Datatype: Float, Format: (Linear) Row major linear format }, { Name: gemm2.bias + ONNXTRT_Broadcast_4_constantFloat_myl1, Dimensions: [1,10], Strides: [10,1], StrideOrder: [1,0], Datatype: Float, Format: (Linear) Row major linear format }], Outputs: [ { Name: y [profile 1], Dimensions: [-1,10], Strides: [10,1], StrideOrder: [1,0], Datatype: Float, Format: (Linear) Row major linear format }], TacticName: sm80_xmma_gemm_f32f32_tf32f32_f32_tn_n_tilesize32x32x64_stage3_warpsize2x2x1_tensor16x8x8_aligna4_alignc4, StreamId: 0, Metadata: [ONNX Layer: node_linear_1]
Name: __myl_MaxrSubExpSum_myl1_9, LayerType: kgen, Inputs: [ { Name: y [profile 1], Dimensions: [-1,10], Strides: [10,1], StrideOrder: [1,0], Datatype: Float, Format: (Linear) Row major linear format }, { Name: y [profile 1], Dimensions: [-1,10], Strides: [10,1], StrideOrder: [1,0], Datatype: Float, Format: (Linear) Row major linear format }], Constants: [], Outputs: [ { Name: __myln_k_arg__bb1_19_myl1, Dimensions: [-1,1], Strides: [1,1], StrideOrder: [1,0], Datatype: Float, Format: (Linear) Row major linear format }, { Name: __myln_k_arg__bb1_18_myl1, Dimensions: [-1,10], Strides: [10,1], StrideOrder: [1,0], Datatype: Float, Format: (Linear) Row major linear format }], TacticName: __myl_MaxrSubExpSum_0x9b491439b1ec4f930b7aee6b500a5b14, StreamId: 0, Metadata: [ONNX Layer: node_softmax]
Name: __myl_DivMulTopk_myl1_10, LayerType: kgen, Inputs: [ { Name: __myln_k_arg__bb1_19_myl1, Dimensions: [-1,1], Strides: [1,1], StrideOrder: [1,0], Datatype: Float, Format: (Linear) Row major linear format }, { Name: __myln_k_arg__bb1_18_myl1, Dimensions: [-1,10], Strides: [10,1], StrideOrder: [1,0], Datatype: Float, Format: (Linear) Row major linear format }], Constants: [], Outputs: [ { Name: node_argmax_output [profile 1].1_myl1, Dimensions: [-1,1], Strides: [1,1], StrideOrder: [1,0], Datatype: Float, Format: (Linear) Row major linear format }, { Name: __myln_k_arg__bb1_21_myl1, Dimensions: [-1,1], Strides: [1,1], StrideOrder: [1,0], Datatype: Int32, Format: (Linear) Row major linear format }], TacticName: __myl_DivMulTopk_0xee468d6d5d0eef640a7efbe5612661da, StreamId: 0, Metadata: [ONNX Layer: node_softmax][ONNX Layer: node_argmax]
Name: __myl_CastReshCast_myl1_11, LayerType: kgen, Inputs: [ { Name: __myln_k_arg__bb1_21_myl1, Dimensions: [-1,1], Strides: [1,1], StrideOrder: [1,0], Datatype: Int32, Format: (Linear) Row major linear format }], Constants: [], Outputs: [ { Name: z [profile 1], Dimensions: [-1], Strides: [1], StrideOrder: [0], Datatype: Int64, Format: (Linear) Row major linear format }], TacticName: __myl_CastReshCast_0x7e556c1fcf49ff5863fbd50ee9d770ed, StreamId: 0, Metadata:

I/O Tensors:
 Name: x, IOMode: Input, DataType: Float, Dimensions: [-1,1,28,28], Location: Device, IsShapeInferenceIO: false, ProfileInfo: [ { MinShape: [1,1,28,28], OptShape: [2,1,28,28], MaxShape: [4,1,28,28], Format: Row major linear FP32 format (kLINEAR) }, { MinShape: [1,1,28,28], OptShape: [2,1,28,28], MaxShape: [4,1,28,28], Format: Row major linear FP32 format (kLINEAR) }]
 Name: y, IOMode: Output, DataType: Float, Dimensions: [-1,10], Location: Device, IsShapeInferenceIO: false, ProfileInfo: [ { Format: Row major linear FP32 format (kLINEAR) }, { Format: Row major linear FP32 format (kLINEAR) }]
 Name: z, IOMode: Output, DataType: Int64, Dimensions: [-1], Location: Device, IsShapeInferenceIO: false, ProfileInfo: [ { Format: Row major linear INT64 format (kLINEAR) }, { Format: Row major linear INT64 format (kLINEAR) }]
[09/08/2026-09:04:55] [TRT] [I] [MemUsageStats] Peak memory usage of TRT CPU/GPU memory allocators: CPU 0 MiB, GPU 13 MiB
[09/08/2026-09:04:55] [TRT] [V] Adding 1 engine(s) to plan file.
[09/08/2026-09:04:55] [TRT] [V] Adding 1 engine weights(s) to plan file.
[09/08/2026-09:04:55] [TRT] [I] Loaded engine size: 12 MiB
[09/08/2026-09:04:55] [TRT] [V] Deserialization required 968 microseconds.
[09/08/2026-09:04:55] [TRT] [V] Total per-runner device persistent memory is 0
[09/08/2026-09:04:55] [TRT] [V] Total per-runner host persistent memory is 160
[09/08/2026-09:04:55] [TRT] [V] Allocated device scratch memory of size 591872
[09/08/2026-09:04:55] [TRT] [V] - Runner scratch: 591872 bytes
[09/08/2026-09:04:55] [TRT] [I] [MemUsageChange] TensorRT-managed allocation in IExecutionContext creation: CPU +0, GPU +1, now: CPU 0, GPU 13 (MiB)
[09/08/2026-09:04:55] [TRT] [V] CUDA lazy loading is enabled.
[09/08/2026-09:04:55] [TRT] [W] Using default stream in enqueueV3() may lead to performance issues due to additional calls to cudaStreamSynchronize() by TensorRT to ensure correct synchronization. Please use non-default stream instead.
Members of tensorrt.tensorrt.ProfilingVerbosity:
 0 -> LAYER_NAMES_ONLY
 2 -> DETAILED
 1 -> NONE
============================== Start [case_normal,(<ProfilingVerbosity.LAYER_NAMES_ONLY: 0>,),{}]
Input ->DataType.FLOAT, (-1, 1, 28, 28), (1, 1, 28, 28), x
Output->DataType.FLOAT, (-1, 10), (1, 10), y
Output->DataType.INT64, (-1,), (1,), z
x
[[[[  0.   1.   2.   3.   4.   5.   6.   7.   8.   9.  10.  11.  12.
     13.  14.  15.  16.  17.  18.  19.  20.  21.  22.  23.  24.  25.
     26.  27.]
   [ 28.  29.  30.  31.  32.  33.  34.  35.  36.  37.  38.  39.  40.
     41.  42.  43.  44.  45.  46.  47.  48.  49.  50.  51.  52.  53.
     54.  55.]
   [ 56.  57.  58.  59.  60.  61.  62.  63.  64.  65.  66.  67.  68.
     69.  70.  71.  72.  73.  74.  75.  76.  77.  78.  79.  80.  81.
     82.  83.]
   [ 84.  85.  86.  87.  88.  89.  90.  91.  92.  93.  94.  95.  96.
     97.  98.  99. 100. 101. 102. 103. 104. 105. 106. 107. 108. 109.
    110. 111.]
   [112. 113. 114. 115. 116. 117. 118. 119. 120. 121. 122. 123. 124.
    125. 126. 127. 128. 129. 130. 131. 132. 133. 134. 135. 136. 137.
    138. 139.]
   [140. 141. 142. 143. 144. 145. 146. 147. 148. 149. 150. 151. 152.
    153. 154. 155. 156. 157. 158. 159. 160. 161. 162. 163. 164. 165.
    166. 167.]
   [168. 169. 170. 171. 172. 173. 174. 175. 176. 177. 178. 179. 180.
    181. 182. 183. 184. 185. 186. 187. 188. 189. 190. 191. 192. 193.
    194. 195.]
   [196. 197. 198. 199. 200. 201. 202. 203. 204. 205. 206. 207. 208.
    209. 210. 211. 212. 213. 214. 215. 216. 217. 218. 219. 220. 221.
    222. 223.]
   [224. 225. 226. 227. 228. 229. 230. 231. 232. 233. 234. 235. 236.
    237. 238. 239. 240. 241. 242. 243. 244. 245. 246. 247. 248. 249.
    250. 251.]
   [252. 253. 254. 255. 256. 257. 258. 259. 260. 261. 262. 263. 264.
    265. 266. 267. 268. 269. 270. 271. 272. 273. 274. 275. 276. 277.
    278. 279.]
   [280. 281. 282. 283. 284. 285. 286. 287. 288. 289. 290. 291. 292.
    293. 294. 295. 296. 297. 298. 299. 300. 301. 302. 303. 304. 305.
    306. 307.]
   [308. 309. 310. 311. 312. 313. 314. 315. 316. 317. 318. 319. 320.
    321. 322. 323. 324. 325. 326. 327. 328. 329. 330. 331. 332. 333.
    334. 335.]
   [336. 337. 338. 339. 340. 341. 342. 343. 344. 345. 346. 347. 348.
    349. 350. 351. 352. 353. 354. 355. 356. 357. 358. 359. 360. 361.
    362. 363.]
   [364. 365. 366. 367. 368. 369. 370. 371. 372. 373. 374. 375. 376.
    377. 378. 379. 380. 381. 382. 383. 384. 385. 386. 387. 388. 389.
    390. 391.]
   [392. 393. 394. 395. 396. 397. 398. 399. 400. 401. 402. 403. 404.
    405. 406. 407. 408. 409. 410. 411. 412. 413. 414. 415. 416. 417.
    418. 419.]
   [420. 421. 422. 423. 424. 425. 426. 427. 428. 429. 430. 431. 432.
    433. 434. 435. 436. 437. 438. 439. 440. 441. 442. 443. 444. 445.
    446. 447.]
   [448. 449. 450. 451. 452. 453. 454. 455. 456. 457. 458. 459. 460.
    461. 462. 463. 464. 465. 466. 467. 468. 469. 470. 471. 472. 473.
    474. 475.]
   [476. 477. 478. 479. 480. 481. 482. 483. 484. 485. 486. 487. 488.
    489. 490. 491. 492. 493. 494. 495. 496. 497. 498. 499. 500. 501.
    502. 503.]
   [504. 505. 506. 507. 508. 509. 510. 511. 512. 513. 514. 515. 516.
    517. 518. 519. 520. 521. 522. 523. 524. 525. 526. 527. 528. 529.
    530. 531.]
   [532. 533. 534. 535. 536. 537. 538. 539. 540. 541. 542. 543. 544.
    545. 546. 547. 548. 549. 550. 551. 552. 553. 554. 555. 556. 557.
    558. 559.]
   [560. 561. 562. 563. 564. 565. 566. 567. 568. 569. 570. 571. 572.
    573. 574. 575. 576. 577. 578. 579. 580. 581. 582. 583. 584. 585.
    586. 587.]
   [588. 589. 590. 591. 592. 593. 594. 595. 596. 597. 598. 599. 600.
    601. 602. 603. 604. 605. 606. 607. 608. 609. 610. 611. 612. 613.
    614. 615.]
   [616. 617. 618. 619. 620. 621. 622. 623. 624. 625. 626. 627. 628.
    629. 630. 631. 632. 633. 634. 635. 636. 637. 638. 639. 640. 641.
    642. 643.]
   [644. 645. 646. 647. 648. 649. 650. 651. 652. 653. 654. 655. 656.
    657. 658. 659. 660. 661. 662. 663. 664. 665. 666. 667. 668. 669.
    670. 671.]
   [672. 673. 674. 675. 676. 677. 678. 679. 680. 681. 682. 683. 684.
    685. 686. 687. 688. 689. 690. 691. 692. 693. 694. 695. 696. 697.
    698. 699.]
   [700. 701. 702. 703. 704. 705. 706. 707. 708. 709. 710. 711. 712.
    713. 714. 715. 716. 717. 718. 719. 720. 721. 722. 723. 724. 725.
    726. 727.]
   [728. 729. 730. 731. 732. 733. 734. 735. 736. 737. 738. 739. 740.
    741. 742. 743. 744. 745. 746. 747. 748. 749. 750. 751. 752. 753.
    754. 755.]
   [756. 757. 758. 759. 760. 761. 762. 763. 764. 765. 766. 767. 768.
    769. 770. 771. 772. 773. 774. 775. 776. 777. 778. 779. 780. 781.
    782. 783.]]]]
y
[[-6.3556724  4.7427907 -1.9508718 14.140237  -4.72968    2.090025
  -8.2020035  4.801577   1.0997524 -4.409055 ]]
z
[3]
============================== End   [case_normal]
============================== Start [case_normal,(<ProfilingVerbosity.NONE: 1>,),{}]
Input ->DataType.FLOAT, (-1, 1, 28, 28), (1, 1, 28, 28), x
Output->DataType.FLOAT, (-1, 10), (1, 10), y
Output->DataType.INT64, (-1,), (1,), z
x
[[[[  0.   1.   2.   3.   4.   5.   6.   7.   8.   9.  10.  11.  12.
     13.  14.  15.  16.  17.  18.  19.  20.  21.  22.  23.  24.  25.
     26.  27.]
   [ 28.  29.  30.  31.  32.  33.  34.  35.  36.  37.  38.  39.  40.
     41.  42.  43.  44.  45.  46.  47.  48.  49.  50.  51.  52.  53.
     54.  55.]
   [ 56.  57.  58.  59.  60.  61.  62.  63.  64.  65.  66.  67.  68.
     69.  70.  71.  72.  73.  74.  75.  76.  77.  78.  79.  80.  81.
     82.  83.]
   [ 84.  85.  86.  87.  88.  89.  90.  91.  92.  93.  94.  95.  96.
     97.  98.  99. 100. 101. 102. 103. 104. 105. 106. 107. 108. 109.
    110. 111.]
   [112. 113. 114. 115. 116. 117. 118. 119. 120. 121. 122. 123. 124.
    125. 126. 127. 128. 129. 130. 131. 132. 133. 134. 135. 136. 137.
    138. 139.]
   [140. 141. 142. 143. 144. 145. 146. 147. 148. 149. 150. 151. 152.
    153. 154. 155. 156. 157. 158. 159. 160. 161. 162. 163. 164. 165.
    166. 167.]
   [168. 169. 170. 171. 172. 173. 174. 175. 176. 177. 178. 179. 180.
    181. 182. 183. 184. 185. 186. 187. 188. 189. 190. 191. 192. 193.
    194. 195.]
   [196. 197. 198. 199. 200. 201. 202. 203. 204. 205. 206. 207. 208.
    209. 210. 211. 212. 213. 214. 215. 216. 217. 218. 219. 220. 221.
    222. 223.]
   [224. 225. 226. 227. 228. 229. 230. 231. 232. 233. 234. 235. 236.
    237. 238. 239. 240. 241. 242. 243. 244. 245. 246. 247. 248. 249.
    250. 251.]
   [252. 253. 254. 255. 256. 257. 258. 259. 260. 261. 262. 263. 264.
    265. 266. 267. 268. 269. 270. 271. 272. 273. 274. 275. 276. 277.
    278. 279.]
   [280. 281. 282. 283. 284. 285. 286. 287. 288. 289. 290. 291. 292.
    293. 294. 295. 296. 297. 298. 299. 300. 301. 302. 303. 304. 305.
    306. 307.]
   [308. 309. 310. 311. 312. 313. 314. 315. 316. 317. 318. 319. 320.
    321. 322. 323. 324. 325. 326. 327. 328. 329. 330. 331. 332. 333.
    334. 335.]
   [336. 337. 338. 339. 340. 341. 342. 343. 344. 345. 346. 347. 348.
    349. 350. 351. 352. 353. 354. 355. 356. 357. 358. 359. 360. 361.
    362. 363.]
   [364. 365. 366. 367. 368. 369. 370. 371. 372. 373. 374. 375. 376.
    377. 378. 379. 380. 381. 382. 383. 384. 385. 386. 387. 388. 389.
    390. 391.]
   [392. 393. 394. 395. 396. 397. 398. 399. 400. 401. 402. 403. 404.
    405. 406. 407. 408. 409. 410. 411. 412. 413. 414. 415. 416. 417.
    418. 419.]
   [420. 421. 422. 423. 424. 425. 426. 427. 428. 429. 430. 431. 432.
    433. 434. 435. 436. 437. 438. 439. 440. 441. 442. 443. 444. 445.
    446. 447.]
   [448. 449. 450. 451. 452. 453. 454. 455. 456. 457. 458. 459. 460.
    461. 462. 463. 464. 465. 466. 467. 468. 469. 470. 471. 472. 473.
    474. 475.]
   [476. 477. 478. 479. 480. 481. 482. 483. 484. 485. 486. 487. 488.
    489. 490. 491. 492. 493. 494. 495. 496. 497. 498. 499. 500. 501.
    502. 503.]
   [504. 505. 506. 507. 508. 509. 510. 511. 512. 513. 514. 515. 516.
    517. 518. 519. 520. 521. 522. 523. 524. 525. 526. 527. 528. 529.
    530. 531.]
   [532. 533. 534. 535. 536. 537. 538. 539. 540. 541. 542. 543. 544.
    545. 546. 547. 548. 549. 550. 551. 552. 553. 554. 555. 556. 557.
    558. 559.]
   [560. 561. 562. 563. 564. 565. 566. 567. 568. 569. 570. 571. 572.
    573. 574. 575. 576. 577. 578. 579. 580. 581. 582. 583. 584. 585.
    586. 587.]
   [588. 589. 590. 591. 592. 593. 594. 595. 596. 597. 598. 599. 600.
    601. 602. 603. 604. 605. 606. 607. 608. 609. 610. 611. 612. 613.
    614. 615.]
   [616. 617. 618. 619. 620. 621. 622. 623. 624. 625. 626. 627. 628.
    629. 630. 631. 632. 633. 634. 635. 636. 637. 638. 639. 640. 641.
    642. 643.]
   [644. 645. 646. 647. 648. 649. 650. 651. 652. 653. 654. 655. 656.
    657. 658. 659. 660. 661. 662. 663. 664. 665. 666. 667. 668. 669.
    670. 671.]
   [672. 673. 674. 675. 676. 677. 678. 679. 680. 681. 682. 683. 684.
    685. 686. 687. 688. 689. 690. 691. 692. 693. 694. 695. 696. 697.
    698. 699.]
   [700. 701. 702. 703. 704. 705. 706. 707. 708. 709. 710. 711. 712.
    713. 714. 715. 716. 717. 718. 719. 720. 721. 722. 723. 724. 725.
    726. 727.]
   [728. 729. 730. 731. 732. 733. 734. 735. 736. 737. 738. 739. 740.
    741. 742. 743. 744. 745. 746. 747. 748. 749. 750. 751. 752. 753.
    754. 755.]
   [756. 757. 758. 759. 760. 761. 762. 763. 764. 765. 766. 767. 768.
    769. 770. 771. 772. 773. 774. 775. 776. 777. 778. 779. 780. 781.
    782. 783.]]]]
y
[[-6.3556724  4.7427907 -1.9508718 14.140237  -4.72968    2.090025
  -8.2020035  4.801577   1.0997524 -4.409055 ]]
z
[3]
============================== End   [case_normal]
============================== Start [case_normal,(<ProfilingVerbosity.DETAILED: 2>,),{}]
Input ->DataType.FLOAT, (-1, 1, 28, 28), (1, 1, 28, 28), x
Output->DataType.FLOAT, (-1, 10), (1, 10), y
Output->DataType.INT64, (-1,), (1,), z
x
[[[[  0.   1.   2.   3.   4.   5.   6.   7.   8.   9.  10.  11.  12.
     13.  14.  15.  16.  17.  18.  19.  20.  21.  22.  23.  24.  25.
     26.  27.]
   [ 28.  29.  30.  31.  32.  33.  34.  35.  36.  37.  38.  39.  40.
     41.  42.  43.  44.  45.  46.  47.  48.  49.  50.  51.  52.  53.
     54.  55.]
   [ 56.  57.  58.  59.  60.  61.  62.  63.  64.  65.  66.  67.  68.
     69.  70.  71.  72.  73.  74.  75.  76.  77.  78.  79.  80.  81.
     82.  83.]
   [ 84.  85.  86.  87.  88.  89.  90.  91.  92.  93.  94.  95.  96.
     97.  98.  99. 100. 101. 102. 103. 104. 105. 106. 107. 108. 109.
    110. 111.]
   [112. 113. 114. 115. 116. 117. 118. 119. 120. 121. 122. 123. 124.
    125. 126. 127. 128. 129. 130. 131. 132. 133. 134. 135. 136. 137.
    138. 139.]
   [140. 141. 142. 143. 144. 145. 146. 147. 148. 149. 150. 151. 152.
    153. 154. 155. 156. 157. 158. 159. 160. 161. 162. 163. 164. 165.
    166. 167.]
   [168. 169. 170. 171. 172. 173. 174. 175. 176. 177. 178. 179. 180.
    181. 182. 183. 184. 185. 186. 187. 188. 189. 190. 191. 192. 193.
    194. 195.]
   [196. 197. 198. 199. 200. 201. 202. 203. 204. 205. 206. 207. 208.
    209. 210. 211. 212. 213. 214. 215. 216. 217. 218. 219. 220. 221.
    222. 223.]
   [224. 225. 226. 227. 228. 229. 230. 231. 232. 233. 234. 235. 236.
    237. 238. 239. 240. 241. 242. 243. 244. 245. 246. 247. 248. 249.
    250. 251.]
   [252. 253. 254. 255. 256. 257. 258. 259. 260. 261. 262. 263. 264.
    265. 266. 267. 268. 269. 270. 271. 272. 273. 274. 275. 276. 277.
    278. 279.]
   [280. 281. 282. 283. 284. 285. 286. 287. 288. 289. 290. 291. 292.
    293. 294. 295. 296. 297. 298. 299. 300. 301. 302. 303. 304. 305.
    306. 307.]
   [308. 309. 310. 311. 312. 313. 314. 315. 316. 317. 318. 319. 320.
    321. 322. 323. 324. 325. 326. 327. 328. 329. 330. 331. 332. 333.
    334. 335.]
   [336. 337. 338. 339. 340. 341. 342. 343. 344. 345. 346. 347. 348.
    349. 350. 351. 352. 353. 354. 355. 356. 357. 358. 359. 360. 361.
    362. 363.]
   [364. 365. 366. 367. 368. 369. 370. 371. 372. 373. 374. 375. 376.
    377. 378. 379. 380. 381. 382. 383. 384. 385. 386. 387. 388. 389.
    390. 391.]
   [392. 393. 394. 395. 396. 397. 398. 399. 400. 401. 402. 403. 404.
    405. 406. 407. 408. 409. 410. 411. 412. 413. 414. 415. 416. 417.
    418. 419.]
   [420. 421. 422. 423. 424. 425. 426. 427. 428. 429. 430. 431. 432.
    433. 434. 435. 436. 437. 438. 439. 440. 441. 442. 443. 444. 445.
    446. 447.]
   [448. 449. 450. 451. 452. 453. 454. 455. 456. 457. 458. 459. 460.
    461. 462. 463. 464. 465. 466. 467. 468. 469. 470. 471. 472. 473.
    474. 475.]
   [476. 477. 478. 479. 480. 481. 482. 483. 484. 485. 486. 487. 488.
    489. 490. 491. 492. 493. 494. 495. 496. 497. 498. 499. 500. 501.
    502. 503.]
   [504. 505. 506. 507. 508. 509. 510. 511. 512. 513. 514. 515. 516.
    517. 518. 519. 520. 521. 522. 523. 524. 525. 526. 527. 528. 529.
    530. 531.]
   [532. 533. 534. 535. 536. 537. 538. 539. 540. 541. 542. 543. 544.
    545. 546. 547. 548. 549. 550. 551. 552. 553. 554. 555. 556. 557.
    558. 559.]
   [560. 561. 562. 563. 564. 565. 566. 567. 568. 569. 570. 571. 572.
    573. 574. 575. 576. 577. 578. 579. 580. 581. 582. 583. 584. 585.
    586. 587.]
   [588. 589. 590. 591. 592. 593. 594. 595. 596. 597. 598. 599. 600.
    601. 602. 603. 604. 605. 606. 607. 608. 609. 610. 611. 612. 613.
    614. 615.]
   [616. 617. 618. 619. 620. 621. 622. 623. 624. 625. 626. 627. 628.
    629. 630. 631. 632. 633. 634. 635. 636. 637. 638. 639. 640. 641.
    642. 643.]
   [644. 645. 646. 647. 648. 649. 650. 651. 652. 653. 654. 655. 656.
    657. 658. 659. 660. 661. 662. 663. 664. 665. 666. 667. 668. 669.
    670. 671.]
   [672. 673. 674. 675. 676. 677. 678. 679. 680. 681. 682. 683. 684.
    685. 686. 687. 688. 689. 690. 691. 692. 693. 694. 695. 696. 697.
    698. 699.]
   [700. 701. 702. 703. 704. 705. 706. 707. 708. 709. 710. 711. 712.
    713. 714. 715. 716. 717. 718. 719. 720. 721. 722. 723. 724. 725.
    726. 727.]
   [728. 729. 730. 731. 732. 733. 734. 735. 736. 737. 738. 739. 740.
    741. 742. 743. 744. 745. 746. 747. 748. 749. 750. 751. 752. 753.
    754. 755.]
   [756. 757. 758. 759. 760. 761. 762. 763. 764. 765. 766. 767. 768.
    769. 770. 771. 772. 773. 774. 775. 776. 777. 778. 779. 780. 781.
    782. 783.]]]]
y
[[-6.3556724  4.7427907 -1.9508718 14.140237  -4.72968    2.090025
  -8.2020035  4.801577   1.0997524 -4.409055 ]]
z
[3]
============================== End   [case_normal]
Finish
